id,section,difficulty,question_no,type,question,choice_A,choice_B,choice_C,choice_D,choice_E,choice_F,choice_G,choice_H,choice_I,answer,source_answer,validation_note,validation_source,source_file
S001Q01,1,easy,1,TC1,"It is a paradox of the Victorians that they were both _____ and, through their empire, cosmopolitan.",capricious,insular,mercenary,idealistic,intransigent,,,,,B,B,,,TCSE_1-50.pdf
S001Q02,1,easy,2,TC1,"My grandma has a strong belief in all things _____: she insists, for example, that the house in which she lived as a child was haunted.",clamorous,invidious,numinous,empirical,sonorous,,,,,C,C,,,TCSE_1-50.pdf
S001Q03,1,easy,3,TC2,The (i)_____ of molecular oxygen on Earth-sized planets around other stars in the universe would not be (ii)_____ sign of life: molecular oxygen can be a signature of photosynthesis (a biotic process) or merely of the rapid escape of water from the upper reaches of a planetary atmosphere (an abiotic process).,dearth,presumption,detection,a controversial,an unambiguous,a possible,,,,C|E,C|E,,,TCSE_1-50.pdf
S001Q04,1,easy,4,TC2,"Given the (i)_____ the committees and the (ii)_____ nature of its investigation, it would be unreasonable to gainsay the committee’s conclusions at first glance.",sterling reputation of,lack of finding of,ad hoc existence of,superficial,spontaneous,exhaustive,,,,A|F,A|F,,,TCSE_1-50.pdf
S001Q05,1,easy,5,TC3,"The skin of the poison dart frog contains deadly poisons called batrachotoxins. But the (i)_____ of the toxins has remained an enigma, as the frog does not (ii)_____ them. Now an analysis suggests that the melyrid beetle is the source. Collected beetle specimens all contained batrachotoxins, suggesting that these beetles are (iii)_____ by the frogs.",effect,origin,purpose,pressure,produce,suffer from,eaten,neutralized,poisoned,B|E|G,B|E|G,,,TCSE_1-50.pdf
S001Q06,1,easy,6,TC3,"Now that photographic prints have become a popular field for collecting, auctions are becoming more (i)_____. It is not just the entry of new collectors into the field that is causing this intensification. Established collectors’ interests are also becoming more (ii)_____. Those who once concentrated on the work of either the nineteenth-century pioneers or the twentieth-century modernists are now keen to have (iii)_____ collections.",competitive,tedious,exclusive,fickle,wide-ranging,antiquarian,comprehensive,legitimate,impressive,A|E|G,A|E|G,,,TCSE_1-50.pdf
S001Q07,1,easy,7,SE,"The beauty of the scientific approach is that even when individual researchers do _____ bias or partiality, others can correct them using a framework of evidence on which everyone broadly agrees.",overreact to,deviate from,succumb to,recoil from,yield to,shrink from,,,,C|E,C|E,,,TCSE_1-50.pdf
S001Q08,1,easy,8,SE,The reconstruct known work is beautiful and also probably _____: it is the only Hebrew verse written by a woman.,singular,unique,archaic,counterfeit,valuable,fake,,,,A|B,A|B,,,TCSE_1-50.pdf
S001Q09,1,easy,9,SE,"In a book that inclines to _____, an epilogue arguing that ballet is dead arrives simply as one more overstatement.",pessimism,misinterpretation,imprecision,vagueness,exaggeration,hyperbole,,,,E|F,E|F,,,TCSE_1-50.pdf
S001Q10,1,easy,10,SE,"The political upheaval caught most people by surprise: despite the _____ warnings of some commentators, it had never seemed that imminent.",stern,prescient,prophetic,indifferent,repeated,apathetic,,,,B|C,B|C,,,TCSE_1-50.pdf
S002Q01,2,easy,1,TC1,"Among the Meakambut people of Papua New Guinea, legends are associated with specific caves in the Sepik region, and these legends are _____: only the cave owner can share its secrets.",impenetrable,immutable,proprietary,didactic,self-perpetuating,,,,,C,C,,,TCSE_1-50.pdf
S002Q02,2,easy,2,TC1,"We often regard natural phenomena like rainfall as mysterious and unpredictable; although for short time spans and particular places they appear so, in fact on a truly global scale, nature has been a model of _____.",reliability,diversity,complexity,plasticity,discontinuity,,,,,A,A,,,TCSE_1-50.pdf
S002Q03,2,easy,3,TC2,The economic recovery was somewhat lopsided: (i)_____ in some of the industrial economies while (ii)_____ in others of them.,unexpected,feeble,swift,robust,turbulent,predictable,,,,B|D,B|D,,,TCSE_1-50.pdf
S002Q04,2,easy,4,TC2,"Although trains may use energy more (i)_____ than do automobiles, the latter move only when they contain at least one occupant, whereas railway carriages spend a considerable amount of time running up and down the tracks (ii)_____, or nearly so.",lavishly,efficiently,routinely,vacant,unimpeded,overlooked,,,,B|D,B|D,,,TCSE_1-50.pdf
S002Q05,2,easy,5,TC3,Most capuchin monkey conflict involves such a (i)_____ repertoire of gestural and vocal signals that it is difficult for researchers to tease apart the meanings of the individual signals. This (ii)_____ is (iii)_____ by the fact that many signals seem to shift in meaning according to the context in which they are produced and the developmental stage of the individuals producing them.,precise,rich,straightforward,problem,opportunity,oversight,augmented,ameliorated,anticipated,B|D|G,B|D|G,,,TCSE_1-50.pdf
S002Q06,2,easy,6,TC3,"Within the culture as a whole, the natural sciences have been so successful that the word “scientific” is often used in (i)_____ manner: it is often assumed that to call something “scientific” is to imply that its reliability has been (ii)_____ by methods whose results cannot reasonably be (iii)_____.",an ironic,a literal,an honorific,maligned,challenged,established,exaggerated,anticipated,disputed,C|F|I,C|F|I,,,TCSE_1-50.pdf
S002Q07,2,easy,7,SE,"Members of the union’s negotiating team insisted on several changes to the company’s proposal before they would support it, making it clear that they would _____ no compromise.",disclose,reject,brook,tolerate,repudiate,weigh,,,,C|D,C|D,,,TCSE_1-50.pdf
S002Q08,2,easy,8,SE,"Wilson is wont to emphasize the _____ of ants: how ants with full stomachs will regurgitate liquid food for those without, or how the old will fight so the young can survive.",beneficence,altruism,unpredictability,intelligence,fecundity,fertility,,,,A|B,A|B,,,TCSE_1-50.pdf
S002Q09,2,easy,9,SE,"During the Renaissance, the use of optical lenses, which were capable of projecting images onto blank canvases, greatly aided artists by allowing them to accurately observe and depict the external world; in other words, these lenses were instrumental in conveying _____.",idealism,optimism,ambition,realism,sanguinity,verisimilitude,,,,D|F,D|F,,,TCSE_1-50.pdf
S002Q10,2,easy,10,SE,"The professor’s habitual air of _____ was misleading front, concealing amazing reserves of patience and a deep commitment to his students’ learning.",cordiality,irascibility,disorganization,conviviality,diffidence,exasperation,,,,B|F,B|F,,,TCSE_1-50.pdf
S003Q01,3,easy,1,TC1,"Though we live in an era of stunning scientific achievement, many otherwise educated people remain indifferent to or contemptuous of such achievement, even going so far as to _____ their ignorance of basic physics.",decry,condone,remedy,boast of,downplay,,,,,D,D,,,TCSE_1-50.pdf
S003Q02,3,easy,2,TC1,Slight but _____ variation in the timing of the star’s pulses led astronomers to deduce that it was being pulled backwards and forwards by three planets orbiting around it.,subtle,regular,undetectable,inconsequential,explicable,,,,,B,B,,,TCSE_1-50.pdf
S003Q03,3,easy,3,TC2,"The great (i)_____ of most books that examine the American presidency is their ideological bias, but for most part, this volume on the presidency maintains an impressive degree of (ii)_____.",contribution,limitation,paradox,certainty,fluency,objectivity,,,,B|F,B|F,,,TCSE_1-50.pdf
S003Q04,3,easy,4,TC2,"Many of the towns that have voted to keep incinerators in the county’s solid waste plan have done so not because they necessarily (i)_____ incinerators, but because they are (ii)_____ to narrow their waste-disposal options.",question,favor,oppose,willing,eager,loath,,,,B|F,B|F,,,TCSE_1-50.pdf
S003Q05,3,easy,5,TC3,"Just because, as a photographer, Friedlander (i)_____ places that most people consider ugly does not mean that he is out to prove they are beautiful. Instead, his work suggests that the photographer simply cannot ignore so much of the built American landscape but is obligated to (ii)_____ what we pass through day in and day out, regardless of (iii)_____.",tends to avoid,is harshly critical of,is interested in,document,emulate,discredit,authenticity,truthfulness,aesthetics,C|D|I,C|D|I,,,TCSE_1-50.pdf
S003Q06,3,easy,6,TC3,Both very good and very bad books are easy to review. Praise and (i)_____ come easily. But what of books that contain a muddle of virtues and vices? Here the reviewer’s task is more (ii)_____: the author’s useful and thought-provoking observations need to be (iii)_____ the useless and tedious.,ambivalence,compliment,censure,evident,demanding,manageable,supplanted by,sifted from,overshadowed by,C|E|H,C|E|H,,,TCSE_1-50.pdf
S003Q07,3,easy,7,SE,"In matters of taste, the art patron and collector Peggy Guggenheim was _____, she was for the strangest, the most surprising, the most satisfying, the best, the unique.",a neophyte,a novice,a realist,an extremist,a pragmatist,a zealot,,,,D|F,D|F,,,TCSE_1-50.pdf
S003Q08,3,easy,8,SE,"The laboratory maze has grown ever less _____ since it was first invented instead of hoping to lose a rodent in a labyrinth; today’s scientists design mazes to elicit a few simple, easily measured behaviors.",intricate,extensive,effective,convoluted,useful,prevalent,,,,A|D,A|D,,,TCSE_1-50.pdf
S003Q09,3,easy,9,SE,"In mathematics, judgments about the validity of proofs are mediated by peer-reviewed journals; to ensure _____, reviewers are carefully chosen by journal editors, and the identity of scholars whose papers are under consideration are kept secret.",timelessness,originality,fairness,comprehensiveness,objectivity,novelty,,,,C|E,C|E,,,TCSE_1-50.pdf
S003Q10,3,easy,10,SE,"Since some contemporary Western dieticians believe that the only function of food is to provide nourishment, these dieticians view an emphasis on the aesthetic dimension of the culinary arts as _____.",unprecedented,unwarranted,illuminating,groundless,promising,novel,,,,B|D,B|D,,,TCSE_1-50.pdf
S004Q01,4,easy,1,TC1,"In the last two hundreds years, the practice of archaeology has changed greatly, from digging up ancient artifacts for use by wealthy individuals as art objects to analyzing the detritus of everyday life in the laboratory, and thus from _____ to data collection.",supposition,theorizing,fact-finding,treasure hunting,scientific discovery,,,,,D,D,,,TCSE_1-50.pdf
S004Q02,4,easy,2,TC1,"History teaches us that science is not _____ enterprise; indeed, it is quite the opposite, a motley assortment of tools designed to safeguard researchers against their own biases.",an opportunistic,an anomalous,a haphazard,a collective,a monolithic,,,,,E,E,,,TCSE_1-50.pdf
S004Q03,4,easy,3,TC2,"What they see in Tanaka is the one candidate capable of (i)_____ leadership, in direct contrast to Williamson , whose term in office has been marred by (ii)_____.",compassionate,decisive,nepotistic,grandstanding,partisanship,vacillation,,,,B|F,B|F,,,TCSE_1-50.pdf
S004Q04,4,easy,4,TC2,"Despite having only recently learned to walk, toddlers make the most (i)_____ dance students. Their joy in movement is so pure, so complete, and so (ii)_____.",skilled,inattentive,delightful,futile,irrelevant,contagious,,,,C|F,C|F,,,TCSE_1-50.pdf
S004Q05,4,easy,5,TC2,"Readers may initially be irked by the book’s apparent (i)_____ but, once immersed in the author’s prose, they may come to regard the work’s (ii)_____ as an asset.",flippancy,aimlessness,tendentiousness,subtlety,discursions,exhaustiveness,,,,B|E,B|E,,,TCSE_1-50.pdf
S004Q06,4,easy,6,TC3,"Unambiguous texts can allow their readers to (i)_____ them quickly, but ambiguous texts can have the attractive (ii)_____ of multiple possible interpretations, all of which can be considered equally (iii)_____, and none of which is the single true meaning.",misunderstand,comprehend,complicate,stigma,blemish,allure,valid,frank,inveterate,B|F|G,B|F|G,,,TCSE_1-50.pdf
S004Q07,4,easy,7,SE,"Harper Lee’s narration in To Kill a Mockingbird is _____, mixing an adult’s and a child’s perspective according to no logic other than the immediate exigencies of the plot.",a paradigm,a hodgepodge,a model,an innovation,a patchwork,an embarrassment,,,,B|E,B|E,,,TCSE_1-50.pdf
S004Q08,4,easy,8,SE,"The employee had a reputation for fractiousness, but his coworkers found him to be, on the contrary, quiet _____.",insightful,affable,sagacious,capable,easygoing,productive,,,,B|E,B|E,,,TCSE_1-50.pdf
S004Q09,4,easy,9,SE,"Even though women in the US would not gain the rights to vote until 1920, throughout the nineteenth century many feminist goals were gradually _____, especially the rights of married women to control their own property.",realized,abandoned,eroded,modified,revised,achieved,,,,A|F,A|F,,,TCSE_1-50.pdf
S004Q10,4,easy,10,SE,"Edited collections of scholarly essays generally tend to be somewhat uneven: they suffer from the _____ subject matter of the various essays, the lack of an overarching and consistent thesis, and the variable quantity of the contributions.",intriguing,heterogeneous,comprehensive,disparate,mediocre,engaging,,,,B|D,B|D,,,TCSE_1-50.pdf
S005Q01,5,easy,1,TC1,"The Labrador duck is one of the most _____ extinct birds: although there are a fair number of specimens, few have yielded reliable data and little is known about the species’ breeding patterns.",anomalous,controversial,enigmatic,misrepresented,cherished,,,,,C,C,,,TCSE_1-50.pdf
S005Q02,5,easy,2,TC2,"The research found that in assessing others, many people hold an unconscious view that competence and warmth are (i)_____: when they perceive a person to be highly capable, they infer that he or she must have a tendency to be (ii)_____.",equally important,mutually reinforcing,inversely related,ambitious,unfeeling,disingenuous,,,,C|E,C|E,,,TCSE_1-50.pdf
S005Q03,5,easy,3,TC2,"Mr. Stevens found that home schooling, far from representing (i)_____ philosophy, (ii)_____ some of the most widely accepted education ideas: that children should be treated as individuals, taught in small numbers, and given a measure of discretion over their own learning.",a benign,an orthodox,an anomalous,overcomes,embodies,anticipates,,,,C|E,C|E,,,TCSE_1-50.pdf
S005Q04,5,easy,4,TC2,"He was never (i)_____; he was nothing if not (ii)_____, so he forbore for the present to declare his passion.",chivalrous,impetuous,thoughtful,boorish,circumspect,spontaneous,,,,B|E,B|E,,,TCSE_1-50.pdf
S005Q05,5,easy,5,TC3,"Computers make it spectacularly easy to search for particular pieces of information in downloaded texts. And doing research in this strategic, targeted manner can feel (i)_____. Instead of (ii)_____ the organizing logic of the book you are reading, you can approach the book with your own questions and (iii)_____. You, not the author, are the master.",disorienting,humbling,empowering,disregarding,surrendering to,imitating,begin to discern the author’s intent,glean precisely what you want from it,evaluate the book on its own terms,C|E|H,C|E|H,,,TCSE_1-50.pdf
S005Q06,5,easy,6,TC3,"Given our species’ increasing numbers and appetites—which are reflected in and compounded by global climate change—even (i)_____ species are likely to become endangered within the foreseeable future. If we are to avoid a calamitous loss of biodiversity, according to Golbe, we cannot simply let nature take its course. Ongoing conservation management is (ii)_____, as we have, in a sense, become nature, and the responsibilities that come with the role cannot be (iii)_____.",exotic,vulnerable,now common,ineffective,obligatory,promising,jettisoned,assumed,contrived,C|E|G,C|E|G,,,TCSE_1-50.pdf
S005Q07,5,easy,7,SE,Miller reminded his clients that labor relationship are inherently _____: the interests of business owners are diametrically opposed to those of employees.,adversarial,exploitative,mercenary,antagonistic,variable,changeable,,,,A|D,A|D,,,TCSE_1-50.pdf
S005Q08,5,easy,8,SE,"Progressive and reactionary populist movements are not necessarily _____; each may, and usually does, possess features of the other.",dichotomous,untenable,unsustainable,contradictory,subversive,efficacious,,,,A|D,A|D,,,TCSE_1-50.pdf
S005Q09,5,easy,9,SE,"Although one can adduce myriad of examples of ecosystem disruption by nonindigenous species, nevertheless most introduced species that survive in fact appear to have quite _____ effects on the ecosystem they have invaded.",minimal,trifling,marked,conspicuous,intriguing,deleterious,,,,A|B,A|B,,,TCSE_1-50.pdf
S005Q10,5,easy,10,SE,"Although field studies have linked inbreeding to declines among song sparrow populations, some researchers argue that, in nature, inbreeding proves _____ as a factor when compared with crushing blows from weather changes.",hazardous,momentous,trivial,significant,precarious,inconsequential,,,,C|F,C|F,,,TCSE_1-50.pdf
S006Q01,6,easy,1,TC1,One view of historicism holds that systems of belief prevalent during different periods in history are _____ and therefore cannot be understood except in their own term.,discriminatory,incommensurable,anachronistic,cosmopolitan,objective,,,,,B,B,,,TCSE_1-50.pdf
S006Q02,6,easy,2,TC1,The company suffers from an almost total lack of _____: even the most innocuous communications between departments lend to devolve into acrimony.,dissension,variance,comity,conformity,mordancy,,,,,C,C,,,TCSE_1-50.pdf
S006Q03,6,easy,3,TC2,"One way to predict the effects of global climate change on an ecosystem is to extrapolate current trend in global change factors into the future. A (i)_____ of this method is that its predictions (ii)_____ actual observation, but the method also makes the questionable assumption that the future will resemble the present.",virtue,drawback,peculiarity,dispense with,derive from,improve upon,,,,A|E,A|E,,,TCSE_1-50.pdf
S006Q04,6,easy,4,TC2,"So (i)_____ is the reputation of the city’s police force for (ii)_____ that whenever a new police chief take office, he or she routinely promises to clean up the force.",persistent,recent,discouraging,corruption,efficiency,inexperience,,,,A|D,A|D,,,TCSE_1-50.pdf
S006Q05,6,easy,5,TC2,"Scientists said that cosmology was the field where the ratio of theory to data was (i)_____: there was an abundance of theories, but almost no data. Recently, however, that ratio has flipped. A huge and ever-increasing amount of data has (ii)_____ all theories but one.",completely unknown,nearly infinite,always variable,eliminated,supported,clarified,,,,B|D,B|D,,,TCSE_1-50.pdf
S006Q06,6,easy,6,TC3,"Many fairy tales are complex narratives of wish fulfillment. They teach the reader that a struggle against severe difficulties in life is (i)_____, that it is an intrinsic part of human existence, and that if one does not (ii)_____, but steadfastly meets unexpected and often unjust hardships, one masters all obstacles and at the end (iii)_____.",atypical,unavoidable,insurmountable,preserve,improvise,shy away,elicits adversities,emerges victorious,evades achievements,B|F|H,B|F|H,,,TCSE_1-50.pdf
S006Q07,6,easy,7,SE,"Since it was committed to the idea of science as an international, politically neutral enterprise, the Royal Society of London refused to _____ members from enemy nations during world wars of the twentieth century.",betray,expel,endorse,oust,sanction,condemn,,,,B|D,B|D,,,TCSE_1-50.pdf
S006Q08,6,easy,8,SE,Coagulation factors are useful proteins whose simple names—many are known only by Roman numerals—_____ their importance and the specificity of their roles in the thinning and clotting of blood.,nullify,obviate,mitigate,belie,mask,accentuate,,,,D|E,D|E,,,TCSE_1-50.pdf
S006Q09,6,easy,9,SE,"Despite her rather _____ choices, Moreland was neither a rebellious spirit nor someone who saw herself as anything out of the ordinary.",unconventional,impractical,quirky,flamboyant,successful,lucrative,,,,A|C,A|C,,,TCSE_1-50.pdf
S006Q10,6,easy,10,SE,"Despite their cultural and social significance, rapid growth, and widespread appear in China, video games—unlike traditional media—have received _____ attention from international communication researches.",undue,scant,excessive,focused,limited,dwindling,,,,B|E,B|E,,,TCSE_1-50.pdf
S007Q01,7,easy,1,TC1,"The artist’s career was remarkable partly because it was so _____: she died, with only a few paintings to her credit, while still in her twenties.",felicitous,prolific,enduring,conventional,abbreviated,,,,,E,E,,,TCSE_1-50.pdf
S007Q02,7,easy,2,TC1,"The province has long claimed to be just another developing region, even as its economy _____ those of other regions and threatens to eclipse the rest of the country combined.",parallels,bolsters,corroborates,outstrips,engages,,,,,D,D,,,TCSE_1-50.pdf
S007Q03,7,easy,3,TC2,"Scholars have marveled over the (i)_____ that Shakespeare displays in his works, noting that such broad learning is all the more remarkable given that books were relatively (ii)_____ in Shakespeare’s time.",meticulousness,humor,erudition,edifying,scarce,inexpensive,,,,C|E,C|E,,,TCSE_1-50.pdf
S007Q04,7,easy,4,TC2,"She was never (i)_____; she was nothing if not discreet, so she (ii)_____ for the present to declare her passion.",precipitate,tactful,thoughtful,pretended,decided,forbore,,,,A|F,A|F,,,TCSE_1-50.pdf
S007Q05,7,easy,5,TC2,"Except for a few passages in the biography in which the subject’s flaws are (i)_____, the author’s treatment of her subject is (ii)_____.",too harshly judged,analyzed in depth,frankly acknowledged,erudite,judicious,acrimonious,,,,A|E,A|E,,,TCSE_1-50.pdf
S007Q06,7,easy,6,TC3,"The writer argues that jewelry-grade diamonds, because they are both (i)_____ and (ii)_____, prove one of two conclusions; their purchasers have so much money they can spend it on goods that (iii)_____, or their purchasers are so committed to making others think they have such wealth that they are willing to go into debt to do so.",flawless,fungible,expensive,durable,useless,irreplaceable,may appreciate in value,reflect the buyers’ connoisseurship,serve no practical purpose,C|E|I,C|E|I,,,TCSE_1-50.pdf
S007Q07,7,easy,7,SE,"In Ramachandran’s opinion, it is perfectly acceptable to propose bold speculations about the brain, even if these speculations seem _____; as Ramachandran frequently remarks, science thrives on risky conjecture.",unfounded,premature,controversial,verifiable,testable,baseless,,,,A|F,A|F,,,TCSE_1-50.pdf
S007Q08,7,easy,8,SE,"The concert hall’s suspended ceiling is two-inch-thick plaster that reflects low-frequency sound energy; similarly, all wall surfaces are angled and shaped to _____ sound from the stage throughout the audience area.",diffuse,amplify,spread,dampen,eclipse,deaden,,,,A|C,A|C,,,TCSE_1-50.pdf
S007Q09,7,easy,9,SE,Any notion of justice in the fortunes of artists is _____: works of equal value and quality produce quite different returns or no returns at all.,baseless,cliché,untenable,insulting,condescending,idealistic,,,,A|C,A|C,,,TCSE_1-50.pdf
S007Q10,7,easy,10,SE,"Agencies responsible for protecting natural resources too often issue permits allowing exploitation of those resources, a process that remains _____ given that agencies have become experts at masking their decisions in the scientific terms.",controversial,exacting,obscure,onerous,opaque,misleading,,,,C|E,C|E,,,TCSE_1-50.pdf
S008Q01,8,easy,1,TC1,"Parker’s model of human reflects a _____ outlook, in stark contrast to the generally pessimistic analyses of her colleagues in the economics department.",prescient,circumspect,technical,magisterial,sanguine,,,,,E,E,,,TCSE_1-50.pdf
S008Q02,8,easy,2,TC2,The history of the region’s natural resources has been one of initial (i)_____ followed by (ii)_____; as such the region has over time gone from a resource-rich to a resource-dependent economy.,disappointment,abundance,conservation,growing interdependence,draconian regulation,rapacious depletion,,,,B|F,B|F,,,TCSE_1-50.pdf
S008Q03,8,easy,3,TC2,"Any account of experimental music in the United States that (i)_____ the predominantly African American bebop and free jazz movements is (ii)_____, since this body of music constitutes what is arguably the most influential African experimental music in the decades following the Second War War.",neglects,exaggerates,reinterprets,underappreciated,problematic,self-serving,,,,A|E,A|E,,,TCSE_1-50.pdf
S008Q04,8,easy,4,TC2,"Despite the abundance and importance of maize, its biological origin has been a long-running mystery. The bright yellow, mouth-watering treat does not grow in the wild anywhere on the planet, so its (i)_____ is not at all (ii)_____.",utility,popularity,ancestry,helpful,important,obvious,,,,C|F,C|F,,,TCSE_1-50.pdf
S008Q05,8,easy,5,TC3,"In medieval Europe, watermills were more (i)_____ than windmills. It is true that windmills could be built virtually anywhere, whereas watermills (ii)_____. However, watermills’ greater capacity and reliability provided a better (iii)_____ the money required to build the mill.",problematic,profitable,versatile,were suitable only for,inspired a variety of new,required a good deal of,source of certain locations,adjunct to technologies,return on upkeep,B|D|I,B|D|I,,,TCSE_1-50.pdf
S008Q06,8,easy,6,TC3,"When the Agriculture Department (i)_____ its dietary guidelines, it laid down a challenge: Eat better, smarter, and healthier or else. The “or else” included a long list of (ii)_____ that (iii)_____ the developed world, from heart disease and osteoporosis to diabetes.",make public,debunked,refused to consider,intangibles,misconceptions,maladies,assuage,plague,ignore,A|F|H,A|F|H,,,TCSE_1-50.pdf
S008Q07,8,easy,7,SE,"Although legislators on both sides of issues have repeatedly _____ a desire to find a middle ground, until now no acceptable compromise has been achieved.",discussed,proclaimed,professed,rejected,disowned,betrayed,,,,B|C,B|C,,,TCSE_1-50.pdf
S008Q08,8,easy,8,SE,The company is so old-fashioned and opposed to innovation that it can seem downright _____.,antediluvian,flighty,archaic,chauvinistic,capricious,patronizing,,,,A|C,A|C,,,TCSE_1-50.pdf
S008Q09,8,easy,9,SE,"Estimating demographic parameters in marine mammals is challenging, often requiring many years of data to achieve sufficient precision to _____ biologically meaningful change.",effect,tolerate,discern,envisage,withstand,detect,,,,C|F,C|F,,,TCSE_1-50.pdf
S008Q10,8,easy,10,SE,Scientists should hope the faults in their theories will be _____ their peers since the refutation of one hypothesis can free its originator to develop a better one.,discerned by,disregarded by,discovered by,ignored by,opaque to,inspiring to,,,,A|C,A|C,,,TCSE_1-50.pdf
S009Q01,9,easy,1,TC1,He was so ____ during the filming of the movie that crew members nicknamed his “The Angriest Man in the World”,loquacious,irascible,perfidious,sanguine,voracious,,,,,B,B,,,TCSE_1-50.pdf
S009Q02,9,easy,2,TC1,The film was a _____: its elements were assembled more or less haphazardly from a dozen of different sources.,burlesque,satire,pastiche,chronicle,parody,,,,,C,C,,,TCSE_1-50.pdf
S009Q03,9,easy,3,TC2,"The description of Green’s scholarship as (i)_____ is grossly misleading: while her research on interstellar particles is not especially novel, the conclusions she draws from her data are (ii)_____.",esoteric,tendentious,derivative,remarkably pioneering,dubiously supported,strangely comforting,,,,C|D,C|D,,,TCSE_1-50.pdf
S009Q04,9,easy,4,TC2,People frequently attempt to relieve their workplace frustrations via surreptitious comments around the water cooler but would be better able to resolve their resentment if they were less (i)_____ about their problem and imitated a more (ii)_____ dialogue.,vexatious,clandestine,opportunistic,equitable,sincere,open,,,,B|F,B|F,,,TCSE_1-50.pdf
S009Q05,9,easy,5,TC2,It would be (i)_____ not to (ii)_____ these tabloid journalists for thriving in hard times: they deserve credit for doing well in a profession in financial straits.,apropos,churlish,cagey,admire,envy,emulate,,,,B|D,B|D,Source repeats a blank ordinal; normalized markers to sequential order.,,TCSE_1-50.pdf
S009Q06,9,easy,6,TC3,"The historian’s narrative of the dynasty’s decline is (i)_____, because though there is nothing (ii)_____ the account, largely parts of it rely on (iii)_____.",diffuse,reasonable,questionable,psychologically penetrating,inherently implausible about,fully documented in,plagiarism in,conjecture,pretense,C|E|H,C|E|H,,,TCSE_1-50.pdf
S009Q07,9,easy,7,SE,"Though Edmurd certainly had a dignified bearing and made a great first impression, those who became acquainted with him soon realized he had an essentially _____ nature.",pugnacious,deliberate,punctilious,courteous,complacent,truculent,,,,A|F,A|F,,,TCSE_1-50.pdf
S009Q08,9,easy,8,SE,"The life of a secret agent is dangerous enough, but the life of a double agent is infinitely more _____: a single slip can send an agent crashing to destruction.",arduous,precarious,clandestine,perilous,covert,exhilarating,,,,B|D,B|D,,,TCSE_1-50.pdf
S009Q09,9,easy,9,SE,"Natural causes nerves to die off and muscles to weaken, but regular exercise of muscle fibers enlarges and can _____ the decline by increasing the strengthen muscle you have left.",speed up,stave off,forestall,facilitate,assist,exploit,,,,B|C,B|C,,,TCSE_1-50.pdf
S009Q10,9,easy,10,SE,"Creativity is no longer seen as _____ inspiration leading to poem or painting, it has come to be thought of as something permeating the whole of a person’s life.",a mundane,a momentary,an illusory,an evanescent,a metaphoric,a prosaic,,,,B|D,B|D,,,TCSE_1-50.pdf
S010Q01,10,easy,1,TC1,"Nylenna’s study showed that errors in scientific manuscripts submitted for publication often escape reviewers’ notice, results that were not _____: when Godlee conducted a study of the same phenomenon, her findings were similar.",credible,unwelcome,anomalous,quantifiable,consequential,,,,,C,C,,,TCSE_1-50.pdf
S010Q02,10,easy,2,TC1,"Among the Meakambut people of Papua New Guinea, legends are associated with specific caves in the Sepik region, and these legends are _____: only the cave owner can share its secrets.",impenetrable,immutable,proprietary,didactic,self-perpetuating,,,,,C,C,,,TCSE_1-50.pdf
S010Q03,10,easy,3,TC2,"It would be imprecise to characterize her scholarship as (i)_____: though her etymological discussion is necessarily esoteric, there is nothing (ii)_____ about the conclusions she derives from it.",derivative,arcane,careless,obscure,controversial,innovative,,,,B|D,B|D,,,TCSE_1-50.pdf
S010Q04,10,easy,4,TC2,"While acknowledging behaviors the Prime Minster took in order to remain in office were (i)_____, some politicians nevertheless believed this small amount of (ii)_____ was justified to keep reforming government in office.",unethical,impractical,quixotic,skullduggery,indolence,incivility,,,,A|D,A|D,,,TCSE_1-50.pdf
S010Q05,10,easy,5,TC2,"Attending with equal (i)_____ to any question that presents itself, the sociologist’s work has strengths and weaknesses that flow from this energetically (ii)_____ approach.",skepticism,lethargy,fervor,hybrid,indiscriminate,conciliatory,,,,C|E,C|E,,,TCSE_1-50.pdf
S010Q06,10,easy,6,TC3,"Galaxy Zoo set a standard for citizen-scientist participation project. Zealous volunteers (i)_____ the project’s organizers by classifying an entire catalog of galaxies years ahead of schedule. (ii)_____ by the (iii)_____ of the volunteers, Galaxy Zoo team was inspired to pursue lines of research they had never even imagined.",beguiled,forestalled,astonished,baffled,buoyed,embarrassed,insouciance,stoicism,alacrity,C|E|I,C|E|I,,,TCSE_1-50.pdf
S010Q07,10,easy,7,SE,"In establishing that the dust she had observed constitutes two percent of the mass in the quadrant, the astronomer showed that the dust’s extreme visual prominence _____ its relatively minor contribution to the total mass of the region.",belies,masks,highlights,nullifies,disproves,accentuates,,,,A|B,A|B,,,TCSE_1-50.pdf
S010Q08,10,easy,8,SE,"Writing about advances in climate science is often problematic, in part because the material is so _____: climate science is the study of shifting, interrelated, and sometimes paradoxical patterns.",disheartening,pedestrian,complicated,depressing,knotty,mundane,,,,C|E,C|E,,,TCSE_1-50.pdf
S010Q09,10,easy,9,SE,"There are many insights in the essay collected in Observations on modernity, but they are embedded in a dense English translation of a dense German original that may make many of them _____ to most readers.",vapid,inaccessible,sagacious,banal,distressing,opaque,,,,B|F,B|F,,,TCSE_1-50.pdf
S010Q10,10,easy,10,SE,"Noise suppression in phones can play an important role in making cellphone networks more efficient, since when sounds that are _____ to the meaningful signal are transmitted, precious network band width is wasted.",unsuitable,detrimental,irrelevant,confined,limited,extraneous,,,,C|F,C|F,,,TCSE_1-50.pdf
S011Q01,11,easy,1,TC1,"The title of her final and unfinished film, Escape, was _____: indeed while shooting it, she was preoccupied with thoughts of desertion.",quixotic,apt,misleading,inconsequential,uncharacteristic,,,,,B,B,,,TCSE_1-50.pdf
S011Q02,11,easy,2,TC1,"This is neither praise nor criticism, neither a compliment nor _____, just an observation.",an exposition,an elucidation,an animadversion,a culmination,a divination,,,,,C,C,,,TCSE_1-50.pdf
S011Q03,11,easy,3,TC2,"The national bank has been uncommonly powerful in comparison to its counterparts in other nations. It retains this potency partly because its control of the nation’s banking system is (i)_____ governmental interference, and thus its actions remain largely (ii)_____.",unencumbered by,replete with,hindered by,compulsory,discretionary,bureaucratic,,,,A|E,A|E,,,TCSE_1-50.pdf
S011Q04,11,easy,4,TC2,"Mr. Billington, at times, can be a (i)_____. For instance, he deplores the Royal Shakespeare Company’s eight-and-a-half hour version of Nicholas Nickelby, which many found (ii)_____.",naysayer,pushover,braggart,perplexing,unpredictable,absorbing,,,,A|F,A|F,,,TCSE_1-50.pdf
S011Q05,11,easy,5,TC2,"At Cerro Portezuelo, the task of separating grinding tools from the larger collection of excavated stone objects was (i)_____ the ancient practice of recycling grinding tool fragments for building materials, hammer stones, and other purposes that (ii)_____ their original use.",complicated by,important to,independent from,complemented,obscured,underscored,,,,A|E,A|E,,,TCSE_1-50.pdf
S011Q06,11,easy,6,TC3,"To label Hamilton a foreigner because he was born outside what later became the United States is to assume anachronistically the existence of the nation before the fact. It is true that Hamilton came to believe that he was a (i)_____ the United States, but his (ii)_____ was stemmed not from his (iii)_____ but from his confrontation with American democracy, which he considered to be a disease afflicting the nation.",symbol of,stranger in,citizen of,alienation,ambition,patriotism,ideology,profession,birthplace,B|D|I,B|D|I,,,TCSE_1-50.pdf
S011Q07,11,easy,7,SE,"Changes made to ecosystem in order to achieve a goal, such as food production or flood control, often _____ significant unforeseen trade-offs between other important products and service the ecosystems provide.",predict,delay,foretell,obscure,yield,engender,,,,E|F,E|F,,,TCSE_1-50.pdf
S011Q08,11,easy,8,SE,The union states its position polemically; its leader say they are fighting to save good jobs while ______ corporations replace full-time workers with part-time ones in order to cut down on both wages and benefits.,precarious,enterprising,rapacious,troubled,influential,avaricious,,,,C|F,C|F,,,TCSE_1-50.pdf
S011Q09,11,easy,9,SE,"When the atmosphere over the city is at its best, it is peculiarly _____, and this clarity seems to distill this very special beauty of the place.",limpid,acute,calm,sharp,pellucid,tranquil,,,,A|E,A|E,,,TCSE_1-50.pdf
S011Q10,11,easy,10,SE,"The book brings together many valuable reports on conservation projects, but with less variety than might have been wished: nearly half the contributions are from the same state, and consequently, the case studies are similarly _____ geographically.",rudimentary,interdependent,interrelated,complex,heterogeneous,dissimilar,,,,B|C,B|C,,,TCSE_1-50.pdf
S012Q01,12,easy,1,TC1,The identity of hominid remains found in a cave in the Altai Mountains was _____ until Paabo and his colleagues ended the speculation by showing that DNA sequences indicated the bones belonged to Neanderthals.,extraneous,conjectural,improbable,demonstrable,consistent,,,,,B,B,,,TCSE_1-50.pdf
S012Q02,12,easy,2,TC1,"In a production process that is complex and often unpredictable, roles that start out discretely defined may become quite _____.",confused,perfunctory,independent,overt,exacting,,,,,A,A,,,TCSE_1-50.pdf
S012Q03,12,easy,3,TC2,"Tagore had a sharply defined sense of the (i)_____ of scientific inquiry. The fact that science dealt in statistics and numbers, that its logic was probabilistic, meant that the domain of moral questions (ii)_____ it: moral questions, for Tagore, required certainties, not probabilities.",irrationality,limits,futility,guarded over,lay outside,was subject to,,,,B|E,B|E,,,TCSE_1-50.pdf
S012Q04,12,easy,4,TC2,"The author suggests that cinema archives should become more like museums, justifying their existence by selecting, grouping and commenting on important films. By thus (i)_____ films, archives would not only serve as repositories but would provide (ii)_____ as well.",improving,restoring,interpreting,conservation,education,income,,,,C|E,C|E,,,TCSE_1-50.pdf
S012Q05,12,easy,5,TC2,"Although Professor Pearson’s colleagues often complained that he was (i)_____, his friends were quick to defend him from this charge of (ii)_____.",importunate,garrulous,mercurial,inconstancy,dishonest,partiality,,,,C|D,C|D,,,TCSE_1-50.pdf
S012Q06,12,easy,6,TC3,"Just because, as a photographer, Friedlander (i)_____ places that most people consider ugly does not mean that he is out to prove they are beautiful. Instead, his work suggests that the photographer simply cannot ignore so much of the built American landscape but is obligated to (ii)_____ what we pass through day in and day out, regardless of (iii)_____.",tends to avoid,is harshly critical of,is interested in,document,emulate,discredit,authenticity,truthfulness,aesthetics,C|D|I,C|D|I,,,TCSE_1-50.pdf
S012Q07,12,easy,7,SE,"For those of us who have been intoxicated by the power and potential of mathematics, the mystery isn’t why that fascination developed but why it isn’t _____.",advantageous,discounted,prevalent,undervalued,celebrated,widespread,,,,C|F,C|F,,,TCSE_1-50.pdf
S012Q08,12,easy,8,SE,The nation’s robust economic performance could be _____ by the persistent flaws in its economic institutions and structure that are the result of half-finished and misguided government policies.,neutralized,concealed,undermined,impaired,obscured,outstripped,,,,C|D,C|D,,,TCSE_1-50.pdf
S012Q09,12,easy,9,SE,"An abundance of nutrient-rich pollution in estuaries causes algae to _____, much as houseplants grow better when their soil contains added fertilizer.",abound,proliferate,stagnate,coalesce,collect,diversify,,,,A|B,A|B,,,TCSE_1-50.pdf
S012Q10,12,easy,10,SE,"Taking to the mountains to escape the chaos occasioned by the collapse of the ruling dynasty, artists looked to nature for _____ and a serenity not evident in human society.",an order,a stability,a fragility,a decadence,an interaction,a degeneracy,,,,A|B,A|B,,,TCSE_1-50.pdf
S013Q01,13,easy,1,TC1,"Because people expect theater directors to be authoritarians, many were surprised that Clark was so _____.",histrionic,megalomaniacal,egalitarian,indolent,charismatic,,,,,C,C,,,TCSE_1-50.pdf
S013Q02,13,easy,2,TC1,The students’ _____ natures were in sharp contrast to the imperturbable dispositions of their teacher.,volatile,duplicitous,apathetic,cunning,blithe,,,,,A,A,,,TCSE_1-50.pdf
S013Q03,13,easy,3,TC2,"In a federally governed country, a regional government can function as a (i)_____ for the entire nation—a setting in which new ideas under consideration for national implementation are (ii)_____ without having to involve the country as a whole.",laboratory,catalyst,standard,dispersed,undermined,tried,,,,A|F,A|F,,,TCSE_1-50.pdf
S013Q04,13,easy,4,TC2,"Conventional deposits of oil and gas are actually the final resting place of far-traveled hydrocarbons that were (i)_____ deeper source beds of organic-rich rock. By contrast, shale gas (ii)_____ its birthplace, remaining in the source bed whose organic matter produced the gas.",trapped in,generated in,bound for,never leaves,swiftly escapes from,rarely stays in,,,,B|D,B|D,,,TCSE_1-50.pdf
S013Q05,13,easy,5,TC2,"Despite dispute between the sisters lasted all summer, Megan remained (i)_____ and Laruen was equally (ii)_____.",intransigent,feckless,munificent,indolent,uncompromising,taciturn,,,,A|E,A|E,,,TCSE_1-50.pdf
S013Q06,13,easy,6,TC3,"In a view of 17 studies from 2008, Trudeau and Shephard concluded that reserving up to an hour a day for (i)_____ in school curricula does not (ii)_____ academic achievement. In fact, they noted that more exercise often (iii)_____ school performance, despite the time it took away from reading, writing, and arithmetic.",physical activity,leisure time,open study,contribute to,detract from,correlate with,diminished,augmented,counteracted,A|E|H,A|E|H,,,TCSE_1-50.pdf
S013Q07,13,easy,7,SE,"The Great Lakes wolf is a _____, stumping scientists as to whether it is a subspecies of the gray wolf or a distinct species.",prototype,riddle,paragon,model,legend,conundrum,,,,B|F,B|F,,,TCSE_1-50.pdf
S013Q08,13,easy,8,SE,The book aims to illuminate how science has changed the meaning of nothingness from _____ philosophical concept to something we can almost put under a microscope.,a tangible,a palpable,a nebulous,a nettlesome,an incontrovertible,a vague,,,,C|F,C|F,,,TCSE_1-50.pdf
S013Q09,13,easy,9,SE,"Readers have long considered Lawd Today! , Richard Wright’s first written and last published novel, _____; the novel simply seems inconsistent with the image of what a Wright text should do or be.",an artifact,a prototype,an anomaly,a mainstay,an aberration,a model,,,,C|E,C|E,,,TCSE_1-50.pdf
S013Q10,13,easy,10,SE,It is hardly _____ for today’s film to try to blur the boundaries between the moral and the immoral. Hollywood has been doing that since at least the 1960s.,entertaining,original,novel,pertinent,relevant,insightful,,,,B|C,B|C,,,TCSE_1-50.pdf
S014Q01,14,easy,1,TC1,"Despite the neighborhood’s lingering reputation for _____, it has in fact become increasingly varied in its architecture and demographics.",boisterousness,unpretentiousness,idiosyncrasy,accessibility,homogeneity,,,,,E,E,,,TCSE_1-50.pdf
S014Q02,14,easy,2,TC1,That Seiberg and Witten lack celebrity can be explained by the _____ nature of their pursuit: the mathematical exploration of four-dimensional space.,pedestrian,esoteric,compelling,global,univocal,,,,,B,B,,,TCSE_1-50.pdf
S014Q03,14,easy,3,TC2,"World demand for oil had been intensified, but it slackened because China’s surge in oil consumption had (i)_____. Moreover, high oil price had themselves started to act as a short-term (ii)_____ the global economy, thus further dampening demand.",spread,commenced,slowed,spur to,drag on,panacea for,,,,C|E,C|E,,,TCSE_1-50.pdf
S014Q04,14,easy,4,TC2,"Despite the fact that the book promises a complete rethinking of the factors contributing to the conflict, the picture that the book paints is (i)_____: in identifying cause, it is more orthodox than (ii)_____.",obscure,detailed,familiar,restrictive,revisionist,enigmatic,,,,C|E,C|E,,,TCSE_1-50.pdf
S014Q05,14,easy,5,TC2,"Collecting such fragment of contemporary popular culture as postcards, newspaper clippings, and wallpaper patterns, Susan Hiller transforms these seemingly (i)_____ artifacts into objective (ii)_____ by making them the centerpieces in her compositions.",extravagant,trivial,archaic,importance,uniformity,banality,,,,B|D,B|D,,,TCSE_1-50.pdf
S014Q06,14,easy,6,TC3,"Gravitational waves—ripples in the geometry of space-time—are analogous to electromagnetic waves. The challenge in trying to observe these waves directly is that they are extremely weak. To make waves large enough to be (i)_____, the most (ii)_____ events in the universe are required: supernova explosions, the formation of black holes, or the collision of stars. Even so, the effects are (iii)_____. The geometry changes so little that a distance of several kilometers changes by less than the diameter of a proton.",detectable,usable,explicable,obvious,subtle,violent,masked,disastrous,minuscule,A|F|I,A|F|I,,,TCSE_1-50.pdf
S014Q07,14,easy,7,SE,"Reversing a decade-long trend on global _____, earth’s surface has become brighter since 1990, scientists are reporting.",warming,cooling,diffusing,dimming,darkening,heating,,,,D|E,D|E,,,TCSE_1-50.pdf
S014Q08,14,easy,8,SE,"All Shaker furniture implies _____ humanism in design: the Shakers made objects that look like objects, following a nonhuman law of design and rejecting the unconscious self-flattery inherent in making anthropomorphic objects.",a rejection of,a liberation from,a belief in,an affinity for,an attraction to,a misunderstanding of,,,,A|B,A|B,,,TCSE_1-50.pdf
S014Q09,14,easy,9,SE,"The controversial social analysis that Moynihan offered in the 1960s is now generally recognized as having been prescient; in fact, it has been the _____ upon which much of our discussion of social pathology must base.",concession,bedrock,imperative,compromise,foundations,vision,,,,B|E,B|E,,,TCSE_1-50.pdf
S014Q10,14,easy,10,SE,"The life of a secret agent is dangerous enough, but the life of a double agent is infinitely more _____: a single slip can send an agent crashing to destruction.",arduous,precarious,clandestine,perilous,covert,exhilarating,,,,B|D,B|D,,,TCSE_1-50.pdf
S015Q01,15,easy,1,TC1,"Paintings created in India during the Mughal dynasty were _____ in ambition but ornamental in presentation: in one direction they have a affinity with newspaper photographs, while in the other they have the intricacy of jewels.",metaphorical,documentary,aesthetic,sectarian,baroque,,,,,B,B,,,TCSE_1-50.pdf
S015Q02,15,easy,2,TC1,"It is a paradox of the Victorians that they were both _____ and, through their empire, cosmopolitan.",capricious,insular,mercenary,idealistic,intransigent,,,,,B,B,,,TCSE_1-50.pdf
S015Q03,15,easy,3,TC2,"Although movie critic Pauline Kael had a distaste for sycophancy, she also had a need for (i)_____; as a consequence of these competing feelings, she sent very (ii)_____ signals to friends and colleagues.",solitude,obeisance,clarity,direct,subtle,mixed,,,,B|F,B|F,,,TCSE_1-50.pdf
S015Q04,15,easy,4,TC2,"Since fibromyalgia’s symptoms can be (i)_____ and can (ii)_____ other disorder, and its diagnosis depends largely on patients’ descriptions rather than blood tests or biopsies, fibromyalgia’s cause and treatment have been the subject of much debate.",wide-ranging,distinctive,debilitating,mimic,illuminate,preclude,,,,A|D,A|D,,,TCSE_1-50.pdf
S015Q05,15,easy,5,TC2,"Architecture scholar Sandy McCreery recently argued that traffic congestion, far from being a sign of urban (i)_____, is a mark of urban (ii)_____; congestion promotes contemplation of our surroundings and provides us with a shared experience, thereby fulfilling the essential task of the city.",plentitude,decline,excitement,ambition,privation,health,,,,B|F,B|F,,,TCSE_1-50.pdf
S015Q06,15,easy,6,TC3,"When the Agriculture Department (i)_____ its dietary guidelines, it laid down a challenge: Eat better, smarter, and healthier or else. The “or else” included a long list of (ii)_____ that (iii)_____ the developed world, from heart disease and osteoporosis to diabetes.",make public,debunked,refused to consider,intangibles,misconceptions,maladies,assuage,plague,ignore,A|F|H,A|F|H,,,TCSE_1-50.pdf
S015Q07,15,easy,7,SE,"The jazz style called bebop was born and nurtured in New York City, and despite a _____ initial reception, it resonated three thousand miles away on the West Coast.",wary,warm,confused,muddled,convivial,hostile,,,,C|D,C|D,,,TCSE_1-50.pdf
S015Q08,15,easy,8,SE,"Despite the _____ of medical information available through e-mail, the Internet, and mobile devices, not many patients are taking advantage of the potential of electronic communications for health-related needs.",wealth,complexity,intricacy,profusion,resurgence,overload,,,,A|D,A|D,,,TCSE_1-50.pdf
S015Q09,15,easy,9,SE,"The political upheaval caught most people by surprise: despite the _____ warnings of some commentators, it had never seemed that imminent.",stern,prescient,prophetic,indifferent,repeated,apathetic,,,,B|C,B|C,,,TCSE_1-50.pdf
S015Q10,15,easy,10,SE,"Wilson is wont to emphasize the _____ of ants, how ants with full stomachs will regurgitate liquid food for those without , or how the old will fight so the young can survive.",beneficence,altruism,unpredictability,intelligence,fecundity,fertility,,,,A|B,A|B,,,TCSE_1-50.pdf
S016Q01,16,medium,1,TC1,"Blake’s reputation for weakness is _____: almost all who have worked with him say he is a disciplined, intellectually formidable, and very tough politician.",specious,pervasive,irreversible,trivial,ambivalent,,,,,A,A,,,TCSE_1-50.pdf
S016Q02,16,medium,2,TC1,"In protoscientific (for example, in ancient Greece), claims about the physical world were often accepted as true if they were reasonable; experimental verification, if thought necessary at all, was _____.",utilitarian,perfunctory,egregious,empirical,inductive,,,,,B,B,,,TCSE_1-50.pdf
S016Q03,16,medium,3,TC2,"Though many professional book reviewers would agree that criticism should be (i)_____ enterprise, a tendency to write (ii)_____ reviews has risen, partly out of the mistaken belief that sharing personal details will help reviewers stand out of the pack",an anonymous,an evenhanded,a spirited,scathing,confessional,superficial,,,,A|E,A|E,,,TCSE_1-50.pdf
S016Q04,16,medium,4,TC2,Many of the unusual behaviors attributed to crows—such as drinking coffee or presenting gifts to people who feed them—are based on (i)_____ and therefore fall into the category of (ii)_____ rather than science.,long-term observation,controlled experiments,secondhand testimony,anecdote,speculation,hypothesis,,,,C|D,C|D,,,TCSE_1-50.pdf
S016Q05,16,medium,5,TC2,"Despite the scathing precision with which she satirizes the lives of social aspirants and moneyed folk, the writer appears to (i)_____ being part of the world she presents as so (ii)_____.",abhor,relish,evoke,unattainable,insufferable,enchanting,,,,B|E,B|E,,,TCSE_1-50.pdf
S016Q06,16,medium,6,TC3,"Although Thaler employs an innovative mode of analysis, his study offers yet another examination of quite (i)_____ ground—namely, the culture ideology of Norwegian-American preservationist writers in the early twentieth century. The history, literature, and changing internal dynamics of the Norwegian subculture in America constitute a particularly well-studied area. Anyone familiar with the authoritative work of scholars in the field will (ii)_____ little in Thaler’s study that is (iii)_____.",unfamiliar,well-worked,fruitful,find,understand,reveal,accurate,new,recognizable,B|D|H,B|D|H,,,TCSE_1-50.pdf
S016Q07,16,medium,7,SE,"Though it may seem as if more than a century of _____ has made the electrical grid an all- encompassing web connecting the whole of the continent, many vast and beautiful areas remain without power.",refinement,expansion,ubiquity,augmentation,omnipresence,isolation,,,,B|D,B|D,,,TCSE_1-50.pdf
S016Q08,16,medium,8,SE,"Much of the literature of railroad seeks someone to _____, and it is thus replete with encomiums on entrepreneurs and managers.",indict,rehabilitate,exalt,valorize,emulate,excoriate,,,,C|D,C|D,,,TCSE_1-50.pdf
S016Q09,16,medium,9,SE,"Not only was this writer content to leave the reading public in the dark, she seems to have _____ the role of trickster, seeding her works with apparent clues that led nowhere.",rejected,disdained,relished,participated in,delighted in,developed,,,,C|E,C|E,,,TCSE_1-50.pdf
S016Q10,16,medium,10,SE,The major _____ of much popular history is that it betrays no interest in making intellectual contributions to our understanding of an issue.,characteristic,shortcoming,dilemma,quandary,ploy,fault,,,,B|F,B|F,,,TCSE_1-50.pdf
S017Q01,17,medium,1,TC1,"While early biographies of Florence Nightingale tended to be quite _____, Lytton Strachey’s irreverent 1918 essay about her ushered in a new era, making it acceptable, even fashionable, to criticize her.",unsympathetic,sycophantic,unsentimental,censorious,pedantic,,,,,B,B,,,TCSE_1-50.pdf
S017Q02,17,medium,2,TC1,"The modest but functional new wing finally gives the museum the _____ to serve its visitors properly, including multiple entrances to eliminate the lines that used to snake around the building.",visibility,wherewithal,reputation,solemnity,panache,,,,,B,B,,,TCSE_1-50.pdf
S017Q03,17,medium,3,TC2,"The benefits offered by information technology do not (i)_____ the need for individual reasoning; for example, Internet user should not allow the reasoning process to be (ii)_____ the mere accumulation raw data.",disguise,signal,diminish,preceded by,supplemented with,supplanted by,,,,C|F,C|F,,,TCSE_1-50.pdf
S017Q04,17,medium,4,TC2,"Because the book is largely concerned with an examination of various (i)_____ often encountered in contemporary thinking, such as an exaggerated appreciation for meaningless coincidence and a credulous accept of pseudoscience, much of the writing has a (ii)_____ quality to it. Nevertheless, it avoids the overly earned scolding tone common to many such endeavors.",inadequacies,abstractions,complexities,debunking,speculative,generalizing,,,,A|D,A|D,,,TCSE_1-50.pdf
S017Q05,17,medium,5,TC2,"The building affairs minister rightly recognizes that the current planning system—under which the government controls every aspect of construction—creates disastrous developments, but she is wrong to propose the opposite: the wholesale (i)_____ of the building market. Such a complete (ii)_____ of responsibility on the part of the state can hardly be in the public’s interest.",liberalization,preservation,regulation,abnegation,recapitulation,accretion,,,,A|D,A|D,,,TCSE_1-50.pdf
S017Q06,17,medium,6,TC3,"Publisher, publicist, and broadcasters love anniversaries, those occasions when historical events become (i)_____ in (ii)_____ culture of celebration. On such occasions patriotic sentiment and national pride are wrapped in the panoply of history to manufacture a mythical past that is serviceable for public (iii)_____.",elusive moments,marketable artifacts,raging controversies,an authentic,a commercial,an elitist,consumption,scrutiny,censure,B|E|G,B|E|G,,,TCSE_1-50.pdf
S017Q07,17,medium,7,SE,"After rising continuously over the summer, commodity prices fell, leaving analyst wondering whether the downward trend is a turning point or merely a _____ before demand picks up in the winter months.",spike,upsurge,harbinger,portent,lull,respite,,,,E|F,E|F,,,TCSE_1-50.pdf
S017Q08,17,medium,8,SE,"Doris Kearns Goodwin’s elegant, incisive study of Lincoln _____ those whose knowledge of Lincoln is an amalgam of high school history and popular mythology as well as those who are experts.",gratify,entice,inspire,confuse,perplex,please,,,,A|F,A|F,,,TCSE_1-50.pdf
S017Q09,17,medium,9,SE,Explorers could not build each other’s knowledge if they could not trust records of previous explorers; thus exploration depended on the _____ of those who had gone before.,collegiality,endurance,exactitude,meticulousness,eminence,tenacity,,,,C|D,C|D,,,TCSE_1-50.pdf
S017Q10,17,medium,10,SE,"Well organized and researched and including all significant discoveries and medical scientists, this history of Western medicine has justly been called _____.",encyclopedic,long-winded,exhaustive,rambling,overbearing,undiscriminating,,,,A|C,A|C,,,TCSE_1-50.pdf
S018Q01,18,medium,1,TC1,Politicians who invoke the founders of the United States in support of their views seem to imply that the founders consistently concurred in their own views when in reality they were a highly _____ group of thinkers.,erudite,innovative,predictable,contentious,methodical,,,,,D,D,,,TCSE_1-50.pdf
S018Q02,18,medium,2,TC1,"Apparently, advanced tortoises evolved multiple times: the high-domed shells and columnar, elephantine feet of current forms are specializations for terrestrial life that evolved _____ on each continent.",independently,interchangeably,paradoxically,simultaneously,symmetrically,,,,,A,A,,,TCSE_1-50.pdf
S018Q03,18,medium,3,TC2,"Scholarly works on detective stories often begin with (i)_____, suggesting that there is something vaguely wrong with adults who spend their time reading such fiction and certainly something (ii)_____ those who devote energy to its analysis.",chronologies,apologies,synopses,awry in,astute about,courageous about,,,,B|D,B|D,,,TCSE_1-50.pdf
S018Q04,18,medium,4,TC2,"Due to the extraordinary circumstances, British business owners found themselves in a (i)_____ position during the Second World War, forced to accept regular interference from government and to acquiesce to (ii)_____ role for labor unions in negotiating the terms and conditions of employment.",defensive,dominant,customary,a traditional,an enhanced,a diminished,,,,A|E,A|E,,,TCSE_1-50.pdf
S018Q05,18,medium,5,TC2,"As Ellen Donkin explains, in eighteenth-century England, writing plays (i)_____ women. Even when the (ii)_____ meant that playwriting did not bring personal fame, the work nevertheless enabled them to present their own views to the public and offered the possibility of acquiring capital.",empowered,overextended,impressed,use of a pseudonym,lack of a producer,poor remuneration,,,,A|D,A|D,,,TCSE_1-50.pdf
S018Q06,18,medium,6,TC3,"Laws protecting intellectual property are intended to stimulate creativity, yet some forms of creative work have never enjoyed legal protection—a situation that ought to be of great interest. If we see certain forms of creative endeavor (i)_____ as a result of uncontrolled copying, we might decide to (ii)_____ intellectual property law. Conversely, if unprotected creative work (iii)_____ in the absence of legal rules against copying, we would do well to know how such flourishing is sustained.",languishing,proliferating,diversifying,jettison,extend,relax,declines in originality,manages to thrive,openly invites imitation,A|E|H,A|E|H,,,TCSE_1-50.pdf
S018Q07,18,medium,7,SE,"Science is arguably a very high-minded pursuit, but that is not to say that all of its practitioners are _____, as numerous articles alleging overly generous pharmaceutical industry payments to medical researchers have tried to show.",conventional,clever,unimpeachable,ingenious,blameless,predictable,,,,C|E,C|E,,,TCSE_1-50.pdf
S018Q08,18,medium,8,SE,"In a field of egotists, Bloomfield is _____, often praising her competitors and punctuating her correspondence with self-deprecating remarks.",unassuming,complimentary,acerbic,ingenuous,cutting,modest,,,,A|F,A|F,,,TCSE_1-50.pdf
S018Q09,18,medium,9,SE,"Because its previously _____ beliefs had become core tenets of mainstream politics, the activist group disbanded; with no more skeptics to persuade, its purpose had evaporated.",arcane,seditious,quixotic,idealistic,popular,conventional,,,,C|D,C|D,,,TCSE_1-50.pdf
S018Q10,18,medium,10,SE,"Although scientific progress leads to constant revision of ideas, one observation that has remained _____ over the years is that there are a lot of insects in the world: some 950,000 species have been identified.",robust,significant,strong,perplexing,confounding,obscure,,,,A|C,A|C,,,TCSE_1-50.pdf
S019Q01,19,medium,1,TC1,"What once seemed a quixotic vision—the “Subway to the Sea,” connecting Union Station in downtown Los Angeles to the Pacific Ocean in Santa Monica—no longer seems quite so _____.",impracticable,prescient,banal,viable,beneficial,,,,,A,A,,,TCSE_1-50.pdf
S019Q02,19,medium,2,TC1,There is _____ in the director’s most recent film that keeps the melodramatic possibilities latent in its script safely at bay.,a mawkishness,a predictability,an austerity,an ostentatiousness,an emotiveness,,,,,C,C,,,TCSE_1-50.pdf
S019Q03,19,medium,3,TC2,"Computers have become adept in rarefied domains once thought to be uniquely human. However, they simultaneously have (i)_____ certain tasks basic to the human experience, including spatial orientation and object recognition, and in so doing, have shown us how (ii)_____ such fundamental skills truly are.",failed to master,helped to improve,managed to mimic,outmoded,common,impressive,,,,A|F,A|F,,,TCSE_1-50.pdf
S019Q04,19,medium,4,TC2,"Until the advent of film, commercial entertainment in England occurred only where concentrated urban populations provided audiences large enough to make it remunerative: theaters and music halls were (i)_____ in rural villages. But village cinemas quickly become (ii)_____, even though they were ramshackle affairs in comparison to the urban picture palaces.",spartan,unconceivable,profitable,commonplace,sophisticated,unfashionable,,,,B|D,B|D,,,TCSE_1-50.pdf
S019Q05,19,medium,5,TC2,"Among wide-ranging animal species, populations at the edge of the species’ range are frequently exposed to less (i)_____ and more variable conditions than those in other parts on the range. As a result, the animal’s abundance is often (ii)_____.",erratic,favorable,demanding,lower at the periphery,unaffected by habitat,underestimated by researchers,,,,B|D,B|D,,,TCSE_1-50.pdf
S019Q06,19,medium,6,TC3,"Common sense tells me some people are more (i)_____ than others. The claim that these differences are (ii)_____, or that deep down, everybody acts only to further their own interests, (iii)_____ our everyday observations and deep-seated human practices of moral evaluation.",altruistic,adaptable,disciplined,growing,illusory,relevant,mimics,explains,contradicts,A|E|I,A|E|I,,,TCSE_1-50.pdf
S019Q07,19,medium,7,SE,"Anne Carson’s book Nox is, very deliberately, _____ literary object—the opposite of an e-reader, which is designed to vanish in your palm as you read on a train.",an evanescent,a cumbersome,an immutable,an unwieldy,an ephemeral,a flexible,,,,B|D,B|D,,,TCSE_1-50.pdf
S019Q08,19,medium,8,SE,"One of the peculiarities of humans is that we irrationally gravitate to the predictable and avoid risk, whatever the reasons for this _____, it is hardly a sound basis for dealing with complex, long- term problems.",eccentricity,predilection,vacillation,proclivity,wavering,cowardice,,,,B|D,B|D,,,TCSE_1-50.pdf
S019Q09,19,medium,9,SE,"Williamson had a fierce commitment to achieving an accord, spending enormous amount of time trying to forge a consensus out of an often _____ assembly.",apathetic,fractious,restive,cynical,compliant,tractable,,,,B|C,B|C,,,TCSE_1-50.pdf
S019Q10,19,medium,10,SE,"One _____ is that so far, Web services have turned out to be much harder to deliver than their champions had hoped.",hope,snag,prospect,hitch,upshot,reason,,,,B|D,B|D,,,TCSE_1-50.pdf
S020Q01,20,medium,1,TC1,"Unlike some mammals—cows and sheep, for instance—that are notably _____, lions have a wide range of facial expressions.",tractable,impassive,solitary,social,sluggish,,,,,B,B,,,TCSE_1-50.pdf
S020Q02,20,medium,2,TC1,"Though humanitarian emergencies are frequent features of television news, such exposure seldom _____ the public, which rather seems resigned to a sense of impotency.",paralyzes,demoralizes,assuages,galvanizes,exasperates,,,,,D,D,,,TCSE_1-50.pdf
S020Q03,20,medium,3,TC2,"Historian Barbara Alpern Engel’s task in writing a book about women in Russia must have been a (i)_____ one, because the (ii)_____ the Russian empire’s peoples meant that Russian women could never be treated as a homogeneous group.",motivating,boring,daunting,unity among,disinterest in,diversity of,,,,C|F,C|F,,,TCSE_1-50.pdf
S020Q04,20,medium,4,TC2,"The national bank has been uncommonly powerful in comparison to its counterparts in other nations. It remains this potency partly because its control of the nation's banking system is (i)_____ governmental interference, and thus its actions remain largely (ii)_____.",unencumbered by,replete with,hindered by,compulsory,discretionary,bureaucratic,,,,A|E,A|E,,,TCSE_1-50.pdf
S020Q05,20,medium,5,TC2,"The material covered in this article has been (i)_____ in previous publications, and since currently neglected areas remained unexplored, the article contains no (ii)_____.",skirted,scrutinized,countered,revelations,distortions,conclusions,,,,B|D,B|D,,,TCSE_1-50.pdf
S020Q06,20,medium,6,TC3,"China’s rapidly growing population is the main threat facing large carnivores in the People’s Republic. Increasingly, policies aimed at limiting population growth have been (i)_____; nevertheless, the country’s vast size and the isolation of many of its regions mean that human populations in areas where large carnivores still occur (ii)_____. This human pressure has (iii)_____ the South China tiger.",modified,deemphasized,implemented,could start to decline,can grow unchecked,have stabilized,celebrated,doomed,bypassed,C|E|H,C|E|H,,,TCSE_1-50.pdf
S020Q07,20,medium,7,SE,"Asserting a need to preserve the _____ that became the hallmark of her predecessor’s tenure, the new director of federal monetary policy refused to subscribe to rigid or mechanistic rules in policy making.",firmness,adaptability,unpredictability,autonomy,strictness,flexibility,,,,B|F,B|F,,,TCSE_1-50.pdf
S020Q08,20,medium,8,SE,"At first, most of the famous fairy tales seem so implausible and so irrelevant to contemporary life that their _____ is hard to understand.",universality,persistence,appeal,ephemerality,survival,transience,,,,B|E,B|E,,,TCSE_1-50.pdf
S020Q09,20,medium,9,SE,"Far from _____ innovations, as the patent system was designed to do, the patenting of concepts such as gene sequences gives individuals and corporations a legal choke to hold over ideas that should be useful to all.",spurring,recognizing,codifying,acknowledging,fostering,cataloging,,,,A|E,A|E,,,TCSE_1-50.pdf
S020Q10,20,medium,10,SE,"Advocates for workers’ rights have adopted a new strategy, one that will require considerable ingenuity but that, if successful, could _____ a movement aimed at making labor rights an unassailable feature of American democracy.",frustrate,galvanize,presume,affect,animate,thwart,,,,B|E,B|E,,,TCSE_1-50.pdf
S021Q01,21,medium,1,TC1,"In protoscientific (for example, in ancient Greece), claims about the physical world were often accepted as true if they were reasonable; experimental verification, if thought necessary at all, was _____.",utilitarian,perfunctory,egregious,empirical,inductive,,,,,B,B,,,TCSE_1-50.pdf
S021Q02,21,medium,2,TC1,The theory that the 1908 Tunguska event was the explosion of a cosmic body in the sky over Siberia is _____: no one has yet found fragments of the object or any impact craters in the affected region.,long-standing,indisputable,plausible,uncontested,unproven,,,,,E,E,,,TCSE_1-50.pdf
S021Q03,21,medium,3,TC2,"Although the political science professor’s paper is quite (i)_____ about the government’s problem, suggesting that they are part of (ii)_____ a process, the prognosis for the government is, on the contrary, actually quite auspicious.",straightforward,circuitous,pessimistic,degenerative,comprehensive,spontaneous,,,,C|D,C|D,,,TCSE_1-50.pdf
S021Q04,21,medium,4,TC2,"Although the vast weight of evidence supports the contention that the products of agricultural biotechnology are environmentally (i)_____, many people still find them (ii)_____ unsettling.",destructive,sound,intriguing,retroactively,innocuously,intrinsically,,,,B|F,B|F,,,TCSE_1-50.pdf
S021Q05,21,medium,5,TC3,"The usual (i)_____ spending public monies on scientific projects is that such projects have the potential to make our lives healthier, safer, and more productive. However, the fact that science – even “pure” science – can strengthen democracy and promote public participation in the political process is hardly ever (ii)_____. It should be Scientific literacy (iii)_____ democracy, and this is an important ancillary benefit of the promotion of science.",argument against,rationale for,precedent for,denied,mentioned,gainsaid,stifles,energizes,disregards,B|E|H,B|E|H,,,TCSE_1-50.pdf
S021Q06,21,medium,6,TC3,"Early practitioners of the natural sciences developed methods to remove distortions caused by either the research environment or the researcher. Such methods, especially with respect to the researcher, were considered to (i)_____ those (ii)_____ subjectivity whose unbridled expression was thought to (iii)_____ research.",restrain,reveal,disguise,incursions of,restrictions on,acknowledgements of,corrupt,justify,expedite,A|D|G,A|D|G,,,TCSE_1-50.pdf
S021Q07,21,medium,7,SE,"The researcher noted that microbes, although _____, make up far more of the living protoplasm on Earth than all humans, animals and plants combined.",invisible,omnipresent,diminutive,ubiquitous,minuscule,ethereal,,,,A|F,A|F,,,TCSE_1-50.pdf
S021Q08,21,medium,8,SE,"In Inuit culture, elaborate carving has often been used to enhance _____ object such as harpoon heads and other tools.",utilitarian,functional,domestic,decorative,manufactured,ornamental,,,,A|B,A|B,,,TCSE_1-50.pdf
S021Q09,21,medium,9,SE,Benjamin Franklin’s reputation is so much one of appearing scientific investigation with commonsense empiricism that it is somewhat startling to realize how _____ the great experiment’s mentoring truly was.,reasonable,speculative,pragmatic,conjectural,careless,judicious,,,,B|D,B|D,,,TCSE_1-50.pdf
S021Q10,21,medium,10,SE,"Scientist reported last month on a sign of relative solar _____; the solar wind, a rush of charged particles continually spewed from the Sun at a million miles an hour, had diminished to its lowest level in 50 years.",quiescence,turbulence,isolation,calm,remoteness,instability,,,,A|D,A|D,,,TCSE_1-50.pdf
S022Q01,22,medium,1,TC1,"Motivation is the hardest of all managerial tasks, and it is _____ to expect a single memo, no matter how well crafted, to have much effect on the staff’s attitude.",ingenious,reasonable,fanciful,scrupulous,radical,,,,,C,C,,,TCSE_1-50.pdf
S022Q02,22,medium,2,TC1,"Many readers today consider the moral sentiments expressed in the ancient writers’ work to be quite vapid, and in the seventeenth century they were similarly regarded as _____.",jejune,didactic,dogmatic,tendentious,arcane,,,,,A,A,,,TCSE_1-50.pdf
S022Q03,22,medium,3,TC2,"The author argued that the field of sociology has been overly (i)_____, partly because, for many scholars, the edges of social universe are defined by national borders. In this era of increasing globalization, however, sociology is presented with a historically distinct opportunity to transcend its former (ii)_____.",narrow in scope,susceptible to fads,averse to empiricism,utilitarianism,parochialism,historicism,,,,A|E,A|E,,,TCSE_1-50.pdf
S022Q04,22,medium,4,TC2,"The author of this travel guide (i)_____ to show his readers Cairo as it really is, but his information is not reliable: for example, his geography is (ii)_____, with one walking tour covering areas of the city that are twenty miles apart.",designs,forbears,purports,erratic,erudite,extensive,,,,C|D,C|D,,,TCSE_1-50.pdf
S022Q05,22,medium,5,TC3,"Behavioral economists have come to believe that a (i)_____ of choices can be paralyzing as Schwartz pointed out in the recent book The Paradox of Choice. Studies of retirement plans show that the more investment choices a plan offers, the less likely people are to participate in it. It may follow, then, that a lack of flexibility in certain plans may actually be a (ii)_____. People reasonably (iii)_____ some advantages in exchange for peace of mind.",surfeit,reduction,stabilization,virtue,conundrum,revelation,foresee,forestall,forgo,A|D|I,A|D|I,,,TCSE_1-50.pdf
S022Q06,22,medium,6,TC3,"Although political events in different countries were not (i)_____ in the nineteen century, their interrelationship was (ii)_____ compared with the present, when interdependence has become far greater: (iii)_____ has ceased to be an option.",unconnected,trivial,simultaneous,conditional,superficial,transparent,isolationism,resilience,idealism,A|E|G,A|E|G,,,TCSE_1-50.pdf
S022Q07,22,medium,7,SE,"Publicity surrounding celebrities’ donations to charity is often greeted with cynicism, but a study of celebrity donation shows that they do _____ other donations.",preclude,elicit,allow,draw,bar,replace,,,,B|D,B|D,,,TCSE_1-50.pdf
S022Q08,22,medium,8,SE,Aerial viewings of the gigantic stone horse attributed to the Native American Quechuan people fail to _____ the considerable artistry required to create the piece: the horse appears crudely constructed unless carefully examined from the ground.,reveal,justify,manifest,mitigate,diminish,undercut,,,,A|C,A|C,,,TCSE_1-50.pdf
S022Q09,22,medium,9,SE,"Culture, like speech, is primarily a human faculty, although both functions may exist in a more _____ form in lesser primates.",indispensable,crucial,primitive,intelligible,recognizable,rudimentary,,,,C|F,C|F,,,TCSE_1-50.pdf
S022Q10,22,medium,10,SE,Jackie Wullschlager's biography of Hans Christian Andersen _____ the insipid sweetness with which Andersen coated his life and reveals a vulnerable gingerbread man with a bitter almond where his heart should be.,conjures up,imagines,strips away,overlooks,removes,ignores,,,,C|E,C|E,,,TCSE_1-50.pdf
S023Q01,23,medium,1,TC1,"Though the volume of radioactive waste produced by nuclear power plants is _____, the problem of how to dispose of that waste is not: rather, it is of major importance.",unmanageable,troubling,significant,small,deceptive,,,,,D,D,,,TCSE_1-50.pdf
S023Q02,23,medium,2,TC1,"For the urban researcher, the long lives of ancient cities can provide ample chronological data, making up for the paucity stemming from relative _____ of most present-day cities.",complexity,formlessness,transparency,diversity,youthfulness,,,,,E,E,,,TCSE_1-50.pdf
S023Q03,23,medium,3,TC2,"The school system’s modest plan for curriculum improvements has (i)_____ local educators: some call it (ii)_____ effort, while others say it is a pragmatic approach given the complexity of the task.",surprised,impressed,divided,genuine,halfhearted,practical,,,,C|E,C|E,,,TCSE_1-50.pdf
S023Q04,23,medium,4,TC2,The author of this political history text shows considerable bias against the political party when assigning credit or blame for its actions: he deems (i)_____ what he favors and avoids what he (ii)_____.,pertinent,inevitable,divided,condemns,condones,ignores,,,,B|D,B|D,,,TCSE_1-50.pdf
S023Q05,23,medium,5,TC3,"The (i)_____ quality of much contemporary drawing may be attributable to the use of photography as a drawing shortcut. Photography (ii)_____ modern arts, but when it is used as a tracing tool in order to (iii)_____ the difficulties of achieving correct proportion, the resulting art often feels static and lifeless.",inert,jubilant,sensuous,frequently enervated,wonderfully enriched,inevitably circumscribed,augment,foreground,circumvent,A|E|I,A|E|I,,,TCSE_1-50.pdf
S023Q06,23,medium,6,TC3,"To read Joanna Scott is to admire the work of a (i)_____. From sentence to story, she narrates with great skill and (ii)_____, so that the reader soon relaxes in the assurance that a hint or a brushstroke delivered in chapter 1 will be (iii)_____ before the novel comes to an end.",proselytizer,sage,master,deliberation,enthusiasm,flamboyance,given import,largely forgotten,overwhelmed with details,C|D|G,C|D|G,,,TCSE_1-50.pdf
S023Q07,23,medium,7,SE,"While it is always clear that the author's message is heartfelt, it is mostly buried by shortcomings of style, organization, and production, although the book does become more _____ toward the end.",sincere,intelligible,orthodox,readable,frank,voluble,,,,B|D,B|D,,,TCSE_1-50.pdf
S023Q08,23,medium,8,SE,A clever form of diplomacy involves subtly inducing the other party to propose your preference so that your _____ their requests appears as the granting of concession.,accession to,inattention to,subversion of,abnegation of,repudiation of,acquiescence to,,,,A|F,A|F,,,TCSE_1-50.pdf
S023Q09,23,medium,9,SE,"Films that critics have slumbered through rarely generate industry excitement, even though the critics’ _____ reception may be less the fault of the movie than of its unfortunate time slot near a fatiguing film festival’s conclusion.",somnolent,impartial,lethargic,laconic,befuddled,evenhanded,,,,A|C,A|C,,,TCSE_1-50.pdf
S023Q10,23,medium,10,SE,"Even the cleverest use of time management techniques is powerless to _____ the sum of minutes in a person’s life (over 52 million, optimistically assuming a life expectancy of 100 years ), so people squeeze as much as they could into each one of them.",justify,quantify,augment,enrich,measure,extend,,,,C|F,C|F,,,TCSE_1-50.pdf
S024Q01,24,medium,1,TC1,"Few studies have been published on ground-squirrel dispersal, and most of them have involved very small sample sizes, thus most statement regarding ground-squirrel dispersal must be considered _____.",invaluable,unexceptional,inveterate,routine,conjectural,,,,,E,E,,,TCSE_1-50.pdf
S024Q02,24,medium,2,TC1,"To criticize a disaster film for being _____ is a bit silly, since people do not go to disaster movies to see an honest portrayed of reality.",expensive,harrowing,derivative,convoluted,implausible,,,,,E,E,,,TCSE_1-50.pdf
S024Q03,24,medium,3,TC2,"It would be naïve to treat remarks made in diaries or personal letters as giving especially candid access to historical truth or even as being expressions of the writer’s true state of mind, since the (i)_____ for exaggeration and deception in those forms is virtually nonexistent. Diaries and letters are rarely sites for (ii)_____.",motivation,penalty,tendency,premeditated manipulation,childish theatrics,balanced reflection,,,,B|F,B|F,,,TCSE_1-50.pdf
S024Q04,24,medium,4,TC2,"The author paints a rather dark picture of book publishing as a hidebound industry, one that is facing a profound change in its mode of production but is so (i)_____ its past as to be (ii)_____ opportunity offered by technological changes.",alienated from,emboldened by,encumbered by,eager to exploit,unable to seize,forced to reconsider,,,,C|E,C|E,,,TCSE_1-50.pdf
S024Q05,24,medium,5,TC3,"The experimental theater company’s members know that their performances (i)_____ an audience, that they were dense and unpredictable and not always easy to digest. But none of the techniques used would be (ii)_____ anyone with an interest in music or films. Indeed, they would seem strange only to people who expected to see traditionally crafted plays. The actors therefore felt that theater critics’ derisive commentary showed only that the critics (iii)_____ the company’s work.",made demands on,had to command,were sure to please,contemplated by,alien to,intuitive for,lambasted,exploited,misunderstood,A|E|I,A|E|I,,,TCSE_1-50.pdf
S024Q06,24,medium,6,TC3,"Unlike most other serious journals, which drain money from their owners, the Review has long been (i)_____. But the formula is not without its imperfections, which have grown more pronounced in recent years. The publication has always been erudite and (ii)_____ but not always lively and readable. (iii)_____, accompanied by a certain aversion to risk taking, has pervaded its pages for a long time.",lucrative,realistic,unesteemed,authoritative,animated,trendy,an originality,an impulsiveness,a staleness,A|D|I,A|D|I,,,TCSE_1-50.pdf
S024Q07,24,medium,7,SE,"In the absence of a surface gradient, the new laws of refraction and reflection are _____ the conventional law, so they represent more of an extension than a complete revolution.",inferable from,entailed by,antithetical to,coincident with,antecedent to,oppositional to,,,,A|B,A|B,,,TCSE_1-50.pdf
S024Q08,24,medium,8,SE,"Flawed as it may be because it is conducted by subjective scientists, science itself has methods that help us _____ our biases and talk about objective reality with some validity.",bypass,reduce,exacerbate,magnify,acknowledge,circumvent,,,,A|F,A|F,,,TCSE_1-50.pdf
S024Q09,24,medium,9,SE,"In Japanese aesthetics, especially but not only in Noh, beauty contains the idea of _____: beauty must have an air of evanescence, the intimation of its own demise.",transience,symmetry,decay,simplicity,balance,deterioration,,,,C|F,C|F,,,TCSE_1-50.pdf
S024Q10,24,medium,10,SE,"The uniquely human ability to rethink and revise our social arrangements is a weird blessing, allowing us to create systems that are as likely to _____ us as to liberate us.",cheer,shackle,admonish,educate,stifle,enliven,,,,B|E,B|E,,,TCSE_1-50.pdf
S025Q01,25,medium,1,TC1,"In contrast to such sparsely populated terrestrial habitats as desert and tundra, the oceans _____ with a seemingly endless array of creatures.",teem,flow,evolve,roil,ebb,,,,,A,A,,,TCSE_1-50.pdf
S025Q02,25,medium,2,TC1,"Barring the discovery of new letters, hidden diaries, or the like, fresh information about eminent people is hard to find because their lives have been so intensely _____.",ridiculed,scrutinized,admired,embellished,underrated,,,,,B,B,,,TCSE_1-50.pdf
S025Q03,25,medium,3,TC2,"Recent scholarship has questioned the (i)_____ of tropical forests around the world. Archaeologists have shown, for example, that the largest contiguous tract of what was thought to be virgin rain forest in the southern Amazon had been transformed into a cultural parkland before European contact, and many of the forest islands in West Africa’s savanna forest transition zone are (ii)_____ as well.",diversity,naturalness,sustainability,isolated,endangered,anthropogenic,,,,B|F,B|F,,,TCSE_1-50.pdf
S025Q04,25,medium,4,TC2,"A (i)_____ to disseminate the vast scientific knowledge of our time to nonscientists shows real (ii)_____ the magnificent achievement humanity is capable of, like allowing a great work of art to molder in a warehouse.",triumph,failure,diffusion,indifference to,enthusiasm for,glory of,,,,B|D,B|D,,,TCSE_1-50.pdf
S025Q05,25,medium,5,TC3,"Cultures can shape attitudes and beliefs in ways that (i)_____ conscious awareness or control; in other words, cultural orientations may develop from processes that do not entail (ii)_____ participation, and cultures may pervade subtle psychological dynamics in ways that individuals may not be able to (iii)_____. Thus, theories and tools developed to study implicit cognition may increase our understanding of the complex interplay between culture and individuals.",operate outside of,tend to facilitate,may not alter,active,random,rote,report,maintain,condone,A|D|G,A|D|G,,,TCSE_1-50.pdf
S025Q06,25,medium,6,TC3,"Publisher, publicist, and broadcasters love anniversaries, those occasions when historical events become (i)_____ in (ii)_____ culture of celebration. On such occasions patriotic sentiment and national pride wrapped in the panoply of history to manufacture a mythical past that is serviceable for public (iii)_____.",elusive moments,marketable artifacts,raging controversies,an authentic,a commercial,an elitist,consumption,scrutiny,censure,B|E|G,B|E|G,,,TCSE_1-50.pdf
S025Q07,25,medium,7,SE,"The Chavez Pass archaeological site was initially interpreted as indicative of _____ society, since it was thought to have been at the center of a cluster of smaller, contemporary settlements that it presumably controlled.",an expansionist,a hierarchical,an urban,a heterogeneous,a diverse,a stratified,,,,B|F,B|F,,,TCSE_1-50.pdf
S025Q08,25,medium,8,SE,"Although the insistence on balancing spending against tax revenues has contributed to the economy’s stagnation, unfortunately, the government does not seem likely to _____ this rigid policy.",initiate,persist in,publicize,repudiate,continue,recant,,,,D|F,D|F,,,TCSE_1-50.pdf
S025Q09,25,medium,9,SE,"Although its director _____ that the movie uses a documentary approach in portraying the famous sit-down strike, in practice its characters are heavily fictionalized and fall into familiar Hollywood types.",asserts,concedes,guarantees,disputes,grants,maintains,,,,A|F,A|F,,,TCSE_1-50.pdf
S025Q10,25,medium,10,SE,"For all the _____ the new CEO has received from the press recently, her staff have a decidedly less rosy view of her.",encomiums,tributes,evaluations,critiques,attention,publicity,,,,A|B,A|B,,,TCSE_1-50.pdf
S026Q01,26,medium,1,TC1,Scientists have argued not only that the chains of atoms called ladder compounds have _____ theoretical interest but also that studies of such systems can lead to important practical applications.,limited,dubious,superfluous,unidimensional,intrinsic,,,,,E,E,,,TCSE_1-50.pdf
S026Q02,26,medium,2,TC1,"Some novelists immodestly idealized and exaggerated the significance of their work, but others, _____ to exalt the role of the writer, question a transcendent view of the art.",averring,declining,seeking,feigning,avowing,,,,,B,B,,,TCSE_1-50.pdf
S026Q03,26,medium,3,TC2,"In her works, she (i)_____ confidence. She gets excessively (ii)_____ to authorities, even when rejecting their views.",inspires,exudes,lacks,pugnacious,deferential,condescending,,,,C|E,C|E,,,TCSE_1-50.pdf
S026Q04,26,medium,4,TC2,"The trade in scientific literature in nineteenth-century Germany was so robust that publisher constantly worried about (i)_____ of new titles, an anxiety that gave even relatively undistinguished authors, who made their living writing technical treatises, (ii)_____.",prices,supplies,embargoes,limited public relevance,enviable scholarly credentials,strong bargaining positions,,,,B|F,B|F,,,TCSE_1-50.pdf
S026Q05,26,medium,5,TC3,"Laws protecting intellectual property are intended to stimulate creativity, yet some forms of creative work have never enjoyed legal protection—a situation that ought to be of great interest. If we see certain forms of creative endeavor (i)_____ as a result of uncontrolled copying, we might decide to (ii)_____ intellectual property law. Conversely, if unprotected creative work (iii)_____ in the absence of legal rules against copying, we would do well to know how such flourishing is sustained.",languishing,proliferating,diversifying,jettison,extend,relax,declines in originality,manages to thrive,openly invites imitation,A|E|H,A|E|H,,,TCSE_1-50.pdf
S026Q06,26,medium,6,TC3,"The slow pace of job creation was without precedent for the period of recovery from a recession, but the conditions that conspired to cause the recession were also (i)_____. The stock market declined sharply, and rampant business investment slumped. Then an ensuing spate of scandals (ii)_____ public trust in the way companies were run. And yet, despite these powerful (iii)_____ to growth, the recession proved surprisingly mild.",heartening,atypical,ambiguous,weakened,illuminated,consolidated,counterforces,stimulants,concomitants,B|D|G,B|D|G,,,TCSE_1-50.pdf
S026Q07,26,medium,7,SE,A cure for the common cold has been so elusive that it has become a modern symbol of _____.,danger,futility,unease,pointlessness,sloth,apathy,,,,B|D,B|D,,,TCSE_1-50.pdf
S026Q08,26,medium,8,SE,The dictator’s gleaming military uniform and imperial paraphernalia sharply contrast with the _____ fashion favored by most other contemporary political leaders.,unostentatious,modest,august,majestic,formal,casual,,,,A|B,A|B,,,TCSE_1-50.pdf
S026Q09,26,medium,9,SE,"If giant X-ray flares churn circumstellar disks enough to keep newborn planets, such as Earth once was, from spiraling into their suns, it would be an ironic twist on our conception of X-ray flares as _____.",dangerous,predictable,ancient,ephemeral,perilous,foreseeable,,,,A|E,A|E,,,TCSE_1-50.pdf
S026Q10,26,medium,10,SE,"Not only was this writer content to leave the reading public in the dark, she seems to have _____ the role of trickster, seeding her works with apparent clues that led nowhere.",rejected,disdained,relished,participated in,delighted in,developed,,,,C|E,C|E,,,TCSE_1-50.pdf
S027Q01,27,medium,1,TC1,"Though many avant-garde writers _____ traditional distinctions among literary categories, combining elements of biography and fiction, prose and poetry, this fusion of forms has been slow to catch on with publishers.",flout,presuppose,exploit,imitate,illuminate,,,,,A,A,,,TCSE_1-50.pdf
S027Q02,27,medium,2,TC1,"By pointing out the self-serving nature of the governor’s motives for supporting the new health care policy, the columnist implied that the governor’s idealistic-sounding explanation of her position on the issue was almost certainty _____.",impractical,derivative,simplistic,disingenuous,ineffectual,,,,,D,D,,,TCSE_1-50.pdf
S027Q03,27,medium,3,TC2,"The documentation of Earth’s biodiversity is complicated by the (i)_____ taxonomists. Those experts in classifying species tent to be (ii)_____ North American and Europe, whereas most of the undocumented biodiversity is likely in the tropics.",uneven distribution of,theoretical commitments of,professional rivalries among,clustered in,oblivious to,exported from,,,,A|D,A|D,,,TCSE_1-50.pdf
S027Q04,27,medium,4,TC2,"Invention was (i)_____ the work of the ancient Greek historians, whose writings were filled with long and often purely fictitious speeches by great historical figures. The animating force in historical writing was rhetoric rather than (ii)_____. Even well into the eighteenth century, not a few historians continued to understand themselves as artists, given a license to invent.",discouraged in,a hallmark of,exceptional in,eloquence,evidence,imagination,,,,B|E,B|E,,,TCSE_1-50.pdf
S027Q05,27,medium,5,TC3,"Given children’s active fantasy lives, one might think of truthfulness as (i)_____ virtue in young children, but it turns out that lying is the more (ii)_____ skill. A child who is going to lie must recognize the truth, intellectually conceive of an alternate reality, and be able to convincingly sell that new reality to someone else. Therefore, lying (iii)_____ cognitive development and social skills in a way that honesty simply does not.",an instinctive,an acquired,a conscious,advanced,practical,mundane,undermines,forgoes,demands,B|D|I,B|D|I,,,TCSE_1-50.pdf
S027Q06,27,medium,6,TC3,"Traditional Vietnamese culture has long promoted the idea of gender equality. Founding myths (i)_____ the equal division of labor in child care for mothers and fathers. As is often the case, however, theoretical commitments are (ii)_____ actual processes. In reality, gender-based (iii)_____ persists.",obscure,celebrate,countermand,incommensurate with,surpassed by,inspired by,parity,inclusiveness,stratification,B|D|I,B|D|I,,,TCSE_1-50.pdf
S027Q07,27,medium,7,SE,"Although the biography never explicitly assesses what role the dynamic between Mr. Merrill’s parents might have played in the development of his personality, the author offers plenty of _____.",mystification,elucidation,speculation,reflection,obfuscation,conjecture,,,,C|F,C|F,,,TCSE_1-50.pdf
S027Q08,27,medium,8,SE,"There are great _____ in countries’ greenhouse gas emissions, especially in per capita terms: while the United States and China are similar in aggregate emissions, United States per capita emissions are a huge multiple of China’s.",distortions,disparities,fluctuations,advances,variances,vacillations,,,,B|E,B|E,,,TCSE_1-50.pdf
S027Q09,27,medium,9,SE,There is frequently a protracted time interval between the introduction of an innovative musical composition and its public acceptance; the concert-going public often spurns the _____ in favor of the familiar for a prolonged period.,comprehensive,intricate,novel,original,intelligible,complex,,,,C|D,C|D,,,TCSE_1-50.pdf
S027Q10,27,medium,10,SE,"The concept of the Hellenistic period in ancient history has proved useful but also _____, with scholars disagreeing on the dates when the period began and ended.",slippery,elusive,fruitless,deceptive,futile,compelling,,,,A|B,A|B,,,TCSE_1-50.pdf
S028Q01,28,medium,1,TC1,"In the solar system, collisions involving cosmic object are among the most _____ processes shaping surfaces: images of many solar objects show a proliferation of impact craters formed throughout the past 4.5 billion years.",cataclysmic,pervasive,misleading,uncontrollable,random,,,,,B,B,,,TCSE_1-50.pdf
S028Q02,28,medium,2,TC1,"If the study proves that bears are still endemic to the area, the proposal to introduce additional bears of the same species will probably face less opposition, since the plan would then involve _____ a historic population, not trying to build population from scratch.",reclassifying,augmenting,forestalling,publicizing,winnowing,,,,,B,B,,,TCSE_1-50.pdf
S028Q03,28,medium,3,TC2,"Folmer’s book on Edith Wharton seems far removed from recent trends in literary criticism; this need not to be a fault, except that, in its title and introduction, the book (i)_____ to be conversant with contemporary discourse in the field, but in its actual analysis of Wharton’s work, it is marked by a very (ii)_____ approach.",designs,fails,purports,old-fashioned,timely,arcane,,,,C|D,C|D,,,TCSE_1-50.pdf
S028Q04,28,medium,4,TC2,"The book is not comprehensive but is, instead, (i)_____ in the most positive sense:(ii)_____ rather than settles.",definitive,provocative,timely,stipulates,suggests,disseminates,,,,B|E,B|E,,,TCSE_1-50.pdf
S028Q05,28,medium,5,TC3,"Although political events in different countries were not (i)_____ in the nineteen century, their interrelationship was (ii)_____ compared with the present, when interdependence has become far greater: (iii)_____ has ceased to be an option.",unconnected,trivial,simultaneous,conditional,superficial,transparent,isolationism,resilience,idealism,A|E|G,A|E|G,,,TCSE_1-50.pdf
S028Q06,28,medium,6,TC3,"In adolescence, (i)_____ interactions are crucial in forging a self-identity. To be sure, this process often plays out in (ii)_____ as a means of defining and shoring up the sense of self. Kids will seek out like-minded companions, and spurn others who seem different. But when kept within reasonable bounds, this in-group (iii)_____ generally evolves into a more mature friendship pattern.",adult,wide-ranging,peer,cliquish social behavior,dramatic changes in,heightened sociability,alienation,clustering personality,competition,C|D|H,C|D|H,,,TCSE_1-50.pdf
S028Q07,28,medium,7,SE,"Few ideas are more _____ than the notion that cultures evolve in Darwin fashion; many academics have begun writing about cultural evolution, but few treat the underlying Darwinian logic with the care it deserves.",abused,archaic,misused,outdated,divisive,derivative,,,,A|C,A|C,,,TCSE_1-50.pdf
S028Q08,28,medium,8,SE,"After many years of feeling _____ by his seniors managers, Clark was becoming hopeful of advancement.",vilified,stymied,hindered,aggrieved,circumvented,overlooked,,,,B|C,B|C,,,TCSE_1-50.pdf
S028Q09,28,medium,9,SE,"Williamson had a fierce commitment to achieving an accord, spending enormous amount of time trying to forge a consensus out of an often _____ assembly.",apathetic,fractious,restive,cynical,compliant,tractable,,,,B|C,B|C,,,TCSE_1-50.pdf
S028Q10,28,medium,10,SE,"Readers looking for another condemnation of private equity firms should look elsewhere, this book is not _____ such firms.",a rant against,a diatribe on,an exculpation,a disquisition on,a vindication of,an argument about,,,,A|B,A|B,,,TCSE_1-50.pdf
S029Q01,29,medium,1,TC1,"Many readers today consider the moral sentiments expressed in the ancient writers’ work to be quite vapid, and in the seventeenth century they were similarly regarded as _____.",jejune,didactic,dogmatic,tendentious,arcane,,,,,A,A,,,TCSE_1-50.pdf
S029Q02,29,medium,2,TC1,"A new television documentary focuses on of the prime minister’s defining contradiction, portraying her as a woman who cultivated an image of _____, but who liked to live grandly.",irascibility,abstemiousness,contentiousness,insouciance,surreptitiousness,,,,,B,B,,,TCSE_1-50.pdf
S029Q03,29,medium,3,TC2,"The author clearly supports the causes he writes about, but he is more a narrator than (i)_____. Some say he should have included more (ii)_____, but he is wise to let the fact speak for themselves. They are complex enough to prompt many kinds of interpretation, and he would bog down the complicated tale if he tried to adjudicate all of their competing claims.",a reporter,an advocate,an adversary,statistical data,analysis of events,detailed description,,,,B|E,B|E,,,TCSE_1-50.pdf
S029Q04,29,medium,4,TC2,"The controversy about Alexander the Great’s personality derives from the fact that our sources are (i)_____, all eyewitness accounts having perished. What remains is, at best, (ii)_____ (one history, for instance is based largely on the now-lost memoirs of Alexander’s alleged half-brother, Ptolemy) and at worst, highly unreliable.",outdated,inadequate,abstruse,secondhand,repetitious,deceptive,,,,B|D,B|D,,,TCSE_1-50.pdf
S029Q05,29,medium,5,TC3,"One sometimes hears that Marco Polo introduced pasta to the Western world, having encountered it in China. This durable myth, which (i)_____ that nothing should have been known of pasta in Italy until 1295, when Marco Polo returned from the Far East, can easily be (ii)_____ by pointing out that there are Italian references to pasta that (iii)_____.",requires,demonstrates,symbolizes,augmented,debunked,traced,praise its virtues,can be authenticated,predate that event,A|E|I,A|E|I,,,TCSE_1-50.pdf
S029Q06,29,medium,6,TC3,"For almost two centuries, the German island of Sylt has offered various therapies for every conceivable (i)_____ from broken bones to liver complaints. The local mud, saltwater, thermal pools, and spas have been deemed (ii)_____ by the German medical system, which (iii)_____ some of these treatments. Consequently, the treatments are widely used.",malady,indiscretion,prognosis,healthful,suspect,innocuous,doubts,denies,funds,A|D|I,A|D|I,,,TCSE_1-50.pdf
S029Q07,29,medium,7,SE,"His premiership, seemingly cast-iron year ago, is now so vulnerable that even a good day at the office does no more than buy him a few weeks of _____ from rebels within his own party.",controversy,reproach,respite,relief,blame,deference,,,,C|D,C|D,,,TCSE_1-50.pdf
S029Q08,29,medium,8,SE,"Even before she went to art school, Veronica found the standard design categories _____: she didn’t understand why designing buildings and designing tables should require different sensibilities.",provocative,limiting,stimulating,confusing,confining,exhilarating,,,,B|E,B|E,,,TCSE_1-50.pdf
S029Q09,29,medium,9,SE,"The author engages this issue from diverse perspectives, supports his arguments with many examples, and manages to avoid antagonizing others in dealing with a very _____ subject.",contentious,pedestrian,controversial,perplexing,mundane,intriguing,,,,A|C,A|C,,,TCSE_1-50.pdf
S029Q10,29,medium,10,SE,"Space is often referred to as the final frontier, as the only realm of which humankind has still to gain substantial understanding, yet the ocean is also another vast area about which our knowledge is _____.",erroneous,confusing,frustrating,rudimentary,delusive,sketchy,,,,D|F,D|F,,,TCSE_1-50.pdf
S030Q01,30,medium,1,TC1,The stories in Yiyun Li’s recent collection are distinctive particularly for the strong contrast between their emotional intensity and their consistently _____ tone.,affable,ebullient,measured,irascible,overwrought,,,,,C,C,,,TCSE_1-50.pdf
S030Q02,30,medium,2,TC1,"The paleontologist examined the problem afresh, believing that the accepted classification _____ the essential continuity of the specimens by making specious distinctions among them.",disproved,belied,conflated,divulged,relaxed,,,,,B,B,,,TCSE_1-50.pdf
S030Q03,30,medium,3,TC2,"It would be naïve to treat remarks made in diaries or personal letters as giving especially candid access to historical truth or even as being expressions of the writer’s true state of mind, since the (i)_____ for exaggeration and deception in those forms is virtually nonexistent. Diaries and letters are rarely sites for (ii)_____.",motivation,penalty,tendency,premeditated manipulation,childish theatrics,balanced reflection,,,,B|F,B|F,,,TCSE_1-50.pdf
S030Q04,30,medium,4,TC2,"Making loans and fighting poverty are normally two of the least glamorous pursuits around, but remarkably enough put the two together, and you have an economic innovation that has become not just (i)_____ but downright (ii)_____.",popular,pointless,dangerous,chic,unfathomable,sensible,,,,A|D,A|D,,,TCSE_1-50.pdf
S030Q05,30,medium,5,TC3,"Although Thaler employs an innovative mode of analysis, his study offers yet another examination of quite (i)_____ ground-namely, the culture ideology of Norwegian-American preservationist writers in the early twentieth century. The history, literature, and changing internal dynamics of the Norwegian subculture in America constitute a particularly well-studied area. Anyone familiar with the authoritative work of scholars in the field will (ii)_____ little in Thaler’s study that is (iii)_____.",unfamiliar,well-worked,fruitful,find,understand,reveal,accurate,new,recognizable,B|D|H,B|D|H,,,TCSE_1-50.pdf
S030Q06,30,medium,6,TC3,"Biologists have little (i)_____ drawing the link between the success of humanity and human (ii)_____. Indeed, many biologists claim that this attribute, the ability to (iii)_____, or, to put it more sharply, to make individuals subordinate their self-interest to the needs of the group, lies at the root of human achievement.",consensus regarding,compunction about,justification for,resilience,sociability,uniqueness,reflect,communicate,cooperate,B|E|I,B|E|I,,,TCSE_1-50.pdf
S030Q07,30,medium,7,SE,"Culture, like speech, is primarily a human faculty, although both functions may exist in a more _____ form in lesser primates.",indispensable,crucial,primitive,intelligible,recognizable,rudimentary,,,,C|F,C|F,,,TCSE_1-50.pdf
S030Q08,30,medium,8,SE,"Tompkinson’s prior donations to the university, while very generous, failed to _____ the magnitude of her latest gift.",compensate for,portend,clarify,predict,offset,undermine,,,,B|D,B|D,,,TCSE_1-50.pdf
S030Q09,30,medium,9,SE,"The first images of Jupiter’s moon Callisto show bright regions of material, as if older and darker ice had slid downhill and exposed the _____ ice underneath.",ancient,murky,compact,pristine,grimy,unblemished,,,,D|F,D|F,,,TCSE_1-50.pdf
S030Q10,30,medium,10,SE,"Mortoris is dour and _____, seemingly incapable of smiling, let alone laughing.",mirthful,jovial,intelligent,tepid,lugubrious,gloomy,,,,E|F,E|F,,,TCSE_1-50.pdf
S031Q01,31,medium,1,TC1,The era’s examples of _____ that are cited by the author can be balanced in part by certain examples of dissent during the same period.,diversity,authoritarianism,forbearance,volatility,lucidity,,,,,B,B,,,TCSE_1-50.pdf
S031Q02,31,medium,2,TC1,It seems foolish to refuse the offer of an expedient that is both so _____ success and so difficult to create them absent.,reminiscent of,lacking in,distinct from,indispensable to,inimical to,,,,,D,D,,,TCSE_1-50.pdf
S031Q03,31,medium,3,TC2,"The genius of the scientific method is that it (i)_____ the dictum of Aristotle that the goal of science is knowledge of the ultimate cause of things. True science, we now know, advances human knowledge by (ii)_____ ultimate causes and focusing instead on the testing of empirical hypotheses.",qualifies,jettisons,affirms,ignoring,predicting,confirming,,,,B|D,B|D,,,TCSE_1-50.pdf
S031Q04,31,medium,4,TC2,The meandering journey across the soundscape of the Internet can be (i)_____. Listening to music in this medium often generates anxiety fulfillment: no sooner has one experience begun than the thought of what else is out there intrudes. Putting an old-fashioned disk and letting it play to the end restores a measure of (ii)_____.,liberating,taxing,educational,choice,boredom,sanity,,,,B|F,B|F,,,TCSE_1-50.pdf
S031Q05,31,medium,5,TC3,"Inuit print making is less (i)_____ than carving in that it does not have substantial historical precedents, although there are (ii)_____ incised carvings on bone or antler, facial tattoo marks or inlay skin work on clothing, mitts and footwear. Carving materials such as stone, bone, antler, wood, and ivory were (iii)_____, but paper and drawing tools were unknown until introduced by early explorers and missionaries.",traditional,prestigious,anomalous,affinities with,objections to,regulations about,available locally,rarely used,virtually interchangeable,A|D|G,A|D|G,,,TCSE_1-50.pdf
S031Q06,31,medium,6,TC3,"For many years, Americans have had a love affair with ferryboats. Ferries are said to relieve our frayed nerves after we’ve stewed in bumper-to-bumper traffic, and conventional wisdom also says ferries (i)_____ congestion and air pollution by getting us out of cars. Unfortunately, this (ii)_____ notion recently has (iii)_____ several West Coast mayors, who have in consequence eagerly pursued the implementation of ferry service in their cities.",contribute to,reduce,cover up,provocative,misguided,cynical,captivated,confused,outraged,B|E|G,B|E|G,,,TCSE_1-50.pdf
S031Q07,31,medium,7,SE,"Circulatory systems on organisms originated in widely separated epochs, according to the fossil record, and under a broad range of circumstances, the myriad forms they take attest to that ______ of origin.",mysteriousness,randomness,ambiguity,heterogeneity,indeterminacy,diversity,,,,D|F,D|F,,,TCSE_1-50.pdf
S031Q08,31,medium,8,SE,"Compared to their predecessors, who were more nationalist than feminist in political orientation, Roman women activists of the younger generation are more inclined to _____ women’s rights, often creating organizations focused primarily on women’s issues.",expand,de-emphasize,champion,idealize,downplay,defend,,,,C|F,C|F,,,TCSE_1-50.pdf
S031Q09,31,medium,9,SE,"Individuals, governments, and companies show ample ability to _____ themselves by setting goals based on current conditions and then blindly following them even when those conditions change drastically.",hamstring,reinvent,promote,revitalize,impair,invigorate,,,,A|E,A|E,,,TCSE_1-50.pdf
S031Q10,31,medium,10,SE,"The performer can be _____ in his comedy, but he is fundamentally a bighearted person who displays a core sweetness even at his most manic.",inflammatory,pedestrian,gloomy,uninspired,puerile,provocative,,,,A|F,A|F,,,TCSE_1-50.pdf
S032Q01,32,medium,1,TC1,"With the numerous opponents of the controversial new taxation measure in such a fury, anyone who publicly advocated the measure did not fail to meet with _____ usage.",politic,severe,sober,respectful,dejected,,,,,B,B,,,TCSE_1-50.pdf
S032Q02,32,medium,2,TC1,She constantly _____ herself for not living up to her own ideas—for not working hard enough or not having motives that were pure enough.,exalted,coddled,excoriated,mollified,deluded,,,,,C,C,,,TCSE_1-50.pdf
S032Q03,32,medium,3,TC2,"Proponents of international regulation of environmental issues have always struggled against scientific uncertainty and economic hostility, two obstacles which, form a political standpoint, often have been closely related, as economic hostility toward environmental regulation for economic reasons have (i)_____ the considerable uncertainty underlying most environmental challenges to (ii)_____ of environmental regulation.",resolved,gainsaid,exploited,exaggerate the efficacy,downplay the legitimacy,question the fallibility,,,,C|E,C|E,,,TCSE_1-50.pdf
S032Q04,32,medium,4,TC2,"Many scholars have argued that the United States Supreme Court usually (i)_____ public opinion in its decisions because it fears that it will (ii)_____ if does not; when it does depart from public opinion, it whips up political maelstroms.",comments on,hews to,overrides,lose public support,mitigate public anger,create public indifference,,,,B|D,B|D,,,TCSE_1-50.pdf
S032Q05,32,medium,5,TC3,"Analysis of 47.5-million-year-old fossils from Pakistan has yielded fresh insights into the early ancestors of modern whales. For example, Maiacetus inuus was a land animal (i)_____ life in the sea. One Maiacetus innus fossil encased a fetus positioned for a head-first delivery, which is typical of a land mammal and suggests the species gave birth onshore. But it probably spent much of its time (ii)_____: its big teeth were suited for catching fish, while its flipper-like feet must have been (iii)_____ walking.",resistant,removed from,adapted to,in the water,fleeing from predators,protecting its young,incompatible with,clumsy for,strengthened by,C|D|H,C|D|H,,,TCSE_1-50.pdf
S032Q06,32,medium,6,TC3,"Those who took Clark’s old-mannered compliance for obsequiousness (i)_____ him: his apparent (ii)_____ veiled a fervent (iii)_____ of the authority that others exercised over him, one that he occasionally expressed by discreetly sabotaging their most important projects.",misconstrued,condemned,respected,cynicism,acquiescence,intractability,veneration,justification,detestation,A|E|I,A|E|I,,,TCSE_1-50.pdf
S032Q07,32,medium,7,SE,"In ways large and small, millions of people are taking active steps to _____ the medical mainstream, whether by taking herbal remedies for disease or by placing their hopes for a cure in alternative treatment.",augment,sidestep,support,vilify,circumvent,endorse,,,,B|E,B|E,,,TCSE_1-50.pdf
S032Q08,32,medium,8,SE,"Although its gray text blocks and black-and-white illustrations give it a sober mien, this one-stop resource can take the place of a dozen less _____ texts.",exhaustive,interesting,appealing,original,educational,comprehensive,,,,A|F,A|F,,,TCSE_1-50.pdf
S032Q09,32,medium,9,SE,The media have constantly disparaged the governor’s competence and have found a public only too eager to applaud their _____.,assiduousness,stupefaction,mockery,incredulity,certitude,derision,,,,C|F,C|F,,,TCSE_1-50.pdf
S032Q10,32,medium,10,SE,"The _____ of ophthalmology as a field in the United States from 1820 to 1850 is evident in the opening of at least five eye hospitals during this period, offering new venues for ophthalmic treatment and experimentation.",sophistication,retrenchment,burgeoning,resurgence,curtailment,expansion,,,,C|F,C|F,,,TCSE_1-50.pdf
S033Q01,33,medium,1,TC1,"In his youth, the naturalist and artist John James Audubon was given to _____ glamorous tales about himself: he falsely claimed to have studied under a renowned French painter and hinted that he was the heir apparent to the French throne.",disavowing,understanding,constraining,obfuscating,concocting,,,,,E,E,,,TCSE_1-50.pdf
S033Q02,33,medium,2,TC1,"Holston characterized a colonial situation as an aggregation of activities and a conjunction of outcomes that, though _____ and at times coordinated, were usually diffuse, disorganized, and even contradictory.",dubious,chaotic,harmonious,linked,imputed,,,,,D,D,,,TCSE_1-50.pdf
S033Q03,33,medium,3,TC2,"In aquatic environments, the herbicide atrazine is more likely to (i)_____ developing amphibians when it is highly diluted than when it is much more concentrated, a new study suggests. Although counterintuitive, the finding is (ii)_____ some past research on atrazine and studies showing that other hormonally active compounds are most damaging at trace concentrations.",supplant,kill,circumvent,unanticipated given,consistent with,undiminished by,,,,B|E,B|E,,,TCSE_1-50.pdf
S033Q04,33,medium,4,TC2,"If newspaper consumers are concerned about more than (i)_____ and prefer to read news that is consistent with their beliefs, then (ii)_____ is not a journalistic flaw, but, rather, a cultivated feature. In a competitive news market, producers can use slant to differentiate their products and stave off price competition.",politics,accuracy,expense,bias,sensationalism,inconsistency,,,,B|D,B|D,,,TCSE_1-50.pdf
S033Q05,33,medium,5,TC3,"There are two opposing theories about mountain formation and climate over the past 40 million years: either the surge of mountain building (i)_____ the global cooling or vice versa. The first of these two theories asserts that widespread mountain building cooled the earth as a result of the (ii)_____ mountains and climate. For example, mountain glaciers tend to be (iii)_____: once established, they increase the reflectivity of the surface, thus lowering temperatures and allowing more ice to form.",superseded,halted,caused,disparity between,feedback between,complexity of,unpredictable,static,self-perpetuating,C|E|I,C|E|I,,,TCSE_1-50.pdf
S033Q06,33,medium,6,TC3,"With the emergence of scientific history-writing in the late nineteenth century, several authors sought to ignore the glowing myths surrounding George Washington and uncover the human being within, but their biographies were still (i)_____ enough that Washington remained a marbled and remote figure. Indeed, by the 1920s Washington has become such (ii)_____ personage that inevitably someone had to go to the other extreme and try to (iii)_____ the legend.",ponderous,empirical,laudatory,a deified,an ignored,a misunderstood,debunk,aggrandize,reproduce,C|D|G,C|D|G,,,TCSE_1-50.pdf
S033Q07,33,medium,7,SE,Aerial viewings of the gigantic stone horse attributed to the Native American Quechuan people fail to _____ the considerable artistry required to create the piece: the horse appears crudely constructed unless carefully examined from the ground.,reveal,justify,manifest,mitigate,diminish,undercut,,,,A|C,A|C,,,TCSE_1-50.pdf
S033Q08,33,medium,8,SE,The book aims to illuminate how science has changed the meaning of nothingness from _____ philosophical concept to something we can almost put under a microscope.,a tangible,a palpable,a nebulous,a nettlesome,an incontrovertible,a vague,,,,C|F,C|F,,,TCSE_1-50.pdf
S033Q09,33,medium,9,SE,"Few ideas are more _____ than the notion that cultures evolve in Darwin fashion; many academics have begun writing about cultural evolution, but few treat the underlying Darwinian logic with the care it deserves.",abused,archaic,misused,outdated,divisive,derivative,,,,A|C,A|C,,,TCSE_1-50.pdf
S033Q10,33,medium,10,SE,"The initial, widely shared pessimism turned out to be _____, because it ignored the many things that could be done with resources left behind.",unintelligible,unfathomable,unfounded,unimaginative,unjustified,unimportant,,,,C|E,C|E,,,TCSE_1-50.pdf
S034Q01,34,medium,1,TC1,"The space travels described in science fiction stories always used to be epic adventures, in comparison to which current journals in space seem quite _____.",mundane,exciting,dramatic,risky,heroic,,,,,A,A,,,TCSE_1-50.pdf
S034Q02,34,medium,2,TC1,"To criticize a disaster film for being _____ is a bit silly, since people do not go to disaster movies to see an honest portrayed of reality.",expensive,harrowing,derivative,convoluted,implausible,,,,,E,E,,,TCSE_1-50.pdf
S034Q03,34,medium,3,TC2,"The irony of digital networking is that it can produce more (i)_____ than did the geographical confinement it supposedly transcended. As human interactions become (ii)_____ physical location, people are less likely to have regular dealings with others who do not share the same values and outlooks.",provincialism,diversity,materialism,more determined by,less contingent on,less insensitive to,,,,A|E,A|E,,,TCSE_1-50.pdf
S034Q04,34,medium,4,TC2,"The mood of the times is no longer one of (i)_____ over our scientific achievements. Doubts and worries beset technical and scientific specialist, as well as the public at large. I do not consider such worries (ii)_____, though they are often based on intuitive feeling rather than on strictly logical arguments.",widening skepticism,uncritical joy,false humility,unfounded,sacrosanct,foreordained,,,,B|D,B|D,,,TCSE_1-50.pdf
S034Q05,34,medium,5,TC3,"Pioneering medical research scientists’ (i)_____ claims regarding the (ii)_____ new researches make the public wonder their own doctors are not dispensing miracles. There are forces, both external and internal, on scientists that most require them to (iii)_____. Without money, there is no science. Researchers must constantly convince administrators who control tax dollars, investors, and individual donors that the work they are doing will make a difference.",modest,inflated,fastidious,serious constraints on,overblown interpretations of,potential benefits of,improvise,oversell,generalize,B|F|H,B|F|H,,,TCSE_1-50.pdf
S034Q06,34,medium,6,TC3,"Despite the occasional (i)_____ of their venues, the culture of corporate conferences is a deeply (ii)_____ conference, each day consisted of nearly nine hours of continuous lectures and panels enlivened by pleasantries or anything that could be construed as a joke. The only (iii)_____ sensory deprivation of the sessions came from the handsome color slides favored by the corporate presenters.",seclusion,opulence,enormity,sycophantic,ascetic,mercenary,allusion to,ramification of,respite from,B|E|I,B|E|I,,,TCSE_1-50.pdf
S034Q07,34,medium,7,SE,"Historically, the depletion of soil’s nitrogen has been one of the most _____ problems faced by farmers: an essential nutrient, nitrogen is quickly leached from soil, and farmers have struggled to find ways to replenish it.",capricious,ubiquitous,worrisome,stubborn,intractable,unpredictable,,,,D|E,D|E,,,TCSE_1-50.pdf
S034Q08,34,medium,8,SE,Scientists should hope the faults in their theories will be _____ their peers since the refutation of one hypothesis can free its originator to develop a better one.,discerned by,disregarded by,discovered by,ignored by,opaque to,inspiring to,,,,A|C,A|C,,,TCSE_1-50.pdf
S034Q09,34,medium,9,SE,"Although men still dominate the ranks of full professors in the field of astronomy, the increasing numbers of younger women in the field could _____ a change in its gender mix.",require,alleviate,block,presage,portend,hinder,,,,D|E,D|E,,,TCSE_1-50.pdf
S034Q10,34,medium,10,SE,An apparent paradox led the scientists to pursue their present line of research. They were struck by the fact that a single mathematics formula can be used to describe physical phenomena that appear to be so _____.,rudimentary,interdependent,interrelated,complex,heterogeneous,dissimilar,,,,E|F,E|F,,,TCSE_1-50.pdf
S035Q01,35,medium,1,TC1,"Medieval cathedrals still stand as marvels of architecture, but as far as modern science is concerned, medieval physics and chemistry are simply irrelevant, at best a dead end, at worst the very _____ of what science is supposed to be.",exemplar,glorification,reflection,dilution,antithesis,,,,,E,E,,,TCSE_1-50.pdf
S035Q02,35,medium,2,TC1,"For the urban researcher, the long lives of ancient cities can provide ample chronological data, making up for the paucity stemming from relative _____ of most present-day cities.",complexity,formlessness,transparency,diversity,youthfulness,,,,,E,E,,,TCSE_1-50.pdf
S035Q03,35,medium,3,TC2,"Britain’s deteriorating economy after 1945 was (i)_____ by politicians who favored the manufacturing sector over the service sector: rather than attempting to (ii)_____ the decline of manufacturing, they should have promoted service industries.",mishandled,bolstered,forestalled,augment,arrest,escalate,,,,A|E,A|E,,,TCSE_1-50.pdf
S035Q04,35,medium,4,TC2,"The controversy about Alexander the Great’s personality derives from the fact that our sources are (i)_____, all eyewitness accounts having perished. What remains is, at best, (ii)_____ (one history, for instance is based largely on the now-lost memoirs of Alexander’s alleged half-brother, Ptolemy) and at worst, highly unreliable.",outdated,inadequate,abstruse,secondhand,repetitious,deceptive,,,,B|D,B|D,,,TCSE_1-50.pdf
S035Q05,35,medium,5,TC3,"Anna Gavalda’s fiction is appealing largely because of her writing styles, which is certainly (i)_____. It is heavy on dialogue (and light on embellishment) features very short sections (of often only a few sentence) in rapid succession, and in general favors an unadorned directness. Not surprisingly, this style works better in short-story form than in novels, and the story collection I Wish someone Were Waiting for Me Somewhere (ii)_____ her attempt to (iii)_____ it in novel, as in, for example, Someone I loved.",annoying,distinctive,convoluted,is thought to precede,fails in comparison with,impresses considerably,undermine,sustain,reject more than,B|F|H,B|F|H,,,TCSE_1-50.pdf
S035Q06,35,medium,6,TC3,"For Plato the art of music was so (i)_____ moral and political reality that any alteration to music system would necessarily require a corresponding political shift. But two and a half millennia later, when classical music is generally seem merely as a lifestyle accessory, Plato’s conception seems (ii)_____. To be sure, there are still people who consider classical music to be of (iii)_____ cultural importance, but few of them are able to articulate this convincingly.",rarely identified with,tenuously connected to,firmly anchored in,apt,absurd,disingenuous,marginal,profound,uncertain,C|E|H,C|E|H,,,TCSE_1-50.pdf
S035Q07,35,medium,7,SE,"In the northeastern United States, beaver populations had been critically reduced or even _____ in large areas at the end of nineteenth century; as a result, several states instituted prohibitions on beaver trapping.",diminished,extirpated,eliminated,devalued,weakened,underrated,,,,B|C,B|C,,,TCSE_1-50.pdf
S035Q08,35,medium,8,SE,"The preliminary analysis being on the whole, reassuring its confirmation would _____ concerns about the dangers of project.",explain,deflate,rationalize,soothe,reflect,hide,,,,B|D,B|D,,,TCSE_1-50.pdf
S035Q09,35,medium,9,SE,"Some kinds of deadly bacteria, including those that cause tetanus, tuberculosis, and botulism, remain _____ until something triggers their insidious activity.",harmless,innocuous,anomalous,aberrant,efficacious,undetectable,,,,A|B,A|B,,,TCSE_1-50.pdf
S035Q10,35,medium,10,SE,"Titan, Saturn’s largest moon, looks surprisingly _____, even though it is a cold, dimly lit world made from unknown materials.",habitable,familiar,forbidding,placid,daunting,recognizable,,,,B|F,B|F,,,TCSE_1-50.pdf
S036Q01,36,hard,1,TC1,"Investors are grateful that the attorney general has stepped in to pursue inquiries into misfeasance in the financial markets, given that the regulators officially charged with policing the industry have been _____.",diffident,meticulous,straightforward,implacable,tenacious,,,,,A,A,,,TCSE_1-50.pdf
S036Q02,36,hard,2,TC1,"Consolidating memory is not instantaneous or even _____: every memory must be encoded and moved from short-term to long-term storage, and some of these memories are, for whatever reason, more vividly imprinted than others.",salutary,deliberate,sequential,momentary,inevitable,,,,,E,E,,,TCSE_1-50.pdf
S036Q03,36,hard,3,TC2,"The politician’s record while in office, though (i)_____, hardly accounts for her high standard three decades later—a standing all the more (ii)_____ because of continuing assaults on her reputation during those years.",bewildering,admirable,unappreciated,unusual,regrettable,persistent,,,,B|D,B|D,,,TCSE_1-50.pdf
S036Q04,36,hard,4,TC2,"Although it is not uncommon for journalists to portray political inexperience on the part of public officials as an (i)_____, it was nevertheless surprising when members of the press treated the new senator’s obvious (ii)_____ as an extraordinary virtue.",advantage,impediment,exception,nonchalance,acumen,naiveté,,,,A|F,A|F,,,TCSE_1-50.pdf
S036Q05,36,hard,5,TC3,"When a new scientific model emerges, research studies (i)_____ that paradigm tend to dominate in the scientific literature: the process of selecting articles for publication is tilted towards positive results. But once the paradigm (ii)_____, the academic incentives shift in the opposite direction: research results are more considered worthy publication when they (iii)_____ what has become the established view.",tweaking,affirming,controverting,is initially articulated,has become entrenched,is about to be attacked,bolster,circumvent,undermine,B|E|I,B|E|I,,,TCSE_1-50.pdf
S036Q06,36,hard,6,TC3,"The historian of ancient science Otto Neugebauer concluded that Babylonian astronomical texts are (i)_____ because everything has been eliminated from the astronomy except observations and the mathematical consequences of an initial hypothesis about the fundamental character of the astronomical movements. This judgment cohered with the high level of mathematical theory, which (ii)_____ mathematical computation together with empirical observations as (iii)_____ of science and denied any role to speculative hypotheses of a strongly theoretical nature.",questionable,scientific,limited,repudiated,admitted,confounded,end result,necessary characteristics,discredited path,B|E|H,B|E|H,,,TCSE_1-50.pdf
S036Q07,36,hard,7,SE,"The initial, widely shared pessimism turned out to be _____, because it ignored the many things that could be done with resources left behind.",unintelligible,unfathomable,unfounded,unimaginative,unjustified,unimportant,,,,C|E,C|E,,,TCSE_1-50.pdf
S036Q08,36,hard,8,SE,"Despite a tendency to be overtly _____, her poetry does not consist solely of pious sentiments: it often sparks the imagination and provides lively entertainment.",preachy,querulous,insincere,sanctimonious,plaintive,disingenuous,,,,A|D,A|D,,,TCSE_1-50.pdf
S036Q09,36,hard,9,SE,"Willian Perkins, his _____ speaking style notwithstanding, has long been seen as the moderate face of his political party.",fiery,genteel,bumbling,unremarkable,affable,impassioned,,,,A|F,A|F,,,TCSE_1-50.pdf
S036Q10,36,hard,10,SE,"Although in his new book he tends to repeat himself like a _____ uncle, McHughen makes a persuasive case for the safety of tinkering with genes to create new foods.",taciturn,reserved,prototypical,cantankerous,loquacious,garrulous,,,,E|F,E|F,,,TCSE_1-50.pdf
S037Q01,37,hard,1,TC1,"Instead of demonstrating the _____ of archaeological applications of electronic remote sensing, the pioneering study became, to some skeptics, an illustration of the imprudence of interpreting sites based on virtual archaeology.",ubiquity,limitation,promise,redundancy,complexity,,,,,C,C,,,TCSE_1-50.pdf
S037Q02,37,hard,2,TC1,"While the writer was best known for her much-ballyhooed _____, her impact reached far beyond memorable quips.",pensiveness,drollness,stoicism,fastidiousness,congeniality,,,,,B,B,,,TCSE_1-50.pdf
S037Q03,37,hard,3,TC2,"Contrary to those who fear the impact of invasive species on native plants, the biologists contend that the threat posed to biodiversity by nonnative species is often (i)_____. For instance, a study of garlic mustard, a nonnative plant now thriving in Minnesota’s oak forests, found that garlic mustard abundance in forest plots was not (ii)_____ the number of other plant species there.",subtle,uniform,exaggerated,consistent with,related to,sustained by,,,,C|E,C|E,,,TCSE_1-50.pdf
S037Q04,37,hard,4,TC2,"So, perhaps the lesson is that rather than wanting their monarchy to (i)_____ its modernized Scandinavian counterparts, the British public cherishes it most when it is most (ii)_____.",commend,discount,emulate,egalitarian,anachronistic,regal,,,,C|E,C|E,,,TCSE_1-50.pdf
S037Q05,37,hard,5,TC3,"The notion of film producers as the ogres of the movie business has proved an (i)_____ one, but according to The Producers by Tim Adler, it is not always grounded in reality. Attacking what he calls the “auteur myth”—the idea of the director as the single purveyor of art in an industry otherwise peopled with (ii)_____—he places at the heart of his book an image of the producer, not the director, as the primary (iii)_____ force in the development and production of a movie.",accurate,hypocritic,enduring,visionaries,profitmongers,innocents,financial,inertial,creative,C|E|I,C|E|I,,,TCSE_1-50.pdf
S037Q06,37,hard,6,TC3,"The (i)_____ nature of the candidate’s comments is calculated. As a long-standing target of critics who regard him as radical, he understands that he needs to be as (ii)_____ as possible if he is to overcome those critiques and appear as a (iii)_____ leader.",opprobrious,platitudinous,pugnacious,innocuous,truculent,supercilious,polarizing,cautious,conciliatory,B|D|I,B|D|I,,,TCSE_1-50.pdf
S037Q07,37,hard,7,SE,"Joshua Gisemba Bagaka found that the pedagogical results of group projects and other engaged learning activities in Kenyan mathematics classroom were _____; such activities, then, may not be the best way of improving mathematics education.",overstated,counterintuitive,mixed,discouraging,inconsistent,inexplicable,,,,C|E,C|E,,,TCSE_1-50.pdf
S037Q08,37,hard,8,SE,"Architects may be more extroverted and therefore the more _____ members of a bridge design team, but they are not always the most essential.",indispensable,conscientious,reliable,visible,valuable,salient,,,,D|F,D|F,,,TCSE_1-50.pdf
S037Q09,37,hard,9,SE,"Excessive focus on what might have been can cause in us feelings of restlessness and regret, but some scientists are beginning to think that fancying an alternative reality might have _____ effects as well.",subtle,adverse,restorative,pleasurable,unfavorable,tonic,,,,C|F,C|F,,,TCSE_1-50.pdf
S037Q10,37,hard,10,SE,Apparent flaws in the sculptor’s work have not _____ its respectful reception by most modern critics.,determined,controlled,undermined,prevented,overshadowed,precluded,,,,D|F,D|F,,,TCSE_1-50.pdf
S038Q01,38,hard,1,TC1,"The governor might conceivably find a genuine resolution to the budgetary dilemma, but she may be tempted to engage in a deception: a _____ exercise in fiscal prudence.",rigorous,sparking,specious,blatant,convincing,,,,,C,C,,,TCSE_1-50.pdf
S038Q02,38,hard,2,TC1,"Without seeming unworldly, William James appeared wholly removed from the _____ of society, the conventionality of academy.",ethos,idealism,romance,paradoxes,commonplaces,,,,,E,E,,,TCSE_1-50.pdf
S038Q03,38,hard,3,TC2,"Convinced of the gravity of her poetry, Voigt must have found the reviews of her most recent collection (i)_____ reading: one amused reviewer thought that it was unrecognizable as poetry but decidedly (ii)_____.",tempting,depressing,thrilling,inspiring,irritating,diverting,,,,B|F,B|F,,,TCSE_1-50.pdf
S038Q04,38,hard,4,TC2,"The author’s best-selling book on Virginia Woolf is not (i)_____ treatment of her subject; on the contrary, it presents (ii)_____ portrait of the novelist, faults and all.",an idealized,a comprehensive,a compelling,an unflinching,a slapdash,an erudite,,,,A|D,A|D,,,TCSE_1-50.pdf
S038Q05,38,hard,5,TC3,The new art museum’s (i)_____ building augurs well for that ambitious institution because it speaks of (ii)_____ contemporary architecture on the part of the board of directors that may (iii)_____ equal astuteness about contemporary art.,nondescript,outstanding,outdated,a discernment about,a hostility toward,an intoxication by,conceal,supplant,promise,B|D|I,B|D|I,,,TCSE_1-50.pdf
S038Q06,38,hard,6,TC3,"The modern iron suspension bridge dates from the early nineteenth century, but it did not have (i)_____ debut; many early suspension bridges were damaged, if not outright destroyed, by the wind. There were few (ii)_____, however, so the form (iii)_____.",a propitious,a conspicuous,an equivocal,obvious parallels,practical alternatives,unnoticed instances,declined,inspired,persisted,A|E|I,A|E|I,,,TCSE_1-50.pdf
S038Q07,38,hard,7,SE,It’s hardly _____ the committee calls for: rudimentary competence would be an improvement on the current chaos.,accountability,disarray,unruliness,faultlessness,loyalty,perfection,,,,D|F,D|F,,,TCSE_1-50.pdf
S038Q08,38,hard,8,SE,One of the vocalists who auditioned for a leading part in the local production of Sweeney Todd seemed to prefer _____ to any attempt at producing a melody; a more unpleasant voice was hard to imagine.,warbling,imitating,improvising,shrieking,crooning,caterwauling,,,,D|F,D|F,,,TCSE_1-50.pdf
S038Q09,38,hard,9,SE,"Even if the story now seems a surprisingly innocuous overture to the author’s later, more fully developed narrations, it _____ some of the key traits of those bleaker tales.",avoids,belies,undercuts,anticipates,possesses,prefigures,,,,D|F,D|F,,,TCSE_1-50.pdf
S038Q10,38,hard,10,SE,"While recognizing that recent reports of cyber warfare, phone-hacking scandals, and identity thefts have tended to accent the destructive connotation of the word, Sue Halpern maintains that “hacking” is such _____ term that its meaning nearly always derives from its context.",a generic,an inclusive,a positive,a subjective,an affirmative,a technical,,,,A|B,A|B,,,TCSE_1-50.pdf
S039Q01,39,hard,1,TC1,The idea of a “language instinct” may seem _____ to those who think of language as the zenith of the human intellect and of instincts as brute impulses.,jarring,plausible,gratifying,inevitable,conciliatory,,,,,A,A,,,TCSE_1-50.pdf
S039Q02,39,hard,2,TC1,"The artist is known for making photographs that deal with politically charged subject matter, yet because her art is so evocative and open-ended, it would be wrong to characterize it as _____.",polemical,edifying,unobservant,innovative,ambiguous,,,,,A,A,,,TCSE_1-50.pdf
S039Q03,39,hard,3,TC2,"Nordhaus predicts that in the future we will increasingly be (i)_____ ecological problems like global warming rather than (ii)_____ them. We may, for example, make some headway in limiting emissions that contribute to warming, but much of our work will be in adapting to ecological problems and alleviating their effects.",managing,analyzing,transcending,solving,addressing,mitigating,,,,A|D,A|D,,,TCSE_1-50.pdf
S039Q04,39,hard,4,TC2,"The contemporary trend whereby fashion designers flout mainstream tradition is unique only in its (i)_____; earlier fashion designers experience the same (ii)_____ impulse, albeit in a less extreme form.",subversiveness,intensity,culpability,indiscriminate,iconoclastic,temperate,,,,B|E,B|E,,,TCSE_1-50.pdf
S039Q05,39,hard,5,TC3,"The characters in this comic strip fret about the (i)_____ of their “little counterculture lives”, especially when terrible things are happening in the world, but the cartoonist makes their lives (ii)_____ in ways that do not seem (iii)_____ at all. Real things happen here—births, deaths, adoptions, affairs, breakups, commitments, ceremonies, civil union—and they matter.",unpredictability,arduousness,triviality,stagnate,resonate,compete,outlandish,inconsequential,intangible,C|E|H,C|E|H,,,TCSE_1-50.pdf
S039Q06,39,hard,6,TC3,"A certain amount of theoretical frenzy about comics today is (i)_____. After all, similar frenzies have been in other art forms in periods of their rapid development, for instance, the debates about painting that roiled Renaissance Italy. But such intellectual (ii)_____ rarely precedes creative glory. On the contrary, it commonly indicates that an artistic (iii)_____, having been made and recognized, is over, and that a process of increasing strained emulation and diminishing returns has set in.",understandable,unprecedented,perplexing,torpor,conservatism,arousal,pitfall,tradition,breakthrough,A|F|I,A|F|I,,,TCSE_1-50.pdf
S039Q07,39,hard,7,SE,"When studying the ancient Greek astronomers, Copernicus realized that despite the intrinsic beauty of many of their arguments, the ancients often made claims that _____ logic.",refuted,questioned,influenced,swayed,defied,disregarded,,,,E|F,E|F,,,TCSE_1-50.pdf
S039Q08,39,hard,8,SE,"Although Wynne claims to recognize that _____ evidence is available to make definitive statement, she offers them nonetheless, arriving at some sweeping generalizations.",concrete,finite,insufficient,indirect,conclusive,meager,,,,C|F,C|F,,,TCSE_1-50.pdf
S039Q09,39,hard,9,SE,"In order to cultivate new repertoire, the music industry is providing a hearing for previously _____ composers.",idle,thwarted,celebrated,renowned,anonymous,obscure,,,,E|F,E|F,,,TCSE_1-50.pdf
S039Q10,39,hard,10,SE,"Although many skeptics of the scientific theory _____ critiques that have long since been disproved, some of the doubters arguably bring up valid points.",overlook,revise,recycle,utilize,neglect,rehash,,,,C|F,C|F,,,TCSE_1-50.pdf
S040Q01,40,hard,1,TC1,"The medical professor’s thesis—hardly new, but rarely _____ by a faculty members of his distinction—is that patients are more than the sum of their symptoms and systems.",discounted,ignored,subverted,underestimated,espoused,,,,,E,E,,,TCSE_1-50.pdf
S040Q02,40,hard,2,TC1,"Even if he wants to serve again—and given his obvious love for the job, the assumption among insiders is that he is more likely to stay than go—there is at least _____ his serving another term.",impediment to,incentive for,precedent for,benefit in,rationale for,,,,,A,A,,,TCSE_1-50.pdf
S040Q03,40,hard,3,TC2,Memory-prompt technology such as online birthday reminders does more than enhance our recall abilities; it induces us to (i)_____ ever more behaviors to automated processes. Witness the (ii)_____ a program that allows us to create computer greeting cards for the entire year in one sitting.,delegate,ascribe,liken,controversy over,popularity of,sophistication of,,,,A|E,A|E,,,TCSE_1-50.pdf
S040Q04,40,hard,4,TC2,"While people complain about their hectic lives and demanding schedules, one might be justified in suspecting that they are being somewhat (i)_____: compulsive busyness seems to be, for many, a source of (ii)_____.",disingenuous,guarded,dilatory,pride,despair,irritation,,,,A|D,A|D,,,TCSE_1-50.pdf
S040Q05,40,hard,5,TC3,"Applications of the Endangered Species Act (ESA) have fared best in contexts in which habitat condition is closely linked to species condition and the cause of habitat degradation is easily identified. The achievements of the ESA in those contexts, however, have (i)_____ that other uses of the act can (ii)_____ that record even where such favorable conditions do not (iii)_____.",quelled the conviction,presaged the uncertainty,fostered the misconception,mitigate,duplicate,elucidate,vary,pertain,diminish,C|E|H,C|E|H,,,TCSE_1-50.pdf
S040Q06,40,hard,6,TC3,"Scientific papers often (i)_____ what actually happened in the course of the investigations they describe. Misunderstandings , blind alleys, and mistakes of various sorts will fail to appear in the final written accounts because (ii)_____ is a desirable attribute when transmitting results in a scientific report and would be poorly served by (iii)_____.",amplify,misrepresent,particularize,transparency,efficiency,exhaustiveness,a comprehensive historical account,a purely quantitative analysis,an overly superficial discussion,B|E|G,B|E|G,,,TCSE_1-50.pdf
S040Q07,40,hard,7,SE,"In a number of instances, investors hoping to tap into the region’s meteoric growth have instead faced problems ranging from unpredictable management practices to outright _____.",malfeasance,incompetence,fraudulence,capriciousness,hysteria,impulsiveness,,,,A|C,A|C,,,TCSE_1-50.pdf
S040Q08,40,hard,8,SE,"To call Kermode the finest English critic of his generation would be a _____ compliment, since not many of its population are professionally engaged in literary criticism.",sincere,backhanded,paltry,heartfelt,meager,plausible,,,,C|E,C|E,,,TCSE_1-50.pdf
S040Q09,40,hard,9,SE,"Even though the original settlement may not hold up, it at least proves that the deadlock can be broken and that a hitherto _____ party is ready to bargain.",implacable,unyielding,impeccable,flawless,unqualified,capricious,,,,A|B,A|B,,,TCSE_1-50.pdf
S040Q10,40,hard,10,SE,In sharp contrast to the novel’s scenic realism and precisely characterized figure is its persistent philosophical _____.,naturalism,abstraction,generality,impartiality,sincerity,objectivity,,,,B|C,B|C,,,TCSE_1-50.pdf
S041Q01,41,hard,1,TC1,"Many creative photographers were delighted to find in instant photography a mode that encouraged them to stop viewing photography as _____ and start viewing it as something they could handle with spontaneity, even derision.",sacrosanct,ephemeral,malleable,egalitarian,autonomous,,,,,A,A,,,TCSE_1-50.pdf
S041Q02,41,hard,2,TC1,"Consolidating memory is not instantaneous or even _____: every memory must be encoded and moved from short-term to long-term storage, and some of these memories are, for whatever reason, more vividly imprinted than others.",salutary,deliberate,sequential,momentary,inevitable,,,,,E,E,,,TCSE_1-50.pdf
S041Q03,41,hard,3,TC2,"The reclusive clergyman may have lived and died in melancholy, but this doesn’t seem to have (i)_____ his genius in any way. On the contrary, we find ourselves wondering whether his genius wasn’t (ii)_____ in some mysterious way by his mood.",influenced,hampered,triggered,served,controlled,identified,,,,B|D,B|D,,,TCSE_1-50.pdf
S041Q04,41,hard,4,TC2,"The museum’s compelling new architectural exhibition looks at eleven projects around the world that have had major (i)_____ impacts despite modest budgets. It is part of (ii)_____ in the museum’s architecture and design department, which in the past has championed architecture’s artistic value over its real-world consequences.",social,aesthetic,critical,an emphasis on theory,a shift in philosophy,a rejection of pragmatism,,,,A|E,A|E,,,TCSE_1-50.pdf
S041Q05,41,hard,5,TC3,"Even the reader acquainted with the outlines of Pushkin’s biography will be (i)_____ the (ii)_____ so vividly conveyed in Binyon’s biography. Not only was Pushkin’s personal correspondence intercepted and his movements (iii)_____, but Tsar Nicholas I’s decision to oversee Pushkin’s career obliged Pushkin to submit all his manuscripts for inspection.",attracted by,confused by,struck by,suffocating lack of creative,concern for contemporary,underlying sense of,ignored freedom,monitored society,commended historical change,C|D|H,C|D|H,,,TCSE_1-50.pdf
S041Q06,41,hard,6,TC3,"The notion of film producers as the ogres of the movie business has proved an (i)_____ one, but according to The Producers by Tim Adler, it is not always grounded in reality. Attacking what he calls the “auteur myth”—the idea of the director as the single purveyor of art in an industry otherwise peopled with (ii)_____—he places at the heart of his book an image of the producer, not the director, as the primary (iii)_____ force in the development and production of a movie.",accurate,hypocritic,enduring,visionaries,profitmongers,innocents,financial,inertial,creative,C|E|I,C|E|I,,,TCSE_1-50.pdf
S041Q07,41,hard,7,SE,"Her attempts to wrest fiction free from traditional constraints like plot and character were never entirely popular with readers; nonetheless, her fiction has had _____ influence on critical theory, novel, cinema, and even psychology.",a studied,a negligible,a decisive,an unmistakable,an insignificant,a restorative,,,,C|D,C|D,,,TCSE_1-50.pdf
S041Q08,41,hard,8,SE,"The physics graveyard is strewn with the skeletons of failed theories, unexplained effects, and anomalous particles that briefly _____ the research spotlight, then rapidly fade from view.",douse,intensify,perpetuate,capture,extinguish,secure,,,,D|F,D|F,,,TCSE_1-50.pdf
S041Q09,41,hard,9,SE,The media have constantly disparaged the governor’s competence and have found a public only too eager to applaud their _____.,assiduousness,stupefaction,mockery,incredulity,certitude,derision,,,,C|F,C|F,,,TCSE_1-50.pdf
S041Q10,41,hard,10,SE,"Science is arguably a very high-minded pursuit, but that is not to say that all of its practitioners are _____, as numerous articles alleging overly generous pharmaceutical industry payments to medical researchers have tried to show.",conventional,clever,unimpeachable,ingenious,blameless,predictable,,,,C|E,C|E,,,TCSE_1-50.pdf
S042Q01,42,hard,1,TC1,"Some ethicists worry that a deeper understanding of the brain may be tantamount to _____; if we discover that free will is an illusion of neural circuitry, how will we hold people responsible for their actions?",vindication,proscription,ministration,valediction,exculpation,,,,,E,E,,,TCSE_1-50.pdf
S042Q02,42,hard,2,TC1,"Instead of demonstrating the _____ of archaeological applications of electronic remote sensing, the pioneering study became, to some skeptics, an illustration of the imprudence of interpreting sites based on virtual archaeology.",ubiquity,limitation,promise,redundancy,complexity,,,,,C,C,,,TCSE_1-50.pdf
S042Q03,42,hard,3,TC2,"Partly because of Lee’s skill at synthesizing (i)_____ trends drawn from many fields of study, her theories appeared to present, with uncanny aptness, ideas already (ii)_____ in the minds of her contemporaries.",superseded,irrelevant,emergent,discredited,well established,half-formulated,,,,C|F,C|F,,,TCSE_1-50.pdf
S042Q04,42,hard,4,TC2,"Recent scholarship has questioned the (i)_____ of tropical forests around the world. Archaeologists have shown, for example, that the largest contiguous tract of what was thought to be virgin rain forest in the southern Amazon had been transformed into a cultural parkland before European contact, and many of the forest islands in West Africa’s savanna forest transition zone are (ii)_____ as well.",diversity,naturalness,sustainability,isolated,endangered,anthropogenic,,,,B|F,B|F,,,TCSE_1-50.pdf
S042Q05,42,hard,5,TC3,"Viewing people as ‘’social atoms’’ that obey rather simple rule (which are not unlike the laws of physics), one may discover certain (i)_____. Take, for example, the way channels emerge when people move in crowds. In the midst of initially (ii)_____ movements, one person begins to follow another—in an effort to avoid collisions—and streams of movement emerge. As more people join in, there is greater pull on others to join the flow, and the particular channels become (iii)_____.",apparent contradictions,unproductive tendencies,lawlike regulations,inflexible,straightforward,chaotic,self-defeating,self-aggrandizing,self-perpetuating,C|F|I,C|F|I,,,TCSE_1-50.pdf
S042Q06,42,hard,6,TC3,"Fifty pages of footnotes, some of them presenting quite lengthy bibliographies, suggest that very few pertinent sources on the Black Arts movement in literature have (i)_____ Thompson’s search; (ii)_____, the text makes it clear that the author’s examination of these sources has been similarly (iii)_____.",eluded,characterized,motivated,moreover,however,consequently,valuable,timely,exhaustive,A|D|I,A|D|I,,,TCSE_1-50.pdf
S042Q07,42,hard,7,SE,"The town’s air was consistently _____: depending on the breeze, one might be greeted with the sour effluvia of twenty breweries, choking fumes from the coal factory, or brackish smells from the nearby river.",malodorous,toxic,redolent,benign,noisome,anodyne,,,,A|E,A|E,,,TCSE_1-50.pdf
S042Q08,42,hard,8,SE,One of the vocalists who auditioned for a leading part in the local production of Sweeney Todd seemed to prefer _____ to any attempt at producing a melody; a more unpleasant voice was hard to imagine.,warbling,imitating,improvising,shrieking,crooning,caterwauling,,,,D|F,D|F,,,TCSE_1-50.pdf
S042Q09,42,hard,9,SE,Some experts estimate that the recreational salmon fishery in British Columbia contributes more to the province’s economy than the commercial salmon fishery does—a surprising statistic given the political commercial _____ of the fishery in the province.,naïveté,prominence,supremacy,ingenuousness,salience,resurgence,,,,B|E,B|E,,,TCSE_1-50.pdf
S042Q10,42,hard,10,SE,"In 1884, Sewall and Dow agreed to join Roosevelt in the Dakota territory for reasons that appear to have been _____: Sewell later recalled that Roosevelt guaranteed them a share of anything made in his cattle business.",pecuniary,straightforward,economic,selfless,quixotic,altruistic,,,,A|C,A|C,,,TCSE_1-50.pdf
S043Q01,43,hard,1,TC1,"Of all her works, this play is the most dependent on the dramatic conventions of the author’s day: it was both the least _____ of her plays and the most commercially successful.",experimental,popular,formulaic,lucrative,contemporary,,,,,A,A,,,TCSE_1-50.pdf
S043Q02,43,hard,2,TC1,"Carmen’s affection for her sister, though not _____, was plainly too great to permit a painless departure.",unsteady,ambivalent,careless,unbounded,noticeable,,,,,D,D,,,TCSE_1-50.pdf
S043Q03,43,hard,3,TC2,"It can be (i)_____ to read Margaret Fuller’s travel writing, as she produced accounts of her travel that (ii)_____ conventions of bourgeois travel narrative, often capitulating to the most well-worn clichés of the genre at precisely the moments when she sought most energetically to cast them off in favor of some new, more passionate mode of discernment.",frustrating,enlightening,exciting,challenged,conformed to,established,,,,A|E,A|E,,,TCSE_1-50.pdf
S043Q04,43,hard,4,TC2,"So, perhaps the lesson is that rather than wanting their monarchy to (i)_____ its modernized Scandinavian counterparts, the British public cherishes it most when it is most (ii)_____.",commend,discount,emulate,egalitarian,anachronistic,regal,,,,C|E,C|E,,,TCSE_1-50.pdf
S043Q05,43,hard,5,TC3,"Unquestionably, the particular forms that folly and cruelty take in Jane Austen’s novels are (i)_____ the character’s social milieu, which was also Austen’s own; but to realize that one’s society motivates people in unfortunate ways is not necessarily to (ii)_____ it, for the alternatives, though different, might be no more (iii)_____.",shaped by,removed from,unrecognizable in,expose,condemn,rationalize,salutary,corrosive,realistic,A|E|G,A|E|G,,,TCSE_1-50.pdf
S043Q06,43,hard,6,TC3,"While some commentators suggest that abstraction and complexity in scientific research are signs that a given direction is misguided, Lisa Randall, a professor of physics at Harvard, counters that these qualities instead reflect the success of human ingenuity in (i)_____ the increasingly (ii)_____ challenges that nature presents. They can, however, make it more (iii)_____ to communicate scientific developments, even to colleague.",creating,meeting,eschewing,difficult,conspicuous,pragmatic,challenging,unproductive,advantageous,B|D|G,B|D|G,,,TCSE_1-50.pdf
S043Q07,43,hard,7,SE,"Because movie studios, under pressure to generate international sales, have favored big-budget pictures with fantasy plots, the representation of everyday domestic life has largely been _____ other media, such as television and literature.",left to,ceded to,ascribed to,attributed to,substituted for,replaced with,,,,A|B,A|B,,,TCSE_1-50.pdf
S043Q08,43,hard,8,SE,"In order to cultivate new repertoire, the music industry is providing a hearing for previously _____ composers.",idle,thwarted,celebrated,renowned,anonymous,obscure,,,,E|F,E|F,,,TCSE_1-50.pdf
S043Q09,43,hard,9,SE,It’s hardly _____ the committee calls for: rudimentary competence would be an improvement on the current chaos.,accountability,disarray,unruliness,faultlessness,loyalty,perfection,,,,D|F,D|F,,,TCSE_1-50.pdf
S043Q10,43,hard,10,SE,"Contrary to certain recent analyses that paint a dire portrait of soil loss from farmland, a new study of surveying data reaching back to the 1930s shows that erosion rates have been steadily _____.",intensifying,waning,accelerating,worsening,declining,deteriorating,,,,B|E,B|E,,,TCSE_1-50.pdf
S044Q01,44,hard,1,TC1,"The science of astronomy was begun by amateurs and today remains dependent on their contributions, which are incisive by virtue of being _____ by the a priori assumptions that often vitiate the work of professional research scientists.",characterized,unencumbered,supported,contradicted,inspired,,,,,B,B,,,TCSE_1-50.pdf
S044Q02,44,hard,2,TC1,"Without seeming unworldly, William James appeared wholly removed from the _____ of society, the conventionality of academy.",ethos,idealism,romance,paradoxes,commonplaces,,,,,E,E,,,TCSE_1-50.pdf
S044Q03,44,hard,3,TC2,"The (i)_____ to disseminate the vast scientific knowledge of our time to nonscientists shows real (ii)_____ the extent of achievements humanity is capable of, like allowing a great work of art to molder in a warehouse.",failure,plan,willingness,pretentious regarding,sympathy toward,indifference to,,,,A|F,A|F,,,TCSE_1-50.pdf
S044Q04,44,hard,4,TC2,"Unlike the elected branches of the United States government, where making personal connection with citizens is (i)_____ and almost (ii)_____ political efficacy, the United States Supreme Court continues to maintain that its members should communicate with the public almost exclusively through formal opinions—and even then through ceremonial rituals that date back to the nineteenth century.",frowned upon,rampant,disregarded,a requirement for,a detriment to,an irrelevance to,,,,B|D,B|D,,,TCSE_1-50.pdf
S044Q05,44,hard,5,TC3,"A transformative scientific idea that emerged in the eighteenth century was the realization that slow, inexorable geological processes follow the basic laws of physics and chemistry. This seems (i)_____ conclusion in hindsight, but its implication—that geological processes in the distant past must have (ii)_____ these very same laws—was (iii)_____ geologists in the eighteenth and nineteenth centuries.",an obvious,a significant,a controversial,followed,preceded,entailed,evident to,overlooked by,revolutionary for,A|D|I,A|D|I,,,TCSE_1-50.pdf
S044Q06,44,hard,6,TC3,"It is possible for human to go 40 or more hours without sleep and still be able to (i)_____ information acquired at the beginning of the sleepless period. Thus, when we are considering a role for sleep in human memory consolidation, we are referring to a possible role in the (ii)_____ encoding of information and optimizing of recall, not a (iii)_____ of sleep for recalling events of the prior day.",legitimize,augment,disgorge,longer-term,acute,qualitative,requirement,surplus,facet,C|D|G,C|D|G,,,TCSE_1-50.pdf
S044Q07,44,hard,7,SE,"Communicating articulately is typically regarded as an aggressive, persuasive talent, but it can also be protective: it allows a certain _____ closeness, conveying proximity while actually maintaining distance.",feigned,secretive,dubious,subtle,false,furtive,,,,A|E,A|E,,,TCSE_1-50.pdf
S044Q08,44,hard,8,SE,"The Chavez Pass archaeological site was initially interpreted as indicative of _____ society, since it was thought to have been at the center of a cluster of smaller, contemporary settlements that it presumably controlled.",an expansionist,a hierarchical,an urban,a heterogeneous,a diverse,a stratified,,,,B|F,B|F,,,TCSE_1-50.pdf
S044Q09,44,hard,9,SE,"Although the essayist’s arguments did not _____ her most perceptive readers, the extreme subtlety of the paints she made explains why she was misinterpreted by most critics of her day.",convince,confound,entertain,persuade,perplex,enlighten,,,,B|E,B|E,,,TCSE_1-50.pdf
S044Q10,44,hard,10,SE,"Architects may be more extroverted and therefore the more _____ members of a bridge design team, but they are not always the most essential.",indispensable,conscientious,reliable,visible,valuable,salient,,,,D|F,D|F,,,TCSE_1-50.pdf
S045Q01,45,hard,1,TC1,The maps in this volume are meant not as guides but as _____: they are designed to make the reader think anew about the city.,adornments,references,truisms,provocations,valedictions,,,,,D,D,,,TCSE_1-50.pdf
S045Q02,45,hard,2,TC1,"Carmen’s affection for her sister, though not _____, was plainly too great to permit a painless departure.",unsteady,ambivalent,careless,unbounded,noticeable,,,,,D,D,,,TCSE_1-50.pdf
S045Q03,45,hard,3,TC2,"Argument may be an overly (i)_____ word to apply to the gossamer contrivance that is A Summer of Humming birds. In what seems a self-conscious (ii)_____ of its mascot the book flits from one subject or moment in history to another, following the various whims of its author.",archaic,imprecise,robust,repudiation,emulation,misrepresentation,,,,C|E,C|E,,,TCSE_1-50.pdf
S045Q04,45,hard,4,TC2,"The contemporary trend whereby fashion designers flout mainstream tradition is unique only in its (i)_____; earlier fashion designers experience the same (ii)_____ impulse, albeit in a less extreme form.",subversiveness,intensity,culpability,indiscriminate,iconoclastic,temperate,,,,B|E,B|E,,,TCSE_1-50.pdf
S045Q05,45,hard,5,TC3,"Behavior economists found that the more (i)_____ options listed on the insurance make people all the more offish to endorse, partly because they hope to (ii)_____ some (iii)_____ in order to get a measure of peace of mind.",lucrative,monotonous,complicated,forgo,dampen,jockey,convolution,detriment,benefit,C|D|I,C|D|I,,,TCSE_1-50.pdf
S045Q06,45,hard,6,TC3,"The slow pace of job creation was without precedent for the period of recovery from a recession, but the conditions that conspired to cause the recession were also (i)_____. The stock market declined sharply, and rampant business investment slumped. Then an ensuing spate of scandals (ii)_____ public trust in the way companies were run. And yet, despite these powerful (iii)_____ to growth, the recession proved surprisingly mild.",heartening,atypical,ambiguous,weakened,illuminated,consolidated,counterforces,stimulants,concomitants,B|D|G,B|D|G,,,TCSE_1-50.pdf
S045Q07,45,hard,7,SE,"Citing the corruption and intrigue that pervaded politics in the city, my colleague _____ the newspaper’s trove of journalism prizes, declaring that finding great stories in the city must be effortless.",slighted,ignored,lauded,disparaged,confounded,commended,,,,A|D,A|D,,,TCSE_1-50.pdf
S045Q08,45,hard,8,SE,"When studying the ancient Greek astronomers, Copernicus realized that despite the intrinsic beauty of many of their arguments, the ancients often made claims that _____ logic.",refuted,questioned,influenced,swayed,defied,disregarded,,,,E|F,E|F,,,TCSE_1-50.pdf
S045Q09,45,hard,9,SE,"Films that critics have slumbered through rarely generate industry excitement, even though the critics’ _____ reception may be less the fault of the movie than of its unfortunate time slot near a fatiguing film festival’s conclusion.",somnolent,impartial,lethargic,laconic,befuddled,evenhanded,,,,A|C,A|C,,,TCSE_1-50.pdf
S045Q10,45,hard,10,SE,"Even though his opponent is currently trying to portray him as a wild-eyed radical, voters will likely reject this charge because it does not _____ his moderate political record.",defer to,conform to,accede to,argue with,meddle with,square with,,,,B|F,B|F,,,TCSE_1-50.pdf
S046Q01,46,hard,1,TC1,"Neuroscientists are excited by technological progress that facilitates brain mapping, the most _____ of them comparing their growing abilities to tremendous advances that led to unimaginable success of the Human Genome Project.",rigorous,sanguine,punctilious,unorthodox,sophisticated,,,,,B,B,,,TCSE_1-50.pdf
S046Q02,46,hard,2,TC1,It seems foolish to refuse the offer of an expedient that is both so _____ success and so difficult to create them absent.,reminiscent of,lacking in,distinct from,indispensable to,inimical to,,,,,D,D,,,TCSE_1-50.pdf
S046Q03,46,hard,3,TC2,"The genius of the scientific method is that it (i)_____ the dictum of Aristotle that the goal of science is knowledge of the ultimate cause of things. True science, we now know, advances human knowledge by (ii)_____ ultimate causes and focusing instead on the testing of empirical hypotheses.",qualifies,jettisons,affirms,ignoring,predicting,confirming,,,,B|D,B|D,,,TCSE_1-50.pdf
S046Q04,46,hard,4,TC2,"For decades, economic ideas have been (i)_____ political purpose. Economists, for example, have peddled their theories as a way of gaining public prominence or political appointment, while politicians have (ii)_____ economic doctrines as possible solutions to the nation’s social problems.",undermined by,inspired by,exploited for,rejected,ignored,promoted,,,,B|F,B|F,,,TCSE_1-50.pdf
S046Q05,46,hard,5,TC3,"Several studies (i)_____ the assumption that paper cups, because they were made of natural products, were more environmentally (ii)_____ than cups made of plastic (polystyrene). Indeed, these studies indicated that the environmental (iii)_____ of producing and recycling paper cups were similar to, if not more than, those related to the production, disposal, and recycling of polystyrene cups.",corroborated,exploited,dispelled,friendly,hazardous,predictable,benefits,costs,opportunities,C|D|H,C|D|H,,,TCSE_1-50.pdf
S046Q06,46,hard,6,TC3,"For many years, Americans have had a love affair with ferryboats. Ferries are said to relieve our frayed nerves after we’ve stewed in bumper-to-bumper traffic, and conventional wisdom also says ferries (i)_____ congestion and air pollution by getting us out of cars. Unfortunately, this (ii)_____ notion recently has (iii)_____ several West Coast mayors, who have in consequence eagerly pursued the implementation of ferry service in their cities.",contribute to,reduce,cover up,provocative,misguided,cynical,captivated,confused,outraged,B|E|G,B|E|G,,,TCSE_1-50.pdf
S046Q07,46,hard,7,SE,"In noting that critical and popular opinions about Li’s art coincided, Chuang _____ the existence of an exception to her general theory of art criticism, which posits that critics’ views do not intersect with those of the general public.",asserted,conceded,acknowledged,doubted,pondered,questioned,,,,B|C,B|C,,,TCSE_1-50.pdf
S046Q08,46,hard,8,SE,"Excessive focus on what might have been can cause in us feelings of restlessness and regret, but some scientists are beginning to think that fancying an alternative reality might have _____ effects as well.",subtle,adverse,restorative,pleasurable,unfavorable,tonic,,,,C|F,C|F,,,TCSE_1-50.pdf
S046Q09,46,hard,9,SE,"As a historical genre, biography is best when _____, a careful reconstruction of the past in all its unfamiliar particularity.",introspective,reflective,concrete,concise,meticulous,thorough,,,,E|F,E|F,,,TCSE_1-50.pdf
S046Q10,46,hard,10,SE,Explorers could not build each other’s knowledge if they could not trust records of previous explorers; thus exploration depended on the _____ of those who had gone before.,collegiality,endurance,exactitude,meticulousness,eminence,tenacity,,,,C|D,C|D,,,TCSE_1-50.pdf
S047Q01,47,hard,1,TC1,"The science community’s perennial lament over inadequate budgets has come to seem increasing _____, because government support for science and engineering has never been greater.",vital,hopeless,poignant,condescending,disingenuous,,,,,E,E,,,TCSE_1-50.pdf
S047Q02,47,hard,2,TC1,"In modern times, friendship has become a _____ relationship: a form of connection in terms of which all are understood and against which all are measured.",conciliatory,mercenary,paradigmatic,contentious,supplementary,,,,,C,C,,,TCSE_1-50.pdf
S047Q03,47,hard,3,TC2,"As he has matured as a scholar, Felmar has come to see the merit of qualification. His conclusions, which early in his career he (i)______, are now often (ii)______.",stated as absolutes,refused to reveal,backed up extensively,hedged,simplified,reiterated,,,,A|D,A|D,,,TCSE_1-50.pdf
S047Q04,47,hard,4,TC2,"Unlike the elected branches of the United States government, where making personal connection with citizens is (i)_____ and almost (ii)_____ political efficacy, the United States Supreme Court continues to maintain that its members should communicate with the public almost exclusively through formal opinions—and even then through ceremonial rituals that date back to the nineteenth century.",frowned upon,rampant,disregarded,a requirement for,a detriment to,an irrelevance to,,,,B|D,B|D,,,TCSE_1-50.pdf
S047Q05,47,hard,5,TC3,"Schechter is atypically (i)_____ the film version of Stephen King’s horror novel The shining because the qualities for which the majority of other critics have approved it (its artful camera work and so on) get in the way of narrative and render the story less, rather than more, (ii)_____ than other films of the same genre. This is not (iii)_____ view, and we must be grateful to Schechter for putting it forward.",unimpressed with,confused by,enamored of,heartbreaking,comical,terrifying,a commonplace,a superior,an unfamiliar,A|F|G,A|F|G,,,TCSE_1-50.pdf
S047Q06,47,hard,6,TC3,"Inuit print making is less (i)_____ than carving in that it does not have substantial historical precedents, although there are (ii)_____ incised carvings on bone or antler, facial tattoo marks or inlay skin work on clothing, mitts and footwear. Carving materials such as stone, bone, antler, wood, and ivory were (iii)_____, but paper and drawing tools were unknown until introduced by early explorers and missionaries.",traditional,prestigious,anomalous,affinities with,objections to,regulations about,available locally,rarely used,virtually interchangeable,A|D|G,A|D|G,,,TCSE_1-50.pdf
S047Q07,47,hard,7,SE,The _____ nature of the approval process for new drugs suggests that incentives to promote more expeditious decision making may be necessary.,pecuniary,commercial,arbitrary,sluggish,capricious,dilatory,,,,D|F,D|F,,,TCSE_1-50.pdf
S047Q08,47,hard,8,SE,"The critic claims that, contrary to its reputation for _____, the novelist’s prose is full of opaque language games.",scrupulousness,simplicity,mendacity,artlessness,polish,meticulousness,,,,B|D,B|D,,,TCSE_1-50.pdf
S047Q09,47,hard,9,SE,"Not only is the advent of bookless or largely bookless libraries too large and powerful a change to be _____, it also offers too many real advantages for it to be considered a tragedy.",understood,averted,foreseen,forestalled,endured,anticipated,,,,B|D,B|D,,,TCSE_1-50.pdf
S047Q10,47,hard,10,SE,"Her attempts to wrest fiction free from traditional constraints like plot and character were never entirely popular with readers; nonetheless, her fiction has had _____ influence on critical theory, novel, cinema, and even psychology.",a studied,a negligible,a decisive,an unmistakable,an insignificant,a restorative,,,,C|D,C|D,,,TCSE_1-50.pdf
S048Q01,48,hard,1,TC1,Even those observers who are the most _____ about genetic privacy issues would have to concede that genetic discrimination is rare: there have only been two cases of any notoriety.,sanguine,zealous,candid,objective,apathetic,,,,,B,B,,,TCSE_1-50.pdf
S048Q02,48,hard,2,TC1,"Many creative photographers were delighted to find in instant photography a mode that encouraged them to stop viewing photography as _____ and start viewing it as something they could handle with spontaneity, even derision.",sacrosanct,ephemeral,malleable,egalitarian,autonomous,,,,,A,A,,,TCSE_1-50.pdf
S048Q03,48,hard,3,TC2,"The description of humans as having an internal clock is not a (i)_____. Or rather, it is—you do not have a tiny watch in your cerebellum—but it also refers to (ii)_____, a specialized bundle of cells that regulates cyclical processes.",euphemism,cliché,metaphor,an elusive psychological phenomenon,a standard literary trope,a real biological feature,,,,C|F,C|F,,,TCSE_1-50.pdf
S048Q04,48,hard,4,TC2,"The author of this biography gives an accurate and (i)_____ account of the subject’s life story, but all the carefully assembled detail fails to compensate for the general lack of (ii)_____ in her writing.",exhaustive,glib,selective,specificity,veracity,vivacity,,,,C|F,C|F,,,TCSE_1-50.pdf
S048Q05,48,hard,5,TC3,"Firebaugh and Beck contend that economic development improves the overall well-being of people within developing countries. However, other scholars emphasize the (i)_____ of this view, empirically demonstrating that while economic development does in fact contribute to the well- being of the population of developing countries, the magnitude of development’s positive effects on well-being has (ii)_____. In other words, these scholars suggest that (iii)_____ economic development and human well-being is taking place in developing countries.",falsity,arbitrariness,limitation,been greatly,not yet been measured,decreased over time,a decoupling of underestimated,an inversion of,a decline in,C|F|G,C|F|G,,,TCSE_1-50.pdf
S048Q06,48,hard,6,TC3,"Applications of the Endangered Species Act (ESA) have fared best in contexts in which habitat condition is closely linked to species condition and the cause of habitat degradation is easily identified. The achievements of the ESA in those contexts, however, have (i)_____ that other uses of the act can (ii)_____ that record even where such favorable conditions do not (iii)_____.",quelled the conviction,presaged the uncertainty,fostered the misconception,mitigate,duplicate,elucidate,vary,pertain,diminish,C|E|H,C|E|H,,,TCSE_1-50.pdf
S048Q07,48,hard,7,SE,Shifting Fortunes take a conventional approach to American union history by simply explaining the reasons behind union growth and decline in the nineteenth and twentieth centuries: it is a chronologically and thematically _____ study and nothing more.,complicated,confined,multifarious,onerous,circumscribed,taxing,,,,B|E,B|E,,,TCSE_1-50.pdf
S048Q08,48,hard,8,SE,A clever form of diplomacy involves subtly inducing the other party to propose your preference so that your _____ their requests appears as the granting of concession.,accession to,inattention to,subversion of,abnegation of,repudiation of,acquiescence to,,,,A|F,A|F,,,TCSE_1-50.pdf
S048Q09,48,hard,9,SE,"Scientist reported last month on a sign of relative solar _____; the solar wind, a rush of charged particles continually spewed from the Sun at a million miles an hour, had diminished to its lowest level in 50 years.",quiescence,turbulence,isolation,calm,remoteness,instability,,,,A|D,A|D,,,TCSE_1-50.pdf
S048Q10,48,hard,10,SE,"The author takes issue with the ideological blinders that have distorted much migration research, especially ____ modernization theorists and others for their untested assumptions of an immobile preindustrial past.",undermining,citing,castigating,chastising,endorsing,commending,,,,C|D,C|D,,,TCSE_1-50.pdf
S049Q01,49,hard,1,TC1,"In one theory, as people learn things throughout the day, connections between neurons get strengthened, but during sleep then all synapses are weakened, tenuous connections are _____ and only the strongest bonds could remain.",reinforced,reproduced,replaced,stimulated,severed,,,,,E,E,,,TCSE_1-50.pdf
S049Q02,49,hard,2,TC1,"While the writer was best known for her much-ballyhooed _____, her impact reached far beyond memorable quips.",pensiveness,drollness,stoicism,fastidiousness,congeniality,,,,,B,B,,,TCSE_1-50.pdf
S049Q03,49,hard,3,TC2,"Although she admitted that her airport expansion plan had recently collapsed, the governor (i)_____ the significance of the failure, pointing out that competing economic development proposals are now more (ii)_____.",minimized,touted,acknowledged,tenuous,complicated,important,,,,A|D,A|D,,,TCSE_1-50.pdf
S049Q04,49,hard,4,TC2,"The reclusive clergyman may have lived and died in melancholy, but this doesn’t seem to have (i)_____ his genius in any way. On the contrary, we find ourselves wondering whether his genius wasn’t (ii)_____ in some mysterious way by his mood.",influenced,hampered,triggered,served,controlled,identified,,,,B|D,B|D,,,TCSE_1-50.pdf
S049Q05,49,hard,5,TC3,"The research on otters’ environmental requirements is surprisingly (i)_____. One reason for this has to do with the estimation of how much they use different areas. Doing so may be (ii)_____ in some kinds of terrain, such as Shetland where the Eurasian otters are active in daytime and have clear individual markings. There it is possible to identify the individuals over stretches of coast of a few kilometers and to see what kinds of coast they use. However, the field conditions are (iii)_____.",straightforward,controversial,difficult,quite problematic,relatively simple,largely unnecessary,routine,deceptive,exceptional,C|E|I,C|E|I,,,TCSE_1-50.pdf
S049Q06,49,hard,6,TC3,"Even the reader acquainted with the outlines of Pushkin’s biography will be (i)_____ the (ii)_____ so vividly conveyed in Binyon’s biography. Not only was Pushkin’s personal correspondence intercepted and his movements (iii)_____, but Tsar Nicholas I’s decision to oversee Pushkin’s career obliged Pushkin to submit all his manuscripts for inspection.",attracted by,confused by,struck by,suffocating lack of creative,concern for contemporary,underlying sense of,ignored freedom,monitored society,commended historical change,C|D|H,C|D|H,,,TCSE_1-50.pdf
S049Q07,49,hard,7,SE,"While normal floods resulting from usual monsoon rainfall are _____ the growth of crops, recently there has been an increase in the frequency of high-intensity floods that do not have such welcome effects.",conducive to,hindered by,devastating for,deleterious for,essential for,indispensable to,,,,E|F,E|F,,,TCSE_1-50.pdf
S049Q08,49,hard,8,SE,The difficulty of reforming electoral politics is not lack of the right tools but the need to put them into the hands of impartial agents: the goal should be to build capacity while _____ partisanship.,expediting,constraining,facilitating,deterring,exacerbating,lamenting,,,,B|D,B|D,,,TCSE_1-50.pdf
S049Q09,49,hard,9,SE,"That guild of experts has always appraised the economic stimulation plan as bootless, while the advocates of the policy do not take their _____ evaluation for granted.",tendentious,meticulous,detracting,indifferent,ubiquitous,deprecatory,,,,C|F,C|F,,,TCSE_1-50.pdf
S049Q10,49,hard,10,SE,"In noting that critical and popular opinions about Li’s art coincided, Chuang _____ the existence of an exception to her general theory of art criticism, which posits that critics’ views do not intersect with those of the general public.",asserted,conceded,acknowledged,doubted,pondered,questioned,,,,B|C,B|C,,,TCSE_1-50.pdf
S050Q01,50,hard,1,TC1,"One baffling aspect of the novel is its capacity to generate emotional power from a plot that lacks the most elementary _____: readers must accept not an occasional coincidence, but a continuous stream of them.",synergy,continuity,naivety,premise,credibility,,,,,E,E,,,TCSE_1-50.pdf
S050Q02,50,hard,2,TC1,"Though humanitarian emergencies are frequent features of television news, such exposure seldom _____ the public, which rather seems resigned to a sense of impotency.",paralyzes,demoralizes,assuages,galvanizes,exasperates,,,,,D,D,,,TCSE_1-50.pdf
S050Q03,50,hard,3,TC2,"Partly because of Lee’s skill at synthesizing (i)_____ trends drawn from many fields of study, her theories appeared to present, with uncanny aptness, ideas already (ii)_____ in the minds of her contemporaries.",superseded,irrelevant,emergent,discredited,well established,half-formulated,,,,C|F,C|F,,,TCSE_1-50.pdf
S050Q04,50,hard,4,TC2,"Research into butterfly wings could have (i)_____ implications, since knowledge of their optical and thermal properties may be (ii)_____ controlling the behavior of computer chips, which likewise consist of finely structured thin film.",ecological,aesthetic,technological,tantamount to,germane to,advance by,,,,C|E,C|E,,,TCSE_1-50.pdf
S050Q05,50,hard,5,TC3,"Viewing people as ‘’social atoms’’ that obey rather simple rule (which are not unlike the laws of physics), one may discover certain (i)_____. Take, for example, the way channels emerge when people move in crowds. In the midst of initially (ii)_____ movements, one person begins to follow another—in an effort to avoid collisions—and streams of movement emerge. As more people join in, there is greater pull on others to join the flow, and the particular channels become (iii)_____.",apparent contradictions,unproductive tendencies,lawlike regulations,inflexible,straightforward,chaotic,self-defeating,self-aggrandizing,self-perpetuating,C|F|I,C|F|I,,,TCSE_1-50.pdf
S050Q06,50,hard,6,TC3,"In this single volume, Kenny aims to survey for the general reader all of ancient philosophy; understandably, space in such a book is (i)_____, and he is not to be faulted for minor omissions. However, Kenny would have added significantly to his book’s value had he more effectively (ii)_____ the influence of ancient philosophy on the subsequent tradition. As it is, newcomers to the subject will have little (iii)_____ the afterlife enjoyed by ancient philosophy in the period 1600-1750.",at a premium,hard to fill,taken for granted,overlooked,signaled,prevented,sense of,devotion to,aversion to,A|E|G,A|E|G,,,TCSE_1-50.pdf
S050Q07,50,hard,7,SE,The ambassador’s critical remarks seemed to be less a product of _____ and more the careless utterances of a fatigued or undisciplined individual.,intensity,optimism,purposefulness,design,confidence,caution,,,,C|D,C|D,,,TCSE_1-50.pdf
S050Q08,50,hard,8,SE,In sharp contrast to the novel’s scenic realism and precisely characterized figure is its persistent philosophical _____.,naturalism,abstraction,generality,impartiality,sincerity,objectivity,,,,B|C,B|C,,,TCSE_1-50.pdf
S050Q09,50,hard,9,SE,"Individuals, governments, and companies show ample ability to _____ themselves by setting goals based on current conditions and then blindly following them even when those conditions change drastically.",hamstring,reinvent,promote,revitalize,impair,invigorate,,,,A|E,A|E,,,TCSE_1-50.pdf
S050Q10,50,hard,10,SE,"The cat known to researchers as M-120—beefy, audacious, and apparently smart enough to spot a free lunch—is perhaps the world’s least _____ lynx: the scientists catch him several times a year.",intelligent,evasive,fearless,furtive,elusive,intrepid,,,,B|E,B|E,,,TCSE_1-50.pdf
S051Q01,51,easy,1,TC1,"Since many African farmers face a soil fertility problem, providing funding for fertilizer seems _____; closer examination of the data raises some troubling questions, however.",imprudent,expensive,unimpeachable,modern,worrisome,,,,,C,C,,,TCSE_51-100.pdf
S051Q02,51,easy,2,TC1,"Having regarded Marcus relationship to their boss as entirely _____, Jo was flabbergasted when Marcus publicly made clear his objections to some changes the boss was introducing.",professional,sycophantic,prosaic,dissident,collegial,,,,,B,B,,,TCSE_51-100.pdf
S051Q03,51,easy,3,TC2,"There are far too many (i)_____ in the report, such as incorrect date (albeit on (ii)_____ points), inconsistency between the text and related tables, and discrepancies between the citations and the references.",unsupported generalizations,stylistic infelicities,little errors,numerous,minor,perplexing,,,,C|E,C|E,,,TCSE_51-100.pdf
S051Q04,51,easy,4,TC2,"The physical (i)_____ seen in the remains of soldiers who fought in the fifteenth-century battle of Towton is unsurprising, given the (ii)_____ origins of the men who took the battlefield that day.",decay,strength,diversity,disparate,unknown,controversial,,,,C|D,C|D,,,TCSE_51-100.pdf
S051Q05,51,easy,5,TC3,"Many popular musicians have (i)____ new digital technologies that allow them unprecedented control over their music. These musicians use computers to (ii)_____ and modify their songs, resulting in a level of musical precision often unattainable naturally. Of course, though, as is often the case with new technologies, some traditionalists (iii)_____ these developments.",incorporated,synthesized,alleviated,energize,delineate,recast,balk at,revel in,retaliate,A|F|G,A|F|G,,,TCSE_51-100.pdf
S051Q06,51,easy,6,TC3,"Campus-wide discussion on academic integrity can be (i)_____ by the fact that faculty and students tend to define cheating in (ii)_____ ways. Even when they concur on what cheating means, faculty and students often assign different levels of severity to specific violations. These differences can serve as a major (iii)_____ the creation of a commonly accepted set of standards of integrity that are consistently applied to all academic work within the campus community.",expedited,obscured,hampered,disparate,conventional,rigid,indictment of,impediment to,metaphor for,C|D|H,C|D|H,,,TCSE_51-100.pdf
S051Q07,51,easy,7,SE,"Origin, distribution, and habitat are included in the book for some but not all of the plants; offering this information for each species would have given readers a clearer appreciation of the differences between _____ and introduced species.",endemic,native,seasonal,rare,unusual,dominant,,,,A|B,A|B,,,TCSE_51-100.pdf
S051Q08,51,easy,8,SE,"Some have argued that naming scientific discoveries after the people who make them can _____ scientific progress, because the nomenclature lacks useful clarity, having no relationship to the underlying principles that govern nature.",hamper,abet,instigate,obscure,nullify,impede,,,,A|F,A|F,,,TCSE_51-100.pdf
S051Q09,51,easy,9,SE,"Each of the country’s 26 sates and most of its more than 2,000 municipalities have their own police forces, _____ communication and making it difficult to establish a coordinated law- enforcement strategy.",establishing,impeding,hampering,launching,obscuring,preventing,,,,B|C,B|C,,,TCSE_51-100.pdf
S051Q10,51,easy,10,SE,"Although there is an incredible diversity of microbes across the body of each individual, the fact that specific body sites tend to host a few specific bacteria indicates that the body’s microflora are not _____ distributed.",haphazardly,uniformly,effectively,heterogeneously,functionally,randomly,,,,A|F,A|F,,,TCSE_51-100.pdf
S052Q01,52,easy,1,TC1,Some ambitious lawyers are willing to work on Supreme Court cases without charge in an effort to gain _____; they believe that this increased cachet will help them succeed in the future.,wisdom,certitude,prestige,integrity,humility,,,,,C,C,,,TCSE_51-100.pdf
S052Q02,52,easy,2,TC1,The author’s unfortunate predilection for mannered turns of phrase and complicated metaphors had a tendency to _____ her work’s straightforward themes.,propitiate,accentuate,augment,occlude,presage,,,,,D,D,,,TCSE_51-100.pdf
S052Q03,52,easy,3,TC2,"The councilman was a highly respected, even (i)_____ member of society, so when he was accused of fraud, people were (ii)_____.",venerated,obscure,unassuming,stunned,elated,gullible,,,,A|D,A|D,,,TCSE_51-100.pdf
S052Q04,52,easy,4,TC2,"(i)_____ may sound like the (ii)_____ novelty seeking, but in fact the latter can coexist with and balance that stick-to-it virtue strong-willed Victorians so promoted.",ambition,creativity,persistence,antithesis of,foundation for,precursor to,,,,C|D,C|D,,,TCSE_51-100.pdf
S052Q05,52,easy,5,TC3,"Compared to Earth over most of its 4 to 6-billion-year history, the world we live in today is quite (i)_____. Of course, it is human nature to regard the world that we are used to as (ii)_____. The oceans, prairies, and mountain chains—even the air we breathe—seem the norm and therefore (iii)_____.",bountiful,atypical,stable,invaluable,permanent,corrupted,eternal,precious,endangered,B|E|G,B|E|G,,,TCSE_51-100.pdf
S052Q06,52,easy,6,TC3,"Leo Tolstoy wrote many works of nonfiction and professed (i)_____ these explorations of ethics and religion compared with his novels and short stories. The fiction writer in him, however, was hard to (ii)_____. Handi Murdd is a short novel with the breadth and power of an epic, with vivid characterization and intense storytelling that sweep the reader away. While the reader senses the moral concerns of the tale’s creator, the novel is a far cry from the (iii)_____ of Tolstoy’s nonfiction.",a preference for,an aversion to,an indifference toward,suppress,identify,incite,didacticism,fluidity,creativity,A|D|G,A|D|G,,,TCSE_51-100.pdf
S052Q07,52,easy,7,SE,"Changes made to ecosystems in order to achieve a goal, such as food production or flood control, often _____ significant unforeseen trade-offs between other important products and services the ecosystems provide.",predict,delay,foretell,obscure,yield,engender,,,,E|F,E|F,,,TCSE_51-100.pdf
S052Q08,52,easy,8,SE,"One big challenge with placebo responses is that they are _____: people given the same inert pill or potion may show wildly different reactions, and the effects can vary widely according to each person’s illness.",capricious,illusory,unpredictable,chimerical,marginal,ephemeral,,,,A|C,A|C,,,TCSE_51-100.pdf
S052Q09,52,easy,9,SE,"The Chicago journal known as Poetry has been the launching pad for many poets since its _____ in 1913; among them, T. S. Eliot, Gwendolyn Brooks, and John Ashbery.",extraction,foundation,partnership,employment,revival,inception,,,,B|F,B|F,,,TCSE_51-100.pdf
S052Q10,52,easy,10,SE,"Although most land snails are _____, the giant African snail is a notable exception; it can be 15 inches long and weigh 2 pounds.",gargantuan,juvenile,functional,diminutive,responsive,minuscule,,,,D|F,D|F,,,TCSE_51-100.pdf
S053Q01,53,easy,1,TC1,"The company’s steering committee, reluctant to be held any specific commitments, released a strategic plan that was deliberately _____.",unpopular,repetitive,stringent,inflexible,nebulous,,,,,E,E,,,TCSE_51-100.pdf
S053Q02,53,easy,2,TC1,"Gladys took a _____ approach to problem solving, so when the committee needed ideas on how to create more low-cost public transportation, she suggested they study what worked well in other cities with similar needs.",benign,pragmatic,compliant,rarefied,dogmatic,,,,,B,B,,,TCSE_51-100.pdf
S053Q03,53,easy,3,TC2,"Knowing how (i)_____ she was at work, her colleagues were surprised at her (ii)_____ throughout the dinner.",dependable,diffident,diligent,timidity,assertiveness,punctiliousness,,,,B|E,B|E,,,TCSE_51-100.pdf
S053Q04,53,easy,4,TC2,"Fears that the recent sharp rise in oil prices is an indication that oil is running out appear to be (i)_____. The Middle East still contains vast oil supplies. Furthermore, even if new oil finds elsewhere have been (ii)_____ than in the past, substantial quantities of oil can be profitably stripped from tar and shale.",contagious,unfounded,sagacious,less frequent,more accessible,less publicized,,,,B|D,B|D,,,TCSE_51-100.pdf
S053Q05,53,easy,5,TC3,"Twenty years ago, when the book was first published, most reviewers dismissed the author’s predictions as (i)_____. Sometimes people (ii)_____ their errors: those same reviewers today, comparing the predictions with actual events, acknowledge how (iii)_____ the author was.",insightful,judicious,alarmist,persevere in,recognize,complicate,mistaken,prescient,pessimistic,C|E|H,C|E|H,,,TCSE_51-100.pdf
S053Q06,53,easy,6,TC3,"Keith Haring’s cartoonish art became even more (i)_____ than Andy Warhol’s much-reproduced soup cans when, in 1986, he opened his own store, the Pop Shop, to sell licensed Haring merchandise. The public loved the souvenirs; the critics (ii)_____ what they saw as his betrayal of artistic integrity. Haring claimed that these critics misunderstood his (iii)_____ to take art beyond galleries and museums, and thus to give a wider audience the opportunity to experience art.",commercial,traditional,expert,fostered,decried,anticipated,failed plan,financial need,sincere effort,A|E|I,A|E|I,,,TCSE_51-100.pdf
S053Q07,53,easy,7,SE,"As the biography makes plain, the scientist led _____ sort of life, rarely remaining in one place for long.",an enigmatic,an idiosyncratic,an itinerant,a cautious,a peripatetic,a circumspect,,,,C|E,C|E,,,TCSE_51-100.pdf
S053Q08,53,easy,8,SE,"There is a revelation on almost every page of this book, and the author’s prose is _____ in the best possible way: blunt, sweet, off-kilter, and often quite funny.",eloquent,austere,somber,awkward,solemn,ungainly,,,,D|F,D|F,,,TCSE_51-100.pdf
S053Q09,53,easy,9,SE,The potential reduction in water lost from the proposed reservoir from evaporation is _____ inconsequential: even the minimum projected reduction would save enough water to furnish the needs of a Denver-sized municipality.,nearly,comparatively,scarcely,rarely,hardly,relatively,,,,C|E,C|E,,,TCSE_51-100.pdf
S053Q10,53,easy,10,SE,"_____ the notion that attention is a limited resource, scientists have found lots of evidence that drivers with cell phones drives slower and are more apt to miss important details than drivers who drive solely on the road.",controverting,buttressing,questioning,bolstering,perpetuating,refuting,,,,B|D,B|D,,,TCSE_51-100.pdf
S054Q01,54,easy,1,TC1,"As the release of the annual report drew near, it was clear that more than a few employees suspected the company was on the verge of bankruptcy; the belief was _____ throughout the organization.",omniscient,abject,pervasive,estimable,specious,,,,,C,C,,,TCSE_51-100.pdf
S054Q02,54,easy,2,TC1,"The automation of many of the functions performed at the factory, although initially inspiring _____ in many of the company’s employees, has had none of the deleterious effects forecast either within and beyond the organization.",indifference,optimism,ambition,arrogance,trepidation,,,,,E,E,,,TCSE_51-100.pdf
S054Q03,54,easy,3,TC2,"The claim that large budget deficits significantly depress private investment and thereby hurt future wages and living standards is (i)_____; in reality, the (ii)_____ effects of budget deficits are tiny.",fallacious,incomprehensible,incontrovertible,adverse,unforeseen,ameliorate,,,,A|D,A|D,,,TCSE_51-100.pdf
S054Q04,54,easy,4,TC2,"The small errors of fact in the work are not sufficient to allow one to (i)_____ Johnson’s main thesis, but their cumulative effect is to make the reader (ii)_____ of the quality of his research.",dismiss,endorse,decipher,skeptical,credulous,appreciative,,,,A|D,A|D,,,TCSE_51-100.pdf
S054Q05,54,easy,5,TC3,"Even though intelligence may be quite (i)_____, and even though scientists may have made frustratingly (ii)_____ progress in understanding it, many experts on intelligence still think that the potential (iii)_____ of the quest to understand intelligence make it worth continuing. For instance, a brain-based understanding of intelligence may help teachers design strategies for educating children more effectively.",useful,neglected,complex,little,rapid,extensive,intellectual impediments,practical values,financial rewards,C|D|H,C|D|H,,,TCSE_51-100.pdf
S054Q06,54,easy,6,TC3,"While the Prime Minister’s long-standing reputation for (i)____ practical power may (ii)_____ his recently stated willingness to devolve real power to regional assemblies and local governments, it certainly does not (iii)_____ his doing it.",centralizing,overseeing,exploring,render inevitable,be based on,raise doubts about,require,allow,preclude,A|F|I,A|F|I,,,TCSE_51-100.pdf
S054Q07,54,easy,7,SE,"Although a dedicated reader of the book can _____ a brief of chronology of Chappell’s life, the book is nevertheless not a real biography of Chapelle.",mass,obtain,overlook,excuse,forgo,glean,,,,B|F,B|F,,,TCSE_51-100.pdf
S054Q08,54,easy,8,SE,"In their quest for kinder cutting, physicians increasingly rely on endoscopic surgery, replacing large scalpels and clamps with cameras and _____ tools that snake into the body through tiny holes.",flexibility,rigidity,magnitude,suppleness,enormity,precision,,,,A|D,A|D,,,TCSE_51-100.pdf
S054Q09,54,easy,9,SE,The university’s once _____ department of economic history has lost prestige and transmogrified into a department of management and marketing.,respected,slighted,pretentious,gigantic,venerable,snubbed,,,,A|E,A|E,,,TCSE_51-100.pdf
S054Q10,54,easy,10,SE,"Travel writers have a special burden of forming _____ story—that is, one with a beginning, middle, and end—out of the unformed moments that make up the act of traveling.",a compelling,a coherent,an original,a serious,an orderly,an innovative,,,,B|E,B|E,,,TCSE_51-100.pdf
S055Q01,55,easy,1,TC1,"Like all general models, island biogeography theory is _____ reality, capturing just a few important elements of a system while ignoring many others.",an adjunct to,an improvement on,a mirror of,a corollary to,a simplification of,,,,,E,E,,,TCSE_51-100.pdf
S055Q02,55,easy,2,TC1,"The restaurant often experience a decline in business after holiday seasons, for potential customers attempt to be more _____ to balance out their former celebratory indulgences.",abstemious,loyal,unsophisticated,blithe,indolent,,,,,A,A,,,TCSE_51-100.pdf
S055Q03,55,easy,3,TC2,"Just as different human groups have different kinds of musical traditions, different groups of whales have different dialects evident in their songs, and it is possible for one group to influence the (i)_____ of another. It has been documented more than once that a group of whales will (ii)_____ its own tunes and adopt the new songs of an unfamiliar group.",tastes,diversity,organization,create,abandon,perpetuate,,,,A|E,A|E,,,TCSE_51-100.pdf
S055Q04,55,easy,4,TC2,"Any number of mysteries to which individual scholars of Athenian history have devoted whole careers are addressed by Ober, and mostly successfully. This will cause some (i)_____ among scholars who have worked for years on a particular problem only to see another scholar suddenly (ii)_____ it.",chagrin,complacency,hubris,prolong,exacerbate,resolve,,,,A|F,A|F,,,TCSE_51-100.pdf
S055Q05,55,easy,5,TC3,"Wolosky claims that Ella Wheeler Wilcox joined other women poets such as Julia Ward Howe, Frances Harper, and Charlotte Perkins Gilman in critiquing materialism and possessive individualism. Wolosky’s description (i)_____ the poetry of Gilman, Howe, and Harper, but it is not entirely (ii)_____ in the case of Wilcox, who hardly (iii)_____ the materialism of her time. Rather, Wilcox seems to have embraced the amassing of private property.",fits,conflates,misinterprets,apt,puzzling,uncommon,reflected,countenanced,impugned,A|D|I,A|D|I,,,TCSE_51-100.pdf
S055Q06,55,easy,6,TC3,"What she disliked in the fictions of some of her peers was the excessive (i)_____. In her novel, by contrast, she was marked by a (ii)_____: she always (iii)_____.",explicitness,deviousness,divergence,ebullience,reticence,introspection,keeps some details undisclosed,ends the book with a bleak note,draws on unusual sources,A|E|G,A|E|G,,,TCSE_51-100.pdf
S055Q07,55,easy,7,SE,"There are many ways in which rat brains and human brains are _____. Indeed, rat brains are often used as generalized models for all mammalian brains, including our own.",identical,analogous,mysterious,comparable,adaptable,inexplicable,,,,B|D,B|D,,,TCSE_51-100.pdf
S055Q08,55,easy,8,SE,"Space is often referred to as the final frontier, as the only realm of which humankind has still to gain substantial understanding, yet the ocean realm is another vast area about which our knowledge is _____.",erroneous,confusing,frustrating,rudimentary,delusive,sketchy,,,,D|F,D|F,,,TCSE_51-100.pdf
S055Q09,55,easy,9,SE,"The occasional minor errors, while annoying, do not _____ the basic scholarship or the valuable contribution of this book.",support,uphold,expose,explain,vitiate,impair,,,,E|F,E|F,,,TCSE_51-100.pdf
S055Q10,55,easy,10,SE,"In American art the line between the good and the goods is not a hard-and-fast boundary, for in a commercial society the membrane that separates spirit and store is always _____.",porous,clogged,permeable,unwavering,steady,imaginary,,,,A|C,A|C,,,TCSE_51-100.pdf
S056Q01,56,easy,1,TC1,"Needing an advocate who would be both precise and succinct, they rejected McLintock, whose inveterate _____ would automatically preclude meeting those requirements.",punctiliousness,concision,cautiousness,imperturbability,prolixity,,,,,E,E,,,TCSE_51-100.pdf
S056Q02,56,easy,2,TC1,"Baker set a new standard for explaining difficult art in language the public could understand; consequently, her books remain exemplars of _____ in art-historical analysis.",fashion,rigor,lucidity,erudition,grandiosity,,,,,C,C,,,TCSE_51-100.pdf
S056Q03,56,easy,3,TC2,He was a leader about whom the country’s people felt (i)_____: both (ii)_____ and reviling him.,ambivalent,complacent,indifferent,ignoring,understanding,adulating,,,,A|F,A|F,,,TCSE_51-100.pdf
S056Q04,56,easy,4,TC2,"Fables often endure due to their (i)_____, often telling one simple narrative, based around one character. This is both by design, because direct statements are more easily remembered than florid ones, and by accident, as fables are passed from teller to teller, (ii)_____ details fall away, leaving only the essential story.",bombast,objectivity,simplicity,superfluous,requisite,apocryphal,,,,C|D,C|D,,,TCSE_51-100.pdf
S056Q05,56,easy,5,TC3,"To pay for the extra spending under this international poverty plan, each American would have to contribute less than the cost of buying a premium cup of coffee once a week. But financial aid is not (i)_____, and even if the funding recommended here were to (ii)_____, the grandest objectives may well remain unfulfilled. Nonetheless, carefully targeted aid can reward responsible governments, (iii)_____ individual initiative, and alleviate suffering. Many will think that’s worth of a cup of coffee.",an impediment,a panacea,a malady,be insufficient,recede,materialize,obviate,temper,encourage,B|F|I,B|F|I,,,TCSE_51-100.pdf
S056Q06,56,easy,6,TC3,"Gravitational waves—ripples in the geometry of space-time—are analogous to electromagnetic waves. The challenge in trying to observe these waves directly is that they are extremely weak. To make waves large enough to be (i)_____, the most (ii)_____ events in the universe are required: supernova explosions, the formation of black holes, or the collision of stars. Even so, the effects are (iii)_____. The geometry changes so little that a distance of several kilometers changes by less than the diameter of a proton.",detectable,usable,explicable,obvious,subtle,violent,masked,disastrous,minuscule,A|F|I,A|F|I,,,TCSE_51-100.pdf
S056Q07,56,easy,7,SE,"Although the four microclimates, observed over the three years, show very similar overall trends, suggesting spatial _____ in the rock surface temperature regime, relative humidity and surface wetness data show clear differences.",invariability,superiority,perception,homogeneity,resemblance,immutability,,,,D|E,D|E,,,TCSE_51-100.pdf
S056Q08,56,easy,8,SE,"Because chemistry’s position as one of the natural sciences has long seemed _____, historians have generally treated the foundation of chemical professorship as an inevitable component of the progression of universities.",manifest,impregnable,relevant,predictable,germane,self-evident,,,,A|F,A|F,,,TCSE_51-100.pdf
S056Q09,56,easy,9,SE,Her apparent _____ her background and ancestry seems unconceivable in an age when people tend to think of themselves to exhaustion.,rejection of,deference to,unfamiliarity with,dishonesty with,ignorance of,fixation on,,,,C|E,C|E,,,TCSE_51-100.pdf
S056Q10,56,easy,10,SE,"For parents, the pleasure of letting children choose which book to read aloud together is not always _____: I well remembered my inner groans when my child would constantly pick my least favorite book from the shelf.",intangible,enduring,impalpable,unalloyed,ephemeral,unqualified,,,,D|F,D|F,,,TCSE_51-100.pdf
S057Q01,57,easy,1,TC1,"The macromolecule RNA is common to all living beings, and DNA, which is found in all organisms except some bacteria, is almost as _____.",mercurial,amorphous,ubiquitous,manifest,exiguous,,,,,C,C,,,TCSE_51-100.pdf
S057Q02,57,easy,2,TC1,"Notwithstanding that the _____ of local branch banks has been so much predicted, in most countries the number of branch banks has increased over the past decade.",resurgence,proliferation,demise,profitability,reorganization,,,,,C,C,,,TCSE_51-100.pdf
S057Q03,57,easy,3,TC2,"There are something like 1,400 seed banks around the world, which guard samples of crop plants ranging from alfalfa to yams. But this agricultural archive is (i)_____ as a result of war, storms, scant money, and bad management, particularly in the world’s most (ii)_____ places.",eroding,expanding,stabilizing,secure,turbulent,cosmopolitan,,,,A|E,A|E,,,TCSE_51-100.pdf
S057Q04,57,easy,4,TC2,Recent years have seen a disheartening string of revelations in which everyday items once considered (i)_____ are found to contain (ii)_____ chemicals.,ubiquitous,innocuous,insalubrious,benign,complex,baneful,,,,B|F,B|F,,,TCSE_51-100.pdf
S057Q05,57,easy,5,TC3,"Parker’s model of human affairs reflects (i)_____ outlook, in stark contrast to the generally (ii)_____ premises that her colleagues in the economics department adopt in their work. Accordingly, her conclusions (iii)_____ theirs.",a sanguine,an introspective,a technical,pessimistic,theoretical,distinctive,are somewhat more accessible than,are not so sunny as,diverge markedly,A|D|I,A|D|I,,,TCSE_51-100.pdf
S057Q06,57,easy,6,TC3,"Those who took Clark’s old-mannered compliance for obsequiousness (i)_____ him: his apparent (ii)_____ veiled a fervent (iii)_____ of the authority that others exercised over him, one that he occasionally expressed by discreetly sabotaging their most important projects.",misconstrued,condemned,respected,cynicism,acquiescence,intractability,veneration,justification,detestation,A|E|I,A|E|I,,,TCSE_51-100.pdf
S057Q07,57,easy,7,SE,"In Schaller’s contradictory introduction to the book, she alternately applauds and _____ humankind’s role in animal conservation.",authorizes,endorses,denounces,discloses,relates,lambasts,,,,C|F,C|F,,,TCSE_51-100.pdf
S057Q08,57,easy,8,SE,The company is so old-fashioned and opposed to innovation that it can seem downright _____.,antediluvian,flighty,archaic,chauvinistic,capricious,patronizing,,,,A|C,A|C,,,TCSE_51-100.pdf
S057Q09,57,easy,9,SE,"The central idea of the worldview known as “consilience” is that all tangible phenomena are based on material process that are ultimately reducible, however long and _____ the sequences, to the laws of physics.",facile,ethereal,tortuous,superficial,convoluted,protracted,,,,C|E,C|E,,,TCSE_51-100.pdf
S057Q10,57,easy,10,SE,"Although evolutionary psychologists do not seem quite as imperialist in their intellectual ambitions as their sociobiologist forebears of the 1970s, they tend, in some critics’ view, to be no less _____ in their claims.",abashed,arrogant,impetuous,hubristic,narcissistic,diffident,,,,B|D,B|D,,,TCSE_51-100.pdf
S058Q01,58,easy,1,TC1,"By the early nineteenth century, education in the United States had become _____ affair: almost every town provided free schools for young children, and many were in the process of building high schools.",an analytical,a civic,a contested,a trivial,an exclusive,,,,,B,B,,,TCSE_51-100.pdf
S058Q02,58,easy,2,TC1,His _____ character enables him to work with people who often hold sometimes even conflict views.,choleric,intransigent,officious,irenic,prudent,,,,,D,D,,,TCSE_51-100.pdf
S058Q03,58,easy,3,TC2,The scientist’s motivation for (i)_____ a ban on the food addictive cannot be called (ii)_____. He himself had a patent for the substitution for the addictive food.,advocating,opposing,conceding,altruistic,solemn,effective,,,,A|D,A|D,,,TCSE_51-100.pdf
S058Q04,58,easy,4,TC2,"Since the field of quantum mechanics is often considered to be (i)_____, it was surprising to find it attracts so much (ii)_____ interest.",abstruse,unconventional,interdisciplinary,cursory,technical,general,,,,A|F,A|F,,,TCSE_51-100.pdf
S058Q05,58,easy,5,TC3,"To many newspapers readers now, this book published in 1953 is (i)_____. It is filled with references to some people whose ideas seemed (ii)_____ at that time, but are rarely viewed as (iii)_____ persons now.",refreshingly inspired,somewhat dated,excessively angry,unfashionable,dutiable,important,ignoble,prolific,seminal,B|F|I,B|F|I,,,TCSE_51-100.pdf
S058Q06,58,easy,6,TC3,"Unambiguous texts can allow their readers to (i)_____ them quickly, but ambiguous texts can have the attractive (ii)_____ of multiple possible interpretations, all of which can be considered equally (iii)_____, and none of which is the single true meaning.",misunderstand,comprehend,complicate,stigma,blemish,allure,valid,frank,inveterate,B|F|G,B|F|G,,,TCSE_51-100.pdf
S058Q07,58,easy,7,SE,"Although the company still loses the occasional lawsuit, the litigation threat that once seemed so _____ has become quite manageable.",burdensome,pedestrian,sporadic,mundane,promising,onerous,,,,A|F,A|F,,,TCSE_51-100.pdf
S058Q08,58,easy,8,SE,"The concept of increasing complexity of organisms has _____ history among evolutionary biologists, and yet many laypeople would unhesitatingly say that the pattern applies to the history of life on Earth.",an illustrious,a sordid,a curious,a contentious,a distinguished,a fraught,,,,D|F,D|F,,,TCSE_51-100.pdf
S058Q09,58,easy,9,SE,"The story lines of silent dramas may often have been _____, yet within those basic narrative outlines, the true artists among silent-film actors could express emotional shadings that have no analogue in spoken language.",implausible,incredible,conventional,elemental,rudimentary,confusing,,,,D|E,D|E,,,TCSE_51-100.pdf
S058Q10,58,easy,10,SE,"The candidate seeks to depict his opponent as being _____, as one who is simply unable to make a decision and stand his ground.",inconstant,cowardly,opportunistic,petty,capricious,spiteful,,,,A|E,A|E,,,TCSE_51-100.pdf
S059Q01,59,easy,1,TC1,The jury's verdict was such a surprise that the populace rioted in the streets; nothing less than a reversal of the verdict could _____ them.,mollify,emulsify,denigrate,petrify,disabuse,,,,,A,A,,,TCSE_51-100.pdf
S059Q02,59,easy,2,TC1,"We often regard natural phenomena like rainfall as mysterious and unpredictable; although for short time spans and particular places they appear so, in fact on a truly global scale, nature has been a model of _____.",reliability,diversity,complexity,plasticity,discontinuity,,,,,A,A,,,TCSE_51-100.pdf
S059Q03,59,easy,3,TC2,"There has been great enthusiasm in the United States for reducing fossil fuel dependence by increasing production of biofuels from crops such as corn and switchgrass, but this (i)_____ about biofuel’s potential should be (ii)_____ by a realistic appraisal of the costs and challenges of biofuel production.",forbearance,exuberance,obduracy,tempered,delineated,exacerbated,,,,B|D,B|D,,,TCSE_51-100.pdf
S059Q04,59,easy,4,TC2,"According to Dr. Edith Widder, measuring the level of pollutants in sediment provides a more accurate and robust indication of an estuary's health than does measuring the level of chemicals in the water, since pollution in water is (i)_____, but pollution in sediment is (ii)_____.",declining,manageable,transient,significant,persistent,detectable,,,,C|E,C|E,,,TCSE_51-100.pdf
S059Q05,59,easy,5,TC3,"Compared with, say, the precision of a skein of geese winging its way across the autumn sky in a V formation, the seasonal marches of grazers across the Serengeti seem (i)_____, and at times even (ii)_____. But, in fact, years of careful observation by scientists have shown that there is (iii)_____ those migrations of zebras, wildebeests, and Thomson’s gazelles.",disorganized,purposeful,massive,illusionary,overwhelming,chaotic,feats a tendency toward aggression in,an undeniable grandeur to,a definite order to,A|F|I,A|F|I,,,TCSE_51-100.pdf
S059Q06,59,easy,6,TC3,"Biologists have little (i)_____ drawing the link between the success of humanity and human (ii)_____. Indeed, many biologists claim that this attribute, the ability to (iii)_____, or, to put it more sharply, to make individuals subordinate their self-interest to the needs of the group, lies at the root of human achievement.",consensus regarding,compunction about,justification for,resilience,sociability,uniqueness,reflect,communicate,cooperate,B|E|I,B|E|I,,,TCSE_51-100.pdf
S059Q07,59,easy,7,SE,"Given the _____ of solid case studies of environment degradation, this new study adds very little to our knowledge of the field.",erroneousness,plethora,surfeit,inaccuracy,rigor,outcome,,,,B|C,B|C,,,TCSE_51-100.pdf
S059Q08,59,easy,8,SE,"Although his original mission was a failure, Russian botanist Michael Friedrich Adams achieved an unexpected _____ when he found, by chance, the carcass of a woolly mammoth.",conclusion,upheaval,triumph,bombshell,success,venture,,,,C|E,C|E,,,TCSE_51-100.pdf
S059Q09,59,easy,9,SE,The medical researchers replied to the charge that their proposed new treatment was _____ by demonstrating that it in fact observed standard medical practices.,deleterious,untested,unorthodox,expensive,intricate,unconventional,,,,C|F,C|F,,,TCSE_51-100.pdf
S059Q10,59,easy,10,SE,"Because experience had convinced her that Hector was both self-seeking and avaricious, she rejected the possibility that the motivation behind his donation had been wholly _____.",redundant,frivolous,egotistical,ephemeral,altruistic,benevolent,,,,E|F,E|F,,,TCSE_51-100.pdf
S060Q01,60,easy,1,TC1,The inconspicuous location and lack of striking vistas that characterize the villa reflect the _____ aspect of its creator’s personality.,volatile,grandiose,gregarious,self-effacing,imperious,,,,,D,D,,,TCSE_51-100.pdf
S060Q02,60,easy,2,TC1,"Since many prehistoric tools were made of materials, such as wood, bone, and antler, that tend to decay quickly, these archaeological specimens are _____ their stone counterparts.",cruder than,derived from,found with,rarer than,similar to,,,,,D,D,,,TCSE_51-100.pdf
S060Q03,60,easy,3,TC2,"As the pace of the trial (i)_____, the wait at the beginning of the day became less interminable, and the attorneys’ requests to suspend proceeding for private conferences with the judge, almost invariably granted early on, were routinely (ii)_____.",slowed,materialized,accelerated,rebuffed,repeated,recounted,,,,C|D,C|D,,,TCSE_51-100.pdf
S060Q04,60,easy,4,TC2,"Managers who categorically squelch insights from low-tiered employees run the obvious hazard of (i)_____ creativity; conversely, these very same managers are more likely to (ii)_____ any ideas that flow down from the top brass.",fomenting,smothering,sparking,unquestioningly embrace,arbitrarily denounce,conditionally approve,,,,B|D,B|D,,,TCSE_51-100.pdf
S060Q05,60,easy,5,TC3,"A bird’s feathers would seem to be a (i)_____ design for protecting a bird from attack by microscopic organisms. They create a warm, moist space next to the skin that could be an ideal incubator for spores. Wild birds rarely (ii)_____ skin diseases, however. The chemicals in the sebum include an array of antibacterial and antifungal agents that allow the bird’s skin to (iii)_____.",perfect,typical,poor,contract,overcome,notice,stay healthy,become irritated,recover quickly,C|D|G,C|D|G,,,TCSE_51-100.pdf
S060Q06,60,easy,6,TC3,"The skin of the poison dart frog contains deadly poisons called batrachotoxins. But the (i)_____ of the toxins has remained an enigma, as the frog does not (ii)_____ them. Now an analysis suggests that the melyrid beetle is the source. Collected beetle specimens all contained batrachotoxins, suggesting that these beetles are (iii)_____ by the frogs.",effect,origin,purpose,pressure,produce,suffer from,eaten,neutralized,poisoned,B|E|G,B|E|G,,,TCSE_51-100.pdf
S060Q07,60,easy,7,SE,"Far from _____ innovations, as the patent system was designed to do, the patenting of concepts such as gene sequences gives individuals and corporations a legal choke to hold over ideas that should be useful to all.",spurring,recognizing,codifying,acknowledging,fostering,cataloging,,,,A|E,A|E,,,TCSE_51-100.pdf
S060Q08,60,easy,8,SE,"The 1840s were _____ time for young women beginning to study science, particularly astronomy, in 1847 Maria Mitchell discovered the Nantucket comet, the first of several important astronomical discoveries of the era.",a favorable,an awkward,a perilous,a hazardous,an improbable,an auspicious,,,,A|F,A|F,,,TCSE_51-100.pdf
S060Q09,60,easy,9,SE,"To keep the museum’s admission lines moving, security inspections are considerably _____.",thorough,annoying,cursory,casual,irritating,methodical,,,,C|D,C|D,,,TCSE_51-100.pdf
S060Q10,60,easy,10,SE,"The evil of class and race hatred must be eliminated while it is still _____ state; otherwise, it may grow to dangerous proportions.",an amorphous,an overt,a rudimentary,a threatening,an independent,an embryonic,,,,C|F,C|F,,,TCSE_51-100.pdf
S061Q01,61,easy,1,TC1,"There are no _____ criteria of excellence in art: works that once were ignored or even reviled now fetch millions of dollars at auction, while those that were most highly praised in their day now languish in storage.",subjective,dubious,transitory,immutable,uncontroversial,,,,,D,D,,,TCSE_51-100.pdf
S061Q02,61,easy,2,TC1,"The pupil had a reputation for obduracy, but the teacher found her to be, on the contrary, quite _____.",zealous,astute,tractable,efficient,amusing,,,,,C,C,,,TCSE_51-100.pdf
S061Q03,61,easy,3,TC2,"Because reading on the Web entails quickly scanning and sorting through a deluge of information, many wonder if our level of engagement with the text (i)_____ or if the ability to read closely and carefully is one that can be (ii)_____ if we simply spend more time immersed in a book.",irreparably compromised,tentatively disrupted,permanently restored,fully reactivated,further degraded,summarily disregarded,,,,A|D,A|D,,,TCSE_51-100.pdf
S061Q04,61,easy,4,TC2,"The benefits offered by information technology do not (i)_____ the need for individual reasoning; for example, Internet user should not allow the reasoning process to be (ii)_____ the mere accumulation raw data.",disguise,signal,diminish,preceded by,supplemented with,supplanted by,,,,C|F,C|F,,,TCSE_51-100.pdf
S061Q05,61,easy,5,TC3,"Evidence has been accumulating since the 1930s that reducing an animals energy intake below its energy expenditure extends the life span and delays the (i)_____ of age-related diseases in rats, dogs, fish, and monkeys. Such results have inspired thousands of people to (ii)_____ in the hope of living longer, healthier lives. They have also led to a search for drugs that (iii)_____ the effects of calorie restriction without the pain of actually going on a diet.",diagnosis,onset,treatment,eat healthier foods,put up with constant hunger,take vitamin supplements,undermine,mimic,delay,B|E|H,B|E|H,,,TCSE_51-100.pdf
S061Q06,61,easy,6,TC3,"Although Uruk in southern Mesopotamia has been (i)_____ as being both the first city and the model for later cones, at least two sites in northern Mesopotamia have yielded clear evidence of urbanization long before the existing evidence from Uruk, and other discoveries indicate that some of the (ii)_____ early urbanism were invented not in southern Mesopotamia but in the north. These findings have led some archaeologists to (iii)_____ a serious reconsideration about when and where the first cities arose.",established,contested,presented,defining features of,derivative aspects of,traditional theories about,evaluate,ignore,propose,A|D|I,A|D|I,,,TCSE_51-100.pdf
S061Q07,61,easy,7,SE,"Many people remember a time when cutting-edge architects, who are these days treated like celebrities, had _____ relationship with the public: for much of the 1960s, big new buildings in cities were often cause for hostility, not celebration.",an antagonistic,an inimical,an autocratic,a symbiotic,an indifferent,an apathetic,,,,A|B,A|B,,,TCSE_51-100.pdf
S061Q08,61,easy,8,SE,"It is surprising to see such a child that is at his sixteenth manifest a great measure of _____, for he delivers too cogent, brilliant a speech among adults.",maturity,precociousness,convolution,nefariousness,naïveté,ingenuousness,,,,A|B,A|B,,,TCSE_51-100.pdf
S061Q09,61,easy,9,SE,People from one community always take each other as _____ since they automatically classify the others as their family line.,acquaintance,consort,neighborhood,kinfolk,relative,patron,,,,D|E,D|E,,,TCSE_51-100.pdf
S061Q10,61,easy,10,SE,The juxtaposition of fertile alluvial soils originating in the Andes with the infertile inland soils of central Amazon Basin is one example of _____ of the soil conditions that can be found in the tropics.,intractability,heterogeneity,incompatibility,disparateness,instability,fragility,,,,B|D,B|D,,,TCSE_51-100.pdf
S062Q01,62,easy,1,TC1,"Because the critic thought that the mark of great literature was grandiosity and elegance not to be found in common speech, writers seeking his approbation _____ the vernacular.",exploited,embraced,misapplied,considered,eschewed,,,,,E,E,,,TCSE_51-100.pdf
S062Q02,62,easy,2,TC1,"Due to the many _____ in his committee presentation, Mark’s advisor suggested that he revise his work and practice in front of a mirror before presenting it to the entire department.",facilities,jeremiads,gaffes,obloquies,exploits,,,,,C,C,,,TCSE_51-100.pdf
S062Q03,62,easy,3,TC2,"From time to time, all scientific disciplines encounter observations that do not fit the theories of the day. At first such observations tend to be treated as (i)_____, but those scientists (ii)_____ them sometimes discover that they have to abandon established principles in order to account for the new findings.",anomalies,discoveries,harbinger,averse to scrutinizing,willing to investigate,unable to acknowledge,,,,A|E,A|E,,,TCSE_51-100.pdf
S062Q04,62,easy,4,TC2,"Despite dispute between the sisters lasted all summer, Megan remained (i)_____ and Laruen was equally (ii)_____.",intransigent,feckless,munificent,indolent,uncompromising,taciturn,,,,A|E,A|E,,,TCSE_51-100.pdf
S062Q05,62,easy,5,TC3,"The motives of many major investors in Pop Art have arguably been to a large extent, (i)_____. These collectors demonstrate and enhance their power over the art market by establishing seemingly arbitrary works of art as priceless. This phenomenon reveals that (ii)_____ is not (iii)_____ of truth or beauty, but simply a trick of investment capital.",visionary,ambiguous,self-aggrandizing,value,virtuosity,originality,a product,an inversion,a limitation,C|D|G,C|D|G,,,TCSE_51-100.pdf
S062Q06,62,easy,6,TC3,"China’s rapidly growing population is the main threat facing large carnivores in the People’s Republic. Increasingly, policies aimed at limiting population growth have been (i)_____; nevertheless, the country’s vast size and the isolation of many of its regions mean that human populations in areas where large carnivores still occur (ii)_____. This human pressure has (iii)_____ the South China tiger.",modified,deemphasized,implemented,could start to decline,can grow unchecked,have stabilized,celebrated,doomed,bypassed,C|E|H,C|E|H,,,TCSE_51-100.pdf
S062Q07,62,easy,7,SE,"Although most scientists hold that quantum theory and the theory of general relativity ought to be intimately connected, the theories have remained stubbornly _____.",consistent,unlinked,self-contradictory,estranged,arbitrary,congruent,,,,B|D,B|D,,,TCSE_51-100.pdf
S062Q08,62,easy,8,SE,"One big challenge with placebo responses is that they are _____: people given the same inert pill or potion may show wildly different reactions, and the effects vary widely according to each person’s illness.",capricious,illusory,unpredictable,chimerical,marginal,ephemeral,,,,A|C,A|C,,,TCSE_51-100.pdf
S062Q09,62,easy,9,SE,The _____ of biographies of antebellum capitalists is particularly striking in contrast with the abundance of life stories of industrialists in later eras.,brevity,banality,utility,paucity,triteness,dearth,,,,D|F,D|F,,,TCSE_51-100.pdf
S062Q10,62,easy,10,SE,"He was one of the most powerful chess players over and one of the most _____; at the height of his fame he all but dropped out of chess, entering into a self-imposed exile.",perplexing,creative,troubled,infuriating,enigmatic,imaginative,,,,A|E,A|E,,,TCSE_51-100.pdf
S063Q01,63,medium,1,TC1,"Anthropologist Jane Goodall was _____ in her determination to anthropomorphize the animals she observed with such empathy, and so resisted her editors’ attempt to recast her descriptions in more dispassionate language.",fickle,stalwart,solicitous,pretentious,whimsical,,,,,B,B,,,TCSE_51-100.pdf
S063Q02,63,medium,2,TC1,"Although New York exhilarated him, even at first Leger’s reaction to it was not _____: he was initially bothered by its stunning verticality.",unspontaneous,unintentional,unqualified,unhopeful,uninterested,,,,,C,C,,,TCSE_51-100.pdf
S063Q03,63,medium,3,TC2,"While in their consideration of the unique way athletics and academics are combined in United States universities, Markovits and Rensmann do not (i)_____ Gumbrecht’s idealizing vision of the compatibility of college athletics with the intellectual missions of institutions of higher learning, neither do they regard college athletics as (ii)_____: they believe that big-time sports have a rightful place in university life.",fully endorse,intentionally recapitulate,entirely misconstrue,indispensable,venal,profitable,,,,A|E,A|E,,,TCSE_51-100.pdf
S063Q04,63,medium,4,TC2,"The description of humans as having an internal clock is not a (i)_____. Or rather, it is—you do not have a tiny watch in your cerebellum—but it also refers to (ii)_____, a specialized bundle of cells that regulates cyclical processes.",euphemism,cliché,metaphor,an elusive psychological phenomenon,a standard literary trope,a real biological feature,,,,C|F,C|F,,,TCSE_51-100.pdf
S063Q05,63,medium,5,TC3,"Human-caused disturbances, such as habitat destruction and the introduction of nonnative species, are among the leading causes of plant and animal population declines. Most populations are affected by a combination of adverse human pressures, each of which is in itself insufficient to (i)_____ a population crash. Therefore, studies of population declines that (ii)_____ individual factors and thus (iii)_____ potential interactions may lead to improper management of declining species.",delay,trigger,offset,integrate,focus on,ignore,exaggerate,overlook,anticipate,B|E|H,B|E|H,,,TCSE_51-100.pdf
S063Q06,63,medium,6,TC3,"Movement from bottom to top, from poor to rich, was rare, even movement from poor to middle class was (i)_____. Statistical analysis of trends in occupation, income, and property ownership, Thernstrom wrote, “yielded rather (ii)_____ conclusions about social mobility in nineteenth-century America.” So we might expect Thernstrom to be suspicious now of claims that differences in class could be (iii)_____ if only the public schools did a better job.",an anomaly,a cinch,a conjecture,multifaceted,pessimistic,unsophisticated,distinguished,misapprehended,obliterated,A|E|I,A|E|I,,,TCSE_51-100.pdf
S063Q07,63,medium,7,SE,A small degree of _____ is always desirable in a published diary. A sense of authenticity is seldom worth the diarist’s questionable grammar or careless phrasing.,characterization,emendation,documentation,revision,substantiation,individualization,,,,B|D,B|D,,,TCSE_51-100.pdf
S063Q08,63,medium,8,SE,"In his heyday, Sonny Bono’s role in public was _____: he was an accomplished lyricist, a mayoral success story, delegate from Palm Springs, and the husband of an internationally acclaimed vocalist.",protean,versatile,pedestrian,prominent,circumscribed,illustrious,,,,A|B,A|B,,,TCSE_51-100.pdf
S063Q09,63,medium,9,SE,"Criticized for decades of overproduction in their signature line of derivative goods, Rectangle Record has satiated the market with a _____ of repackaged old CDs, which interferes with its ability to innovate and produce new albums.",dearth,glut,deficiency,surfeit,abundance,profusion,,,,B|D,B|D,,,TCSE_51-100.pdf
S063Q10,63,medium,10,SE,"His political view, harking back to the turmoil in the 1934, is a _____ with no bearing on the present.",prototype,pretense,paradigm,relic,contradiction,vestige,,,,D|F,D|F,,,TCSE_51-100.pdf
S064Q01,64,medium,1,TC1,"Discussions of impending water shortages are often couched in apocalyptic rhetoric, yet if the language is somewhat _____, the basic message is sound: water is indeed scarce and growing scarcer.",abstract,complacent,ambiguous,unfamiliar,overblown,,,,,E,E,,,TCSE_51-100.pdf
S064Q02,64,medium,2,TC1,"Medieval cathedrals still stand as marvels of architecture, but as far as modern science is concerned, medieval physics and chemistry are simply irrelevant, at best a dead end, at worst the very _____ of what science is supposed to be.",exemplar,glorification,reflection,dilution,antithesis,,,,,E,E,,,TCSE_51-100.pdf
S064Q03,64,medium,3,TC2,"In the years prior to the Civil War, Philadelphia’s African American press encourage readers to be vaccinated against smallpox. This journalistic campaign was initially (i)_____, appealing to readers sense of communal duty, and became even more (ii)_____ once the war started, as smallpox outbreaks began to occur on Philadelphia’s outskirts.",hortatory,ineffective,widespread,controversial,urgent,inopportune,,,,A|E,A|E,,,TCSE_51-100.pdf
S064Q04,64,medium,4,TC2,"A hallmark of certain nineteenth-century mystery novels was the reform agenda of their authors, who ostensibly sought to expose economic injustice while depicting the seamy underside of urban life. In reality, however, these claims to a radical political agenda were often (i)_____ meant to give lurid thrillers the appearance of (ii)_____.",authentic,complicated,disingenuous,escapist appeal,high-minded purpose,gripping suspense,,,,C|E,C|E,,,TCSE_51-100.pdf
S064Q05,64,medium,5,TC3,So (i)_____ is the reputation of the country's police for corruption and other forms of (ii)_____ that it has become a kind of tradition that every newly appointed police chief pledges to (iii)_____ the force.,persisted,paralyzing,unfounded,indolence,incompetence,criminality,contradict,reform,reward,A|F|H,A|F|H,,,TCSE_51-100.pdf
S064Q06,64,medium,6,TC3,"The wealthy donor was known for his annual acts of (i)_____ throughout the community, but even more (ii)_____ was the fact that he was willing to get his hands dirty and serve the needy through hard physical labor as well as through (iii)_____ and gifts.",quality,legacy,largesse,laudable,inexpressible,disquieting,effort,endowments,handiwork,C|D|H,C|D|H,,,TCSE_51-100.pdf
S064Q07,64,medium,7,SE,"As a critic, Nelson is noteworthy for her _____: rather than presenting fully formed pronouncements, she is willing to let us watch as she works out her ideas.",generosity,humility,integrity,modesty,eloquence,rhetoric,,,,B|D,B|D,,,TCSE_51-100.pdf
S064Q08,64,medium,8,SE,"Although in the mid-1970s nuclear power seemed poised for a still greater role in energy supply, in fact the _____ of its prestige had already begun.",evaluation,waning,defense,undermining,ebbing,vindication,,,,B|E,B|E,,,TCSE_51-100.pdf
S064Q09,64,medium,9,SE,"The women's rights movement has been mostly _____ in the Middle East, but it is likely that activists will be newly galvanized by the political upheavals currently sweeping the region.",subverted,quiescent,interminable,bootless,abeyant,feckless,,,,B|E,B|E,,,TCSE_51-100.pdf
S064Q10,64,medium,10,SE,"Beatified by the Catholic Church in 1765, Italian cleric Ludovico Sabbatini is _____ each year on the day of his death, June 11.",pledged,evoked,deified,venerated,honored,christened,,,,D|E,D|E,,,TCSE_51-100.pdf
S065Q01,65,medium,1,TC1,"The physical layout of the laboratory, although well adapted to the research being pursued when it was built, was not _____, making a thorough redesign necessary before a proposed new experimental program could be undertaken.",compromised,imprecise,convoluted,ubiquitous,plastic,,,,,E,E,,,TCSE_51-100.pdf
S065Q02,65,medium,2,TC1,"Within the field of emotional intelligence research, disagreements remain about whether emotional intelligence can be learned and strengthened or is _____ characteristic.",an expressed,an inborn,an invented,a cultivated,a perceptible,,,,,B,B,,,TCSE_51-100.pdf
S065Q03,65,medium,3,TC2,"Though McDonough discusses (i)_____ the filmmaker’s aesthetic principles, it is the description of the (ii)_____, the very vulgarity of the director’s films, rather than McDonough’s learned discourses on the aesthetics of the film, that makes the book so entertaining.",inaccurately,superficially,adroitly,subtle ingenuity,absolute discretion,flagrant crassness,,,,C|F,C|F,,,TCSE_51-100.pdf
S065Q04,65,medium,4,TC2,"In our daily lives, we often (i)_____ our separate identities: you can have one identity at work and another online, for example. Such (ii)_____ disappear in certain circumstances, however, resulting in a cross-pollination of our different selves.",renounce,merge,compartmentalize,uncertainties,correlations,boundaries,,,,C|F,C|F,,,TCSE_51-100.pdf
S065Q05,65,medium,5,TC3,"(i)_____ have often shrilled that Australia’s Great Barrier Reef is dying, a result of agricultural runoff from the (ii)_____ Queensland coast. In truth, the preservation of the reef (iii)_____, a combination of active government intervention and the beneficial effects of responsible tourism.",apologists,optimists,scaremongers,long-abandoned,over-farmed,well-preserved,is based on an impracticality,remains a matter of controversy,is something of a success story,C|E|I,C|E|I,,,TCSE_51-100.pdf
S065Q06,65,medium,6,TC3,"Industry-sponsored scientific research on chemical safety often (i)_____. Media reports regularly imply that industry support of scientific work is alone sufficient to (ii)_____ that research. Even though the source of funding has been determined to be a less significant cause of bias than other factors, industry support suffices, in the minds of many people, to (iii)_____ the credibility of scientific work.",uncovers risks,elicits skepticism,promotes innovation,fund,vindicate,invalidate,adopt,vitiate,bolster,B|F|H,B|F|H,,,TCSE_51-100.pdf
S065Q07,65,medium,7,SE,"What they see in Jimenez is the one candidate capable of decisive leadership, in stark contrast to Diaz, whose team in office has been marred by _____.",defensiveness,corruption,irresolution,vacillation,belligerence,pugnacity,,,,C|D,C|D,,,TCSE_51-100.pdf
S065Q08,65,medium,8,SE,"The research informing Gregory’s book on vegetarianism in Victorian England appears to be _____, with a great deal of revealing detail on display and more than a third of the text taken up with footnotes.",uneven,excessive,exhaustive,mixed,inconsistent,comprehensive,,,,C|F,C|F,,,TCSE_51-100.pdf
S065Q09,65,medium,9,SE,"He was a man of few words, _____ around all but his closest friends.",laconic,garrulous,ascetic,taciturn,tempestuous,ambiguous,,,,A|D,A|D,,,TCSE_51-100.pdf
S065Q10,65,medium,10,SE,"There are many insights in the essay collected in Observations on modernity, but they are embedded in a dense English translation of a dense German original that may make many of them ______ to most readers.",vapid,inaccessible,sagacious,banal,distressing,opaque,,,,B|F,B|F,,,TCSE_51-100.pdf
S066Q01,66,medium,1,TC1,"The cognitive flexibility of successful fictional detectives is often _____ by their cultural ambivalence: detectives’ intellectual acumen, it seems, exists in direct proportion to their uneasy place in society.",amplified,highlighted,spurred,matched,negated,,,,,D,D,,,TCSE_51-100.pdf
S066Q02,66,medium,2,TC1,"Barry was a skilled _____: though his arguments were completely flawed, they were clever- sounding enough to deceive everyone who heard them.",sophist,scholar,quibbler,doctrinaire,pedant,,,,,A,A,,,TCSE_51-100.pdf
S066Q03,66,medium,3,TC2,"If the candidate wins the election now that rivals within his own party have (i)_____ him in a campaign that was (ii)_____ without their help, he will be mightily indebted to these self-styled saviors.",rallied,separated from,undermined,foundering,effective,improving,,,,A|D,A|D,,,TCSE_51-100.pdf
S066Q04,66,medium,4,TC2,"In the popular conception, (i)_____ is inextricably tied up with (ii)_____: doing something truly creative, we are inclined to think, requires the freshness and energy of youth. Orson Welles made his masterpiece, Citizen Kane, at twenty-five, and Mozart wrote his breakthrough Piano concerto no.9 at twenty-one.",progress,genius,destiny,serendipity,precocity,dedication,,,,B|E,B|E,,,TCSE_51-100.pdf
S066Q05,66,medium,5,TC3,"Communal feeding is a remarkable behavioral aspect of this generally solitary animal. It is also a misunderstood behavior and one of the reasons is that Tasmanian devils have a bad reputation. Far from being a (i)____, communal devil feeding is (ii)_____ and purposeful, and is described as (iii)_____ behavior. The screaming and apparent fighting is an elaborate combination and variety of vocalizations and postures by which order is maintained.",free-for-all,rarity,necessity,structured,vicious,infrequent,innate,acquired,ritualized,A|D|I,A|D|I,,,TCSE_51-100.pdf
S066Q06,66,medium,6,TC3,"The research on otters’ environmental requirements is surprisingly (i)_____. One reason for this has to do with the estimation of how much they use different areas. Doing so may be (ii)_____ in some kinds of terrain, such as Shetland where the Eurasian otters are active in daytime and have clear individual markings. There it is possible to identify the individuals over stretches of coast of a few kilometers and to see what kinds of coast they use. However, the field conditions are (iii)_____.",straightforward,controversial,difficult,quite problematic,relatively simple,largely unnecessary,routine,deceptive,exceptional,C|E|I,C|E|I,,,TCSE_51-100.pdf
S066Q07,66,medium,7,SE,"It is not unusual for American eduction leaders to hold up another nation as a model for school reform: in the mid-nineteenth century, such figures _____ the professionalism and structure of the Prussian school system.",envied,imitated,hailed,augmented,acclaimed,enhanced,,,,C|E,C|E,,,TCSE_51-100.pdf
S066Q08,66,medium,8,SE,"In her career as an editor, she pruned and shaped many a writer’s _____ prose into crisp lucidity.",wayward,transparent,errant,urbane,elegant,incisive,,,,A|C,A|C,,,TCSE_51-100.pdf
S066Q09,66,medium,9,SE,"Philby secretly loathed the host of the party that he was attending, but it seemed _____ to say so publicly.",recondite,tactless,clever,malign,deft,impolitic,,,,B|F,B|F,,,TCSE_51-100.pdf
S066Q10,66,medium,10,SE,"In American Indian art, the supposed distinction between modern and traditional was fabricated by critics, and when artists have control over interpretation of their own work, the distinction appear, happily, to have been _____.",eliminated,reinforced,put to rest,intensified,recognized,established,,,,A|C,A|C,,,TCSE_51-100.pdf
S067Q01,67,medium,1,TC1,"Reading chunks of Shapiro’s verse in one sitting, it must be said, exposes the _____ nature of his writing: scads of poems are too glancing to strike a nerve, scarcely worth a second reading.",jejune,esoteric,corrosive,finicky,indiscreet,,,,,A,A,,,TCSE_51-100.pdf
S067Q02,67,medium,2,TC1,"The painter’s problem, like that of an author whose early literary masterpiece exhausts the themes it embodies, is how to _____ his first highly acclaimed efforts with works of comparable significance and presence.",combine,illuminate,realize,amend,follow,,,,,E,E,,,TCSE_51-100.pdf
S067Q03,67,medium,3,TC2,"Harper’s draw, while (i)_____ in the United States for years, has remained (ii)_____ in London, where the public greets virtually every work with unabashed enthusiasm.",in eclipse,unrivaled,unchanged,controversial,unsurpassed,unexceptional,,,,A|E,A|E,,,TCSE_51-100.pdf
S067Q04,67,medium,4,TC2,"Even if the merits of the proposal are (i)_____, faculty members may be reluctant to (ii)_____, given their fear of offending the group that champions it.",unparalleled,dubious,obvious,demur,approve,acquiesce,,,,B|D,B|D,,,TCSE_51-100.pdf
S067Q05,67,medium,5,TC3,"Until now, old snapshots and home movies faded and crumbled and were eventually (i)_____. Only a few precious mementos were preserved and passed along. But as photography moves into the digital realm, family albums and home videos see capable of (ii)_____: our capacity to store them is, for all practical purposes, approaching the infinite. Is such a transformation a good thing? The natural world teaches us that (iii)_____ are vital to ecological health. Does a similar principle apply to communal memory?",archived,discarded,reproduced,transmission,immortality,revolution,death and decay,predator and prey,reproduction and renewal,B|E|G,B|E|G,,,TCSE_51-100.pdf
S067Q06,67,medium,6,TC3,"In medieval Europe, watermills were more (i)_____ than windmills. It is true that windmills could be built virtually anywhere, whereas watermills (ii)_____. However, watermills’ greater capacity and reliability provided a better (iii)_____ the money required to build the mill.",problematic,profitable,versatile,were suitable only for,inspired a variety of new,required a good deal of,source of certain locations,adjunct to technologies,return on upkeep,B|D|I,B|D|I,,,TCSE_51-100.pdf
S067Q07,67,medium,7,SE,"Despite the general _____ of Roman archaeological studies toward the major cities and their monuments, archaeology has contributed much to a better understanding of rural developments in Roman territory.",openness,indifference,hostility,animus,bias,orientation,,,,E|F,E|F,,,TCSE_51-100.pdf
S067Q08,67,medium,8,SE,Our mass media are much more fascinated by bad ideas or the failure of good ones than by successes: we drown in bad news—tales of how things went wrong--but we have only the most _____ discussion on how they might go right.,incisive,tantalizing,trenchant,cursory,illusory,perfunctory,,,,D|F,D|F,,,TCSE_51-100.pdf
S067Q09,67,medium,9,SE,"A few decades ago the idea of animal morality would have been met with _____; however, recent research suggests that animals not only act altruistically but also have the capacity for empathy, forgiveness, trust, and reciprocity.",derision,resentment,dismissal,conviction,ridicule,certainty,,,,A|E,A|E,,,TCSE_51-100.pdf
S067Q10,67,medium,10,SE,"At first, most of the famous fairy tales seem so implausible and so irrelevant to contemporary life that their _____ is hard to understand.",universality,persistence,appeal,ephemerality,survival,transience,,,,B|E,B|E,,,TCSE_51-100.pdf
S068Q01,68,medium,1,TC1,"The presidents’ cordial greeting may seem to be a small gesture of friendliness, but it is not without _____ in the heretofore stifled atmosphere of the society’s meetings.",significance,impertinence,nostalgia,precedent,triviality,,,,,A,A,,,TCSE_51-100.pdf
S068Q02,68,medium,2,TC1,"The purpose of accounts of the Amazons for their male Greek recorders was _____, to teach both male and female Greeks that all-female groups, formed by withdrawal from traditional society, are destructive and dangerous.",deceptive,didactic,pre-cautious,vengeful,reflective,,,,,B,B,,,TCSE_51-100.pdf
S068Q03,68,medium,3,TC2,"Whatever the acknowledged (i)_____ of the market and the merits of considering ways to (ii)_____ them, implementing public policies toward this end entails the inevitable risk that those policies will simply create new deficiencies even as they address old ones.",attractions,shortcomings,complexities,remedy,enhance,restore,,,,B|D,B|D,,,TCSE_51-100.pdf
S068Q04,68,medium,4,TC2,"Research note that wolves’ otherwise strongly hierarchical society is marked by occasional displays of populist (i)_____: if a pack leader proves a too-snappish tyrant, subordinate wolves will (ii)_____ the top cur.",umbrage,expiation,torpor,collectively overthrow,eventually placate,quickly appraise,,,,A|D,A|D,,,TCSE_51-100.pdf
S068Q05,68,medium,5,TC3,"The motives of many major investors in Pop Art have arguably been to a large extent (i)_____. These collectors demonstrate and enhance their power over the art market by establishing seemingly arbitrary works of art as priceless. This phenomenon reveals that (ii)_____ is not (iii)_____ of truth or beauty, but simply a trick of investment capital.",visionary,ambiguous,self-aggrandizing,value,virtuosity,originality,a product,an inversion,a limitation,C|D|G,C|D|G,,,TCSE_51-100.pdf
S068Q06,68,medium,6,TC3,"Not all paleontologists agree that connections between the continents were (i)_____ just after the extinction of the dinosaurs. Some hold the view that North America, Asia, and South America had (ii)_____ immediately following the dinosaur extinction, pointing to (iii)_____ between ancient kinds of mammals that existed on all three continents at this time in support of their argument.",significant,permanent,limited,lasting differences,extensive contacts,trivial likeness,similarities,intermediaries,hostilities,C|E|G,C|E|G,,,TCSE_51-100.pdf
S068Q07,68,medium,7,SE,"Because archaeology explores the most profound changes in human history by means of a grossly incomplete record; it has invited the sort of bold, imaginative interpretation in which speculation too easily becomes _____ evidence.",replaced by,constrained by,untethered from,divorced from,substituted for,constricted by,,,,C|D,C|D,,,TCSE_51-100.pdf
S068Q08,68,medium,8,SE,"During the eighteenth century, improvements in their material circumstances did not necessarily mean expanded independence for women elite families and, arguably, the social conventions of gentility _____ more of their time and energy.",provided,justified,demanded,granted,exacted,rationalized,,,,C|E,C|E,,,TCSE_51-100.pdf
S068Q09,68,medium,9,SE,"For certain economists, “pure” economic theory, that is, economic theory _____ a specific social structure, is impossible, much like a concept of anatomy that investigates no specific species.",attuned to,abstracted from,derived from,divorced from,sensitive to,analyzed in,,,,B|D,B|D,,,TCSE_51-100.pdf
S068Q10,68,medium,10,SE,"The professor’s habitual air of _____ was misleading front, concealing amazing reserves of patience and a deep commitment to his students’ learning.",cordiality,irascibility,disorganization,conviviality,diffidence,exasperation,,,,B|F,B|F,,,TCSE_51-100.pdf
S069Q01,69,medium,1,TC1,"The often-cited parallels between human communities and insect colonies are _____: the cooperation found among social insects is essentially due to the insects genetic ties, while humans often collaborate with non-relatives.",superficial,obvious,hackneyed,contradictory,uncanny,,,,,A,A,,,TCSE_51-100.pdf
S069Q02,69,medium,2,TC1,"In the nineteenth century, geology became so respected among middle-class Britons that the science came to be seen as _____, a yardstick by which other disciplines measured their scientific rigor and imaginative power.",accessible,derivative,pragmatic,empirical,paradigmatic,,,,,E,E,,,TCSE_51-100.pdf
S069Q03,69,medium,3,TC2,"Throughout much of the twentieth century, common scientific sense seemed to dictate that animals could not make a choice based on rational or aesthetic criteria. Such choices were (i)_____ the mental capacity of humans. Scientists who (ii)_____ this animal-human cognitive division were often accused of anthropomorphism.",reserved for,inconsistent with,similar to,accepted,transgressed,exacerbated,,,,A|E,A|E,,,TCSE_51-100.pdf
S069Q04,69,medium,4,TC2,"For many adults, the adolescent years occupy (i)_____ place in the memory, which to some degree is even quantifiable: give a grown adult a series of random prompts and cues, odds are he or she will recall (ii)_____ number of memories from adolescence.",a peripheral,a privileged,an arbitrary,a disproportionate,a modest,an uncertain,,,,B|D,B|D,,,TCSE_51-100.pdf
S069Q05,69,medium,5,TC3,"Company historians tend to focus on either the company itself or company leaders, the latter being (i)_____ by writers who think (ii)_____ is important, the former favored by writers who think company heads are actually (iii)_____.",rehashed,misrepresented,preferred,leadership,organization,function,influential,interchangeable,uncontrolled,C|D|H,C|D|H,,,TCSE_51-100.pdf
S069Q06,69,medium,6,TC3,"Publisher, publicist, and broadcasters love anniversaries, those occasions when historical events become (i)_____ in (ii)_____ culture of celebration. On such occasions patriotic sentiment and national pride wrapped in the panoply of history to manufacture a mythical past that is serviceable for public (iii)_____.",elusive moments,marketable artifacts,raging controversies,an authentic,a commercial,an elitist,consumption,scrutiny,censure,B|E|G,B|E|G,,,TCSE_51-100.pdf
S069Q07,69,medium,7,SE,"Rebecca West’s book Black Lamb and Grey Falcon is a singularity _____ achievement, 1,100 pages that meld the genres of travel narratives, autobiography, historical analysis, and philosophical meditation.",evanescent,petty,polymathic,incongruous,encyclopedic,fleeting,,,,C|E,C|E,,,TCSE_51-100.pdf
S069Q08,69,medium,8,SE,"She expected her book to be _____, but in fact few of her readers disagreed with its premise that street art, long considered a mere sideshow entertainment, deserved to be regarded as high art.",controversial,dramatic,impressive,acclaimed,provocative,popular,,,,A|E,A|E,,,TCSE_51-100.pdf
S069Q09,69,medium,9,SE,"Researchers have recorded around 60 separate behaviors for worker honeybees, a number that seems to _____ the achievements of many mammals: even the versatile bottlenose dolphin only performs about twice the number a worker honeybee manages.",approximate,eclipse,reflect,compound,outdo,echo,,,,B|E,B|E,,,TCSE_51-100.pdf
S069Q10,69,medium,10,SE,"Despite its best efforts to stimulate sales, the bookselling business remains far from _____, for it has high fixed costs in wages and rent, and falling prices make these ever harder to spur.",effective,healthy,innovative,robust,stingy,parsimonious,,,,B|D,B|D,,,TCSE_51-100.pdf
S070Q01,70,medium,1,TC1,"One might expect someone of such _____ views to have a comparably dour personality, but people who have worked with her talk about how she uses her considerable charm to convince people that she is right.",forbearing,convoluted,felicitous,astringent,hyperbolic,,,,,D,D,,,TCSE_51-100.pdf
S070Q02,70,medium,2,TC1,"Some species camouflage patterns may be _____, granting those species a higher chance of survival in a heterogeneous environment.",plastic,subtle,singular,consistent,imitable,,,,,A,A,,,TCSE_51-100.pdf
S070Q03,70,medium,3,TC2,"In the discussions on international patent law, many (i)_____ issues will probably be pushed far into the future. This cautious approach makes diplomatic sense, since attempts over the past 15 years to reach international agreements on patents have (ii)_____ just such sensitive issues.",contentious,stimulating,subjective,approached,articulated,foundered on,,,,A|F,A|F,,,TCSE_51-100.pdf
S070Q04,70,medium,4,TC2,The report is admittedly (i)_____ : it is intended to suggest new lines of research rather than to deal with the subject in a (ii)_____ manner.,sketchy,exculpatory,flippant,cavalier,deceptive,thorough,,,,A|F,A|F,,,TCSE_51-100.pdf
S070Q05,70,medium,5,TC3,"Cynics will dismiss the race between Richard and Gorman as two equally dull candidates. However, the notion that the two leaders are (i)_____ does not meet them, for they are as different as can be. Richard is (ii)_____ and is fastidious of her appearance. So one could hardly accuse her of being either taciturn or (iii)_____.",interchangeable,uncritical,competent,condescending,loquacious,blunted,unkempt,reticent,adherent,A|E|G,A|E|G,,,TCSE_51-100.pdf
S070Q06,70,medium,6,TC3,"People love to talk about their commutes to and from work: those with an easy commute tend to (i)_____, while those who hate their commute think and speak of it as a core affliction, like a chronic illness. Once you raise the subject, the testimonies pour out, and, if your ears are tuned to it, you begin overhearing commute talk everywhere. People who are normally (ii)_____ may, when describing their commutes, be unexpectedly(iii)_____ divulging the intimate details of their lives.",grumble,commiserate,gloat,inattentive,garrulous,circumspect,candid in,economical in,flustered about,C|F|G,C|F|G,,,TCSE_51-100.pdf
S070Q07,70,medium,7,SE,"Every illness is a story, and when Annies began it was characterized by the kinds of _____ details that mean nothing until seen in hindsight.",salient,unexceptional,conspicuous,suggestive,abundant,nondescript,,,,B|F,B|F,,,TCSE_51-100.pdf
S070Q08,70,medium,8,SE,"Peoples decisions about childbearing depend on innumerable personal consideration and societal factors, yet even knowing this, demographers are often _____: their projections of birth rates frequently turn out to be embarrassingly at odds with reality.",sanguine,flummoxed,inconsistent,overconfident,heartened,confounded,,,,B|F,B|F,,,TCSE_51-100.pdf
S070Q09,70,medium,9,SE,"The brain has become, for many people, _____ the biological machinations of the self, and the self-knowledge promised by neuroscience has ignited a hunger to understand how new findings weigh in on age-old questions.",tantamount to,synonymous with,implicated in,divorced from,detached from,subservient to,,,,A|B,A|B,,,TCSE_51-100.pdf
S070Q10,70,medium,10,SE,"Although scientific progress leads to constant revision of ideas, one observation that has remained _____ over the years is that there are a lot of insects in the world: some 950,000 species have been identified.",robust,significant,strong,perplexing,confounding,obscure,,,,A|C,A|C,,,TCSE_51-100.pdf
S071Q01,71,medium,1,TC1,"The monitoring is not _____: on the contrary, the defendant and his or her attorney are required to be given notice of the governments listening activities.",obtrusive,circumspect,surreptitious,adroit,meticulous,,,,,C,C,,,TCSE_51-100.pdf
S071Q02,71,medium,2,TC1,"When studying human history, one must be aware that the _____ between historical periods are arbitrary; certainly none of the people alive at the time were aware of a shift from one era to another.",judgements,ideologies,innovations,demarcations,episodes,,,,,D,D,,,TCSE_51-100.pdf
S071Q03,71,medium,3,TC2,"Memoirs are inherently (i)_____, but Larry McMurtry’s volume of reminiscences about his life with books—not as a novelist but as a reader and bookstore owner—is especially (ii)_____: nearly every page sounds a note of farewell to an age of books that he sees as passing.",unreliable,wistful,self-serving,whimsical,ungracious,valedictory,,,,B|F,B|F,,,TCSE_51-100.pdf
S071Q04,71,medium,4,TC2,Federal efforts to regulate standards on educational achievements have been met by (i)_____ from the states; local governments feel that government imposition represents an undue infringement on their (ii)_____.,receptivity,intransigence,compromise,autonomy,legislation,comportment,,,,B|D,B|D,,,TCSE_51-100.pdf
S071Q05,71,medium,5,TC3,"A minor criticism of the book, which is (i)_____ an understanding of the difficulty of doing direct research in Hong Kong’s, is that So relied on secondary sources to tell the story of Hong Kong’s political development, with previous histories of the period (ii)_____ his research. Given So’s (iii)_____ many of the players in Hong Kong politics, it is surprising that he did not use interviews and other forms of direct research to delve further into the motivations, strategies, and tactics of participants.",attributable to,exacerbated by,tempered by,largely debunked by,obviating the need for,playing a large role in,deference to,estrangement from,proximity to,C|F|I,C|F|I,,,TCSE_51-100.pdf
S071Q06,71,medium,6,TC3,"Recent proposals for fixing the climate have taken the form of large-scale geoengineering projects such as launching mirrors into space to reflect solar radiation away from Earth, undertakings that are vastly more (i)_____ than anything a nineteenth-century rainmaker could have cooked up. What is unclear, as one looks back at the history of weather modification research, is whether this resourceful ambition will be (ii)_____, or if, by contrast, it serves to make the scientific community’s (iii)_____ that much more devastating.",effective,enterprising,accessible,anticipated,challenged,productive,avidity,impotence,resignation,B|F|H,B|F|H,,,TCSE_51-100.pdf
S071Q07,71,medium,7,SE,"We do not always use words in accordance with their dictionary definitions, for meaning often fluctuates with context: that does not mean, however, that we are completely _____ in how we use language.",rote,unconstrained,irrational,unpredictable,free,methodical,,,,B|E,B|E,,,TCSE_51-100.pdf
S071Q08,71,medium,8,SE,"Today the chair of task force in charge of revising the psychiatric diagnostic manual is _____ post—people work for years to position themselves as candidates—but in the early 1970s, descriptive psychiatry was a backwater.",a coveted,an arduous,a taxing,a lucrative,an enviable,an influential,,,,A|E,A|E,,,TCSE_51-100.pdf
S071Q09,71,medium,9,SE,The astronomer admits that his interpretation of so-called Population III stars is _____ at present since no one has yet done any real calculations to see if it holds up under closer scrutiny.,spurious,speculative,predictive,conjectural,fabricated,implausible,,,,B|D,B|D,,,TCSE_51-100.pdf
S071Q10,71,medium,10,SE,"Excessive focus on what might have been can cause in us feelings of restlessness and regret, but some scientists are beginning to think that fancying an alternative reality might have _____ effects as well.",subtle,adverse,restorative,pleasurable,unfavorable,tonic,,,,C|F,C|F,,,TCSE_51-100.pdf
S072Q01,72,medium,1,TC1,"Although his friends insisted that his black garb was simply depressing, Peter felt just the opposite—that it gave him an air of upbeat, _____ maturity.",melancholic,wearisome,salacious,aghast,urbane,,,,,E,E,,,TCSE_51-100.pdf
S072Q02,72,medium,2,TC1,The actor’s performance was so absurdly _____ that Gwen felt a little ashamed to have to resort to tissues in the final scene.,proficient,unfeasible,seditious,maudlin,accommodating,,,,,D,D,,,TCSE_51-100.pdf
S072Q03,72,medium,3,TC2,"To contrast the demeanor of Austen’s clergy-man brothers James and Henry with that of Mr. Collins, the much-abused figure of fun in Pride and Prejudice, is instructive, for where the Austen brothers were properly (i)_____ to their social superiors and benevolent to their dependents, the odious Mr. Collins was invariably (ii)_____ to his betters, fawning in particular on his patron, Lady Catherine de Burgh.",deferential,similar,jejune,derivative,sycophantic,atypical,,,,A|E,A|E,,,TCSE_51-100.pdf
S072Q04,72,medium,4,TC2,The company president’s reputation for unflappability could easily be understood upon observing her (i)_____ performance during a particularly (ii)_____ board meeting.,supercilious,histrionic,composed,productive,contentious,lifeless,,,,C|E,C|E,,,TCSE_51-100.pdf
S072Q05,72,medium,5,TC3,"Women in the mining towns of the American West were strictly stereotyped into neat categories of public and private, good and bad, but the 100 intrepid female prospectors in Zanjani’s book managed to (i)_____ those categories. In addition to providing documentation that demolishes the all-male version of prospecting, Zanjani uses the examples of her female loners to (ii)_____ some of the (iii)_____ generalizations about Euro-American women as uniformly nurturant and sociable pioneers.",inhabit,reveal,confound,puncture,invent,perpetuate,accurate,facile,unknown,C|D|H,C|D|H,,,TCSE_51-100.pdf
S072Q06,72,medium,6,TC3,"The usual (i)_____ spending public monies on scientific projects is that such projects have the potential to make our lives healthier, safer, and more productive. However, the fact that science – even “pure” science – can strengthen democracy and promote public participation in the political process is hardly ever (ii)_____. It should be Scientific literacy (iii)_____ democracy, and this is an important ancillary benefit of the promotion of science.",argument against,rationale for,precedent for,denied,mentioned,gainsaid,stifles,energizes,disregards,B|E|H,B|E|H,,,TCSE_51-100.pdf
S072Q07,72,medium,7,SE,"The territory’s tradition of simple and low taxes, combined with a comparatively easygoing government, has earned it the _____ of its citizens and is widely seen as a main reason for its stunning rise to prosperity.",opprobrium,vituperation,attention,dismissal,approbation,adulation,,,,E|F,E|F,,,TCSE_51-100.pdf
S072Q08,72,medium,8,SE,"Although the parents do not think highly of the educational system “as a whole”, they fail to treat teachers with _____ equally.",consideration,veneration,lucubration,opprobrium,reverence,disdain,,,,D|F,D|F,,,TCSE_51-100.pdf
S072Q09,72,medium,9,SE,"Economic growth has been identified as a _____ for poor countries to eradicate poverty, but this prescription also triggers great environmental concerns.",panacea,refuge,remedy,heaven,culprit,recipe,,,,A|C,A|C,,,TCSE_51-100.pdf
S072Q10,72,medium,10,SE,"In mathematics, judgments about the validity of proofs are mediated by peer-reviewed journals; to ensure _____, reviewers are carefully chosen by journal editors, and the identity of scholars whose papers are under consideration are kept secret.",timelessness,originality,fairness,comprehensiveness,objectivity,novelty,,,,C|E,C|E,,,TCSE_51-100.pdf
S073Q01,73,medium,1,TC1,"During the Renaissance, history was thought to be _____: it supplied instances of good and bad behavior in the past, thus informing the ethical precepts of the present.",amoral,subjective,superfluous,exemplary,progressive,,,,,D,D,,,TCSE_51-100.pdf
S073Q02,73,medium,2,TC1,"History teaches us that science is not _____ enterprise; indeed, it is quite the opposite, a motley assortment of tools designed to safeguard researchers against their own biases.",an opportunistic,an anomalous,a haphazard,a collective,a monolithic,,,,,E,E,,,TCSE_51-100.pdf
S073Q03,73,medium,3,TC2,"In the 1980s, many historians sounded urgent calls for (i)_____ in American historical writing, as longer and longer monographs on smaller subjects were being written—dazzling studies, but pieces of a puzzle no one was putting together. This scholarship was not illuminating the central themes of history but (ii)_____.",indulgence,detail,synthesis,obscuring,criticizing,celebrating,,,,C|D,C|D,,,TCSE_51-100.pdf
S073Q04,73,medium,4,TC2,"There has been (i)_____ elephant’s fabled mental capacities until recently, when these behavioral observations have begun to be (ii)____ by brain science. MRI scans of an elephant’s brain suggest that even relative to its overall size it has a large hippocampus, the component in the mammalian brain linked to memory and an important part of its limbic system, which is involved in precessing emotions.",surprising credence given to,a widespread dismissal of,only anecdotal evidence for,buttressed,anticipated,overwhelmed,,,,C|D,C|D,,,TCSE_51-100.pdf
S073Q05,73,medium,5,TC3,"The limitations of human attention cause us to miss much of what goes on around us. The real problem here is that we are often (i)_____ these limitations: we think that we see the world as it really is, but our ostensibly reliable visual experience (ii)_____ striking mental (iii)_____.",impatient with,unaware of,distracted by,belies,unifies,dispels,feats,images,lapses,B|D|I,B|D|I,,,TCSE_51-100.pdf
S073Q06,73,medium,6,TC3,"Most advocates of space exploration by the United States would not explicitly associate spaceflight with (i)_____, yet that belief, Launius and McCurdy write, is among the roots of arguments (ii)_____ human spaceflight. Throughout United States history there has been (iii)_____ —seek utopia—on the frontier, and many space advocates have used that notion to make their case for exploring and settling space.",entertainment,irrationality,utopia,questioning,analyzing,prompting,a hostile region fit only for the most self-reliant,the ideal location for one to better oneself,a paradise corrupted by European civilization,C|F|H,C|F|H,,,TCSE_51-100.pdf
S073Q07,73,medium,7,SE,"The sociologist argued that criminal behavior is an impermanent condition because it is the result of cyclical forces operating through _____ factors, not the manifestation of deeply rooted personal characteristics.",contingent,alarming,circumstantial,proliferating,unsustainable,intensifying,,,,A|C,A|C,,,TCSE_51-100.pdf
S073Q08,73,medium,8,SE,"British critics covering African American musicians performing in London in the 1910s had little idea how to distinguish what was authentic African American music from what was _____, but they knew such a distinction existed.",eclectic,genuine,derivative,spurious,legitimate,specious,,,,D|F,D|F,,,TCSE_51-100.pdf
S073Q09,73,medium,9,SE,"Any antimatter in our part of the universe is necessarily _____ because of the overwhelming preponderance of ordinary matter, by which antimatter is quickly annihilated.",short-lived,nebulous,scarce,concrete,substantial,ephemeral,,,,A|F,A|F,,,TCSE_51-100.pdf
S073Q10,73,medium,10,SE,"There are great _____ in countries’ greenhouse gas emissions, especially in per capita terms: while the United States and China are similar in aggregate emissions, United States per capita emissions are a huge multiple of China’s.",distortions,disparities,fluctuations,advances,variances,vacillations,,,,B|E,B|E,,,TCSE_51-100.pdf
S074Q01,74,medium,1,TC1,"Many legislators who helped Roosevelt shape the New Deal _____ the fact that emerging social problems affected every segment of the population; nonetheless, they often acted with a view to aiding only their own constituents.",disregarded,bemoaned,ignored,disputed,downplayed,,,,,B,B,,,TCSE_51-100.pdf
S074Q02,74,medium,2,TC1,"One thing both authors have in common is a striking amount of _____: they claim to know how massive institutions, some of them richly endowed, all of them central to American society and culture, should be reshaped.",hubris,propriety,bias,prescience,indolence,,,,,A,A,,,TCSE_51-100.pdf
S074Q03,74,medium,3,TC2,"The novel’s heroine shows a remarkable (i)_____ to worship at the altar of youth; in her world, youth is (ii)_____, while age, by contrast, confers competence and wisdom.",disinclination,desire,tendency,incredulous,sagacious,callow,,,,A|F,A|F,,,TCSE_51-100.pdf
S074Q04,74,medium,4,TC2,"The humor in this play derives from its (i)_____. The new production, however, inexplicably goes in the opposite direction; it is so (ii)_____ that the audience does not even seem to realize that the play is supposed to be a comedy.",verbal nimbleness,political allusions,deadpan dialogue,accessible,plodding,implausible,,,,A|E,A|E,,,TCSE_51-100.pdf
S074Q05,74,medium,5,TC2,"Recently released statistics on the prevalence of heart disease in the United States, while (i)_____, nevertheless reflect a decline from heights reached in the 1960s, before health officials began publicly (ii)_____ people to guard against heart disease.",definitive,sobering,implausible,entreating,defying,absolving,,,,B|D,B|D,,,TCSE_51-100.pdf
S074Q06,74,medium,6,TC3,"Cultures can shape attitudes and beliefs in ways that (i)_____ conscious awareness or control; in other words, cultural orientations may develop form processes that do not entail (ii)_____ participation, and cultures may pervade subtle psychological dynamics in ways that individuals may not be able to (iii)_____. Thus, theories and tools developed to study implicit cognition may increase our understanding of the complex interplay between culture and individuals.",operate outside of,tend to facilitate,may not alter,active,random,rote,report,maintain,condone,A|D|G,A|D|G,,,TCSE_51-100.pdf
S074Q07,74,medium,7,SE,"Although people often describe the correct trajectory for a thrown or moving object, their efforts to explain that trajectory in terms of physics can reveal _____ understanding of the forces acting on the object.",a naïve,a subtle,a fallacious,an unsophisticated,a nuanced,a fresh,,,,A|D,A|D,,,TCSE_51-100.pdf
S074Q08,74,medium,8,SE,"Appearing in the midst of so many equivocal comments, this unambiguous statement, whatever its intrinsic merit, plainly stands out as _____.",anomalous,arcane,irrelevant,superfluous,unusual,esoteric,,,,A|E,A|E,,,TCSE_51-100.pdf
S074Q09,74,medium,9,SE,"For decades, Pluto seemed to be the mysteriously _____ planet: it was first thought to be about as large as Earth, but, subsequently, measurements had it smaller and smaller.",morphing,appearing,dwindling,orbiting,contracting,emerging,,,,C|E,C|E,,,TCSE_51-100.pdf
S074Q10,74,medium,10,SE,"Science is arguably a very high-minded pursuit, but that is not to say that all of its practitioners are _____, as numerous articles alleging overly generous pharmaceutical industry payments to medical researchers have tried to show.",conventional,clever,unimpeachable,ingenious,blameless,predictable,,,,C|E,C|E,,,TCSE_51-100.pdf
S075Q01,75,medium,1,TC1,"Since the deficit predicament is fundamentally a long-term problem, the legislature’s _____ short- term approaches has actually compounded the difficulty in each succeeding year, eroding the state credit rating in the process.",vexation regarding,skepticism about,addiction to,wariness of,demonization of,,,,,C,C,,,TCSE_51-100.pdf
S075Q02,75,medium,2,TC1,"His _____ speaking style notwithstanding, William Perkins has long been seen as the moderate face of his political party.",genteel,mundane,affable,captivating,vehement,,,,,E,E,,,TCSE_51-100.pdf
S075Q03,75,medium,3,TC2,"I knew well, from experience with hundreds of hired crew members on her boats, how (i)_____ attitudes can be: how one negative influence can impel an otherwise (ii)_____ member of a crew to quit.",insipid,infectious,innocuous,untested,captious,contented,,,,B|F,B|F,,,TCSE_51-100.pdf
S075Q04,75,medium,4,TC2,"The question whether children like sweetener or not is (i)_____. Of course children like sweetener, which is (ii)_____ to sellers, since children’s taste will not change once they are used to a certain brand.",debated,decided,overlooked,a pragmatic solution,a commercial advantage,an idealistic conception,,,,B|E,B|E,,,TCSE_51-100.pdf
S075Q05,75,medium,5,TC2,"The new drug was useful, but unfortunately its effect was largely (i)_____ rather than (ii)_____.",placatory,palliative,addictive,immediate,curative,mollifying,,,,B|E,B|E,,,TCSE_51-100.pdf
S075Q06,75,medium,6,TC3,"In adolescence, (i)_____ interactions are crucial in forging a self-identity. To be sure, this process often plays out in (ii)_____ as a means of defining and shoring up the sense of self. Kids will seek out like-minded companions, and spurn others who seem different. But when kept within reasonable bounds, this in-group (iii)_____ generally evolves into a more mature friendship pattern.",adult,wide-ranging,peer,cliquish social behavior,dramatic changes in,heightened sociability,alienation,clustering personality,competition,C|D|H,C|D|H,,,TCSE_51-100.pdf
S075Q07,75,medium,7,SE,"Experiments show that it is shockingly easy to elicit a sense of _____ among a group of strangers: just tell them they’ll be working as a team, and they immediately start working as a team.",dominance,hierarchy,obedience,solidarity,camaraderie,optimism,,,,D|E,D|E,,,TCSE_51-100.pdf
S075Q08,75,medium,8,SE,"Typefaces, in one sense, are just like styles of shoes: they _____ because different people have different tastes and identities and because both creators and users value novelty for its own sake.",bemuse,converge,proliferate,abound,evolve,coincide,,,,C|D,C|D,,,TCSE_51-100.pdf
S075Q09,75,medium,9,SE,"It’s a sign of John Dramani Mahama’s maturity as a writer that he is willing to consider his country’s future so _____: his memoir is appealingly honest, given to clear-eyed assessments rather than exaggerated accounts of achievements.",cheerfully,dispassionately,insightfully,evocatively,analytically,blithely,,,,B|E,B|E,,,TCSE_51-100.pdf
S075Q10,75,medium,10,SE,"The action in Zadie Smith’s novel On Beauty is mediated by an unabashedly _____ narrator who does not hesitate to inform us, as once upon a time the narrators of novels were wont to do, how we behave in general and how society usually works.",knowing,obtrusive,conspicuous,antiquated,mysterious,secretive,,,,B|C,B|C,,,TCSE_51-100.pdf
S076Q01,76,medium,1,TC1,"Like her literary heroine, George Eliot, Barbara Kingsolvers is an old-fashioned _____, deeply curious about all branches of human learning.",prodigy,polymath,tyro,ante,philistine,,,,,B,B,,,TCSE_51-100.pdf
S076Q02,76,medium,2,TC1,"Physicists’ opinions diverge on whether the unexpected phenomena that can occur in systems more complex than individual particles represent new physical principles, or whether the principles involved are _____, in that they rely, albeit in an extremely complicated way, on known physical principles.",extraneous,inexpressible,derivative,heterogeneous,uncorrelated,,,,,C,C,,,TCSE_51-100.pdf
S076Q03,76,medium,3,TC2,"In reviewing cases decided by lower courts, Supreme Court justices search for precedents to justify their arguments. Reliance on precedent (i)_____ judicial restraint: the precedent (ii)_____ a judge’s ability to determine the outcome of a case in a way that he or she might choose if there were no precedent.",promotes,compromises,promulgates,establishes,constrains,prioritizes,,,,A|E,A|E,,,TCSE_51-100.pdf
S076Q04,76,medium,4,TC2,"To abolish the existence of nation-states is neither feasible nor desirable; but insofar as there are collective interests that transcend national boundaries, the (i)_____ of nation-states must be (ii)_____ to international institutions.",sovereignty,traditions,genealogy,subordinated,attributable,analogous,,,,A|D,A|D,,,TCSE_51-100.pdf
S076Q05,76,medium,5,TC2,"World demand for oil had been intensified, but it slackened because China’s surge in oil consumption had (i)_____. Moreover, high oil price had themselves started to act as a short-term (ii)_____ the global economy, thus further dampening demand.",spread,commenced,slowed,spur to,drag on,panacea for,,,,C|E,C|E,,,TCSE_51-100.pdf
S076Q06,76,medium,6,TC3,Most capuchin monkey conflict involves such a (i)______ repertoire of gestural and vocal signals that it is difficult for researchers to tease apart the meanings of the individual signals. This (ii)______ is (iii)______ by the fact that many signals seem to shift in meaning according to the context in which they are produced and the developmental stage of the individuals producing them.,precise,rich,straightforward,problem,opportunity,oversight,augmented,ameliorated,anticipated,B|D|G,B|D|G,,,TCSE_51-100.pdf
S076Q07,76,medium,7,SE,"Since the data we have analyzed are so _____, it would be hazardous to draw a definite conclusion.",copious,overwhelming,abundant,meager,paltry,uncertain,,,,D|E,D|E,,,TCSE_51-100.pdf
S076Q08,76,medium,8,SE,The phrase “bread and circuses” refers to early Roman politicians’ plans to _____ the votes of the poor by handing out cheap food and entertainment.,belie,surmount,secure,control,cherish,earn,,,,C|F,C|F,,,TCSE_51-100.pdf
S076Q09,76,medium,9,SE,"They applaud the musicals of the 1930s and 1940s, whose plethora of stars, jokes, dances witty dialogue, and general gaiety make today’s offering seem _____ by comparison.",cheerless,vacuous,mirthful,insincere,gloomy,jovial,,,,A|E,A|E,,,TCSE_51-100.pdf
S076Q10,76,medium,10,SE,"It may not seem like a big deal for produce distributors to mix together soybeans from different farms, but a growing number of buyers are willing to pay a premium for soybeans the _____ of which is know: they like to know exactly where their food came from.",purity,output,heterogeneity,origin,yield,provenance,,,,D|F,D|F,,,TCSE_51-100.pdf
S077Q01,77,medium,1,TC1,"In an ironic twist, the recent _____ of the reductive observational methods that have enabled science to progress for four centuries may turn out to be science’s biggest step forward.",introduction,validation,acceptance,standardization,questioning,,,,,E,E,,,TCSE_51-100.pdf
S077Q02,77,medium,2,TC1,"Even though the municipal government was not totally _____ the positive review of the charter, the mayor nevertheless decided to veto the laws.",garrulous about,enthusiastic about,sanguine about,approbatory to,unsympathetic with,,,,,E,E,,,TCSE_51-100.pdf
S077Q03,77,medium,3,TC2,"The virtual absence of cougars from late prehistoric faunas in the North American Great Basin (i)_____ a general scarcity of carnivores from these sites: bobcats, coyotes, and badgers are routinely found, and even such historically (ii)_____ carnivores as bears and wolves are found as well.",largely parallels,does not reflect,is a consequence of,widespread,rare,representative,,,,B|E,B|E,,,TCSE_51-100.pdf
S077Q04,77,medium,4,TC2,"Interest in creating handheld computers is fueled by the desire to shrink the size of the electronic circuitry and to create exceptionally small mechanical systems. At this scale, however, physical (i)_____ poses unique challenges. Machining, positioning, and assembling parts by hand are easy at macroscopic scales but at minute scales they are far from (ii)_____.",deterioration,manipulation,durability,subtle,inflexible,routine,,,,B|F,B|F,,,TCSE_51-100.pdf
S077Q05,77,medium,5,TC2,"The introductions to each section, written by the editors of the anthology, provide useful background material, but they do not provide analysis of the articles. Because the articles are in many senses the editors’ personal favorites, it is probably (i)_____ to expect more such criticism would be as (ii)_____ as the articles themselves.",juvenile,paradoxical,unrealistic,biased,complex,informative,,,,C|F,C|F,,,TCSE_51-100.pdf
S077Q06,77,medium,6,TC3,"Given children’s active fantasy lives, one might think of truthfulness as (i)_____ virtue in young children, but it turns out that lying is the more (ii)_____ skill. A child who is going to lie must recognize the truth, intellectually conceive of an alternate reality, and be able to convincingly sell that new reality to someone else. Therefore, lying (iii)_____ cognitive development and social skills in a way that honesty simply does not.",an instinctive,an acquired,a conscious,advanced,practical,mundane,undermines,forgoes,demands,B|D|I,B|D|I,,,TCSE_51-100.pdf
S077Q07,77,medium,7,SE,"The book reaffirms the idea that Africans on the continent have not stopped ______ or responding to their own creations; in fact, African creative agents have ushered in their own modern forms rooted in traditional ideas.",exposing,detecting,absorbing,noticing,generating,originating,,,,E|F,E|F,,,TCSE_51-100.pdf
S077Q08,77,medium,8,SE,"Flash floods are common in desert regions and were widespread before the evolution of trees and woodland soils; in contrast, flash floods are ______ in woodlands, where floodwaters, impeded by trees, form ponds.",overshadowed,redirected,obscured,precluded,mitigated,abated,,,,E|F,E|F,,,TCSE_51-100.pdf
S077Q09,77,medium,9,SE,"A formal floods resulting from usual monsoon rainfall are _____ the growth of plants, recently there has been an increase in the frequency of highly intensified floods that do not have such welcome effects.",conducive to,hindered by,devastating for,deleterious to,essential for,indispensable to,,,,E|F,E|F,,,TCSE_51-100.pdf
S077Q10,77,medium,10,SE,"Those who read Empson’s correspondence for the first time may be disappointed that so much of it is professional rather than personal, but the distinction in this case is _____: every letter bears the full stamp of Empson’s personality.",unambiguous,artificial,significant,spurious,clear-cut,unique,,,,B|D,B|D,,,TCSE_51-100.pdf
S078Q01,78,medium,1,TC1,"By deliberately dripping paint on their canvases, expressionists affirmed that paint is not _____ entity, something merely to be moved where the artist please, but rather a material possessing a fluid energy that the painter attempts to control.",an immutable,an expressive,a vital,a passive,a kinetic,,,,,D,D,,,TCSE_51-100.pdf
S078Q02,78,medium,2,TC1,"It is often argued that psychoanalysis, which was _____ at that stage of the eighteenth century, provided the main filter by which death could be looked at, but it has now been largely replaced by medicine, which provides both a mindset and practical measures by which death may be cheated, and in terminal illness, approached, formulating a process called medicalization.",predominant,pompous,precarious,elegant,mundane,,,,,A,A,,,TCSE_51-100.pdf
S078Q03,78,medium,3,TC2,"Reviews written by music critic and composer Stephenson were hardly (i)_____ : musicians who performed his music could count on sympathetic coverage, while those who ignored him were held to (ii)_____ standards.",disinterested,lucid,conventional,exacting,minimal,accepted,,,,A|D,A|D,,,TCSE_51-100.pdf
S078Q04,78,medium,4,TC2,"The laser has been widely utilized in many industries such as the packaging industry, CD player manufacturing, and all sorts of commonplace articles; however, the (i)_____ of the laser doesn’t mean the laser can only be used in (ii)_____ ways.",rare extermination,sporadic usage,everyday presence,assorted,pedestrian,pointless,,,,C|E,C|E,,,TCSE_51-100.pdf
S078Q05,78,medium,5,TC2,"The strategists who created the European Unions practiced piecemeal social engineering. Recognizing that perfection is (i)_____, they set limited objectives and then mobilize the political will for a small step forward knowing full well that when they achieved it, its (ii)_____ would become apparent and necessitate further measures.",unattainable,salubrious,bromidic,potential,inadequacy,mutability,,,,A|E,A|E,,,TCSE_51-100.pdf
S078Q06,78,medium,6,TC3,"laws protecting intellectual property are intended to stimulate creativity, yet some forms of creative work have never enjoyed legal protection—a situation that ought to be of great interest. If we see certain forms of creative endeavor (i)_____ as a result of uncontrolled copying, we might decide to (ii)_____ intellectual property law. Conversely, if unprotected creative work (iii)_____ in the absence of legal rules against copying, we would do well to know how such flourishing is sustained.",languishing,proliferating,diversifying,jettison,extend,relax,declines in originality,manages to thrive,openly invites imitation,A|E|H,A|E|H,,,TCSE_51-100.pdf
S078Q07,78,medium,7,SE,Analysis for the structural feather that were thought to _____ kinship between the two species prompted an investigation that dispelled that presumption and revealed that the two share a family history.,signify,underrate,point to,preclude,rule out,exaggerate,,,,D|E,D|E,,,TCSE_51-100.pdf
S078Q08,78,medium,8,SE,The book captures the _____ of several politicians who spoke publicly of old-time virtues in order to mask private vices.,probity,dissemblance,opportunism,rectitude,ingenuousness,duplicity,,,,B|F,B|F,,,TCSE_51-100.pdf
S078Q09,78,medium,9,SE,"Baker was struck by the amount of _____ she saw at the renowned medical facility; for all their experience, the physicians could not seem to agree on the correct diagnosis for any given patient.",discordance,contention,quackery,nepotism,indecision,cronyism,,,,A|B,A|B,,,TCSE_51-100.pdf
S078Q10,78,medium,10,SE,"There are great _____ in countries’ greenhouse gas emissions, especially in per capita terms: while the United States and China are similar in aggregate emissions, United States per capita emissions are a huge multiple of China’s.",distortions,disparities,fluctuations,advances,variances,vacillations,,,,B|E,B|E,,,TCSE_51-100.pdf
S079Q01,79,hard,1,TC1,"She demonstrates a great extent of _____, as she has traveled to many more countries and places around the world than any of her kindred.",perfidiousness,peregrination,jubilation,sagaciousness,conspicuousness,,,,,B,B,,,TCSE_51-100.pdf
S079Q02,79,hard,2,TC1,People who are reluctant to oppose a court nominee straightforwardly on ideological grounds often search for any sort of peccadillo to serve as a _____ their opposition.,mitigation of,violation of,predictor of,reparation for,pretext for,,,,,E,E,,,TCSE_51-100.pdf
S079Q03,79,hard,3,TC2,"Britain’s Queen Victoria, however (i)_____ she had been at the beginning of her reign, was politically much more (ii)_____ by the end of her time on the throne, as she resigned herself to the emergence of an increasing powerful electorate that prevented her from stubbornly insisting on getting her own way in matters of state.",naïve,personable,obdurate,powerful,arbitrary,malleable,,,,C|F,C|F,,,TCSE_51-100.pdf
S079Q04,79,hard,4,TC2,"Earlier discussions with neighboring countries (i)_____ due to the government’s failure to alter policies that those countries find objectionable. Moreover, there is every reason to (ii)_____ the success of further talks, since the government if anything different, more intransigent.",commenced,advanced,foundered,doubt,undermine,anticipate,,,,C|D,C|D,,,TCSE_51-100.pdf
S079Q05,79,hard,5,TC3,"To get funding and tenured positions, medical researchers have to get their work published in well-regarded journals, where rejection can climb above 90 percent. Not surprisingly, the studies that tend to make the grade are those that make (i)_____ claims. But while coming up with such (ii)_____ claims is relatively easy, getting the data to bear them out is another matter. When studied rigorously, the great majority of these claims (iii)_____.",well-supported,eye-catching,small-scale,practical,orthodox,striking,yield contradictory evidence,require extensive analysis,support conventional beliefs,B|F|G,B|F|G,,,TCSE_51-100.pdf
S079Q06,79,hard,6,TC3,"As the study of the foundation of western Shanghai reveals, there was a sense of elegance in the refined, simple lines that characterized the entire row, bereft of the exuberant, emphatic, assertive, ornament that constituted the latest British architectural fashion, which expressed its detestation of Plalladianism and neoclassicism—London’s Regent Street then being regarded as abhorrent—calling it the product of a (i)_____ “shopocracy”. The (ii)_____ of Western architectural taste—oscillating between simplicity and ornamental (iii)_____—must have bemused Chinese observers who had long accepted that both approaches were valid and could co-exist.",superficial,quintessential,disdained,impermanence,eternality,subtlety,profundity,modesty,exuberance,C|D|I,C|D|I,,,TCSE_51-100.pdf
S079Q07,79,hard,7,SE,"Church, Nussbaum, Waldman, and Wills have written very different books—Nassbaum and Wills range both farther and deeper—but each one of the four strives for _____, wanting to save us from the errors of partisans and zealots.",concision,evenhandedness,frankness,trustworthiness,succinctness,impartiality,,,,B|F,B|F,,,TCSE_51-100.pdf
S079Q08,79,hard,8,SE,"Given that the department director was such a feeble contributor, sitting silently at important policy meetings and usually deferring to low-level aides, it was surprising that he had such a reputation for _____.",magnanimity,perspicacity,impartiality,detachment,benevolence,discernment,,,,B|F,B|F,,,TCSE_51-100.pdf
S079Q09,79,hard,9,SE,"Between the late 1800s and early 1900s, various institutional structures emerged that set researchers in scientific fields apart as a professional class and moderated disputes by _____ some kinds of knowledge as real science.",differing,sanctioning,mischaracterizing,censuring,reprehending,endorsing,,,,B|F,B|F,,,TCSE_51-100.pdf
S079Q10,79,hard,10,SE,"In Ramachandran’s opinion, it is perfectly acceptable to propose bold speculations about the brain, even if these speculations seem _____; as Ramachandran frequently remarks, science thrives on risky conjecture.",unfounded,premature,controversial,verifiable,testable,baseless,,,,A|F,A|F,,,TCSE_51-100.pdf
S080Q01,80,hard,1,TC1,"Although Emily Bronte is impassioned about gender equality, she is anything but ___ to endorse more privileges endowed to women.",zealous,apathetic,abhorrent,stubborn,lethargic,,,,,A,A,,,TCSE_51-100.pdf
S080Q02,80,hard,2,TC1,"Many creative photographers were delighted to find in instant photography a mode that encouraged them to stop viewing photography as _____ and start viewing it as something they could handle with spontaneity, even derision.",sacrosanct,ephemeral,malleable,egalitarian,autonomous,,,,,A,A,,,TCSE_51-100.pdf
S080Q03,80,hard,3,TC2,"As cheaper imports drove most California potteries out of business during the 1950s, one company (i)_____. The substantial size and weight of the specialized products produced by Architectural Pottery helped (ii)_____ the company, because it was uneconomical for foreign companies to ship similarly large objects to California.",stagnated,diversified,flourished,transform,insulate,finance,,,,C|E,C|E,,,TCSE_51-100.pdf
S080Q04,80,hard,4,TC2,"Each new generation of students grow up (i)_____ the world of classical physics, with its mostly intuitive, billiard-ball causality; that is the everyday vantage from which we approach the alien world of quantum physics, which has for this reason never lost its air of (ii)_____.",immersed in,disdainful of,unmoved by,verisimilitude,objectivity,radicalism,,,,A|F,A|F,,,TCSE_51-100.pdf
S080Q05,80,hard,5,TC3,"During the Harlem Renaissance, Alain Locke (i)_____ the first flourishing of a self-consciously racial art movement in America and was widely credited with providing the philosophical basis for its emergence. His importance as a critic of African America art and as an art theorist is (ii)_____ if controversial, yet he has received (iii)_____ attention for his unique insight into the broad forces that shaped American modernism and cultural nationalism in the visual arts.",forestalled,presided over,seethed over,undisputed,misleading,questionable,undeserved,meticulous,insufficient,B|D|I,B|D|I,,,TCSE_51-100.pdf
S080Q06,80,hard,6,TC3,"Vaccine denial has all the hallmarks of a belief system that is not (i)_____. The notion that childhood vaccines are driving autism rates has been (ii)_____ by multiple epidemiological studies. Yet the true believers are (iii)_____, critiquing each new study that challenges their views, and rallying to the defense of disgraced researchers whose work was retracted.",amenable to refutation,susceptible to fashion,open to criticism,resuscitated,documented,upended,indignant,persistent,phlegmatic,A|F|H,A|F|H,,,TCSE_51-100.pdf
S080Q07,80,hard,7,SE,"Price knew about how to do people favors, sometimes just from kindness, but often out of _____.",self-interest,benevolence,magnanimity,opportunism,disinterest,mercy,,,,A|D,A|D,,,TCSE_51-100.pdf
S080Q08,80,hard,8,SE,"Caricature can be revealing as well as amusing, and Ager’s novel is both: Ager’s delineation of class, ethnic, and generational struggle is exaggerated for comical effect, but it _____ nonetheless.",resonates,entertains,diverts,confuses,rings true,falls short,,,,A|E,A|E,,,TCSE_51-100.pdf
S080Q09,80,hard,9,SE,"Although the claim that no one knows what dark matter is remains _____, some scientists dispute the parallel assertion that dark matter has not been detected.",contentious,sound,questionable,unassailable,unverifiable,prominent,,,,B|D,B|D,,,TCSE_51-100.pdf
S080Q10,80,hard,10,SE,Benjamin Franklin’s reputation is so much one of appearing scientific investigation with commonsense empiricism that it is somewhat startling to realize how _____ the great experiment’s mentoring truly was.,reasonable,speculative,pragmatic,conjectural,careless,judicious,,,,B|D,B|D,,,TCSE_51-100.pdf
S081Q01,81,hard,1,TC1,"The chairman, faced with the need to forge a consensus on a number of proposals, acknowledged that it would be difficult to reconcile the push for a radical overhaul with the stance of those who want _____ change.",deliberate,indiscriminate,genuine,immediate,wholesale,,,,,A,A,,,TCSE_51-100.pdf
S081Q02,81,hard,2,TC1,The stars’ attitudes toward their glowing press are diametrically opposed: some think it _____ and others take the adulation seriously.,flummery,consequential,fanatical,coincidental,sincere,,,,,A,A,,,TCSE_51-100.pdf
S081Q03,81,hard,3,TC2,"Up to the 1970s, histories of science tended to be (i)_____ not least in their focus on discoveries and theories that could be read as anticipating later scientific orthodoxies, rather than on those deemed (ii)_____ in their own periods. Historians of science are now routinely far more sensitive on such scores.",anachronistic,convoluted,undogmatic,major,fallacious,inessential,,,,A|D,A|D,,,TCSE_51-100.pdf
S081Q04,81,hard,4,TC2,"The students seeking undergraduate representation on the board of trustees viewed the impasse in their negotiations with the administration as (i)_____, since it promised to (ii)_____ the administration’s belief that students should take no part in running the university.",unfortunate,inevitable,unprecedented,undermine,fuel,distort,,,,A|E,A|E,,,TCSE_51-100.pdf
S081Q05,81,hard,5,TC3,"The perennial problem for critics of nineteenth-century novelist Charlotte Yonge is the relationship of her realism to her (i)_____. While admiring her complex psychological portraits and detailed descriptions of quotidian family life, readers since her own time have tended to fault her improbable manipulation of plot to teach a moral lesson. Indeed, many critics (ii)_____ her because of her willingness to (iii)_____.",pessimism,didacticism,eclecticism,dismiss,applaud,underestimate,squander suspense,sacrifice credibility,deflate pretension,B|D|H,B|D|H,,,TCSE_51-100.pdf
S081Q06,81,hard,6,TC3,"Filler claims that after the social welfare programs of the 1960s, belief that the government has an obligation to provide decent housing for citizens who cannot afford it was (i)_____ in the United States by the notion that providing suitable shelter for everyone should be (ii)_____. Thus today in the (iii)_____ of taxpayer-sponsored initiatives we have volunteer home-construction programs, honorable in intent but pitifully limited in scope.",supplanted,promulgated,corroborated,a shared civic responsibility,an act of private charity,a profit-oriented enterprise,absence,name,mold,A|E|G,A|E|G,,,TCSE_51-100.pdf
S081Q07,81,hard,7,SE,"In its few decades of existence, the field of technology assessment has undergone large changes: its original high ambitions to predict consequences of technology have been _____ if not discarded.",deferred,subverted,abandoned,relinquished,tempered,modulated,,,,E|F,E|F,,,TCSE_51-100.pdf
S081Q08,81,hard,8,SE,"Individuals interested in longevity have sought to fine-tune their bodies with all kinds of _____ diets: only raw foods; only plant; only the flesh, fruit, and nuts that prehistoric humans would have hunted and foraged.",eccentric,meager,salutary,proscriptive,trendy,exacting,,,,D|F,D|F,,,TCSE_51-100.pdf
S081Q09,81,hard,9,SE,"The baseball players performance during last nights game was impressive, although not _____; others have performed similar feats.",decisive,unexampled,significant,novel,outstanding,spectacular,,,,B|D,B|D,,,TCSE_51-100.pdf
S081Q10,81,hard,10,SE,"The laboratory maze has grown ever less _____ since it was first invented instead of hoping to lose a rodent in a labyrinth; today’s scientists design mazes to elicit a few simple, easily measured behaviors.",intricate,extensive,effective,convoluted,useful,prevalent,,,,A|D,A|D,,,TCSE_51-100.pdf
S082Q01,82,hard,1,TC1,"Studies of hermaphroditic plants may exhibit sampling bias against self-fertilizing and cross- fertilizing species, thus inflating the frequency of species using a mixed mating system (both self- fertilizing and cross-fertilizing); nevertheless the number of mixed-system species is not _____.",self-evident,static,trivial,relevant,calculable,,,,,C,C,,,TCSE_51-100.pdf
S082Q02,82,hard,2,TC1,"A curiosity of the film Vertigo is its capacity to generate emotional power from a plot that lacks the most of elementary _____: viewers are required to accept not an isolated implausibility, but a continuous stream of them.",believability,impact,narrative,tension,premise,,,,,A,A,,,TCSE_51-100.pdf
S082Q03,82,hard,3,TC2,"It was fine to be (i)_____ in the old days when papers were still not losing readers and ad revenue was not tough to come by, but many editors today are uneasy about bludgeoning their readers with the inherently (ii)_____ work of cartoonists.",comprehensive,opinionated,profligate,unbalanced,flawed,vacuous,,,,B|D,B|D,,,TCSE_51-100.pdf
S082Q04,82,hard,4,TC2,"Some academic criticism of popular novels has been (i)_____ in character, being based on the assumption that the wider the appeal, the more (ii)_____ the novel.",rigorous,exculpatory,elitist,undesirable,accomplished,comprehensible,,,,C|D,C|D,,,TCSE_51-100.pdf
S082Q05,82,hard,5,TC3,"The order applies to all Federal agency whose actions may affect the status of invasive species and requires agencies to identify such actions and to the extent practicable and permitted by law, and since invasive species severely reduce the number of native species and even (i)_____ their existence, the agency has determined and made public its determination that the benefits of such actions clearly outweigh the potential harm caused by invasive species; and that all feasible and (ii)_____ measures to (iii)_____ risk of harm of the introduction of invasive species will be taken in conjunction with the actions.",escalate,preclude,diminish,prudent,mawkish,braggart,remedy,counterbalance,minimize,B|D|I,B|D|I,,,TCSE_51-100.pdf
S082Q06,82,hard,6,TC3,"Conventionally, the ultimate measure of a scientific work’s validity is how broadly and confidently its conclusions become accepted in the relevant field, which in turn (i)_____ the extent to which its findings are replicated and extended. However, establishing such validity, especially for a novel experimental finding, can take years, and what (ii)_____ replication or extension may be (iii)_____ for some time.",derives from,works against,leads to,justifies,impugns,constitutes,evident,disputed,touted,A|F|H,A|F|H,,,TCSE_51-100.pdf
S082Q07,82,hard,7,SE,"While the group's street protests assumed an assertory uncompromising tenor, once admitted to the halls of power to begin formal lobbying, the group's leadership wisely chose to _____ the stridency of their rhetoric.",metamorphose,gild,wane,palliate,succor,damp,,,,D|F,D|F,,,TCSE_51-100.pdf
S082Q08,82,hard,8,SE,"His own writing style was _____: colorful and tart in its choice of language, willing to run risks in its allusions, metaphors, and verbal juxtapositions, prone to irreverent conclusions designed to surprise or startle.",effusive,audacious,lyrical,striking,ornate,emotional,,,,B|D,B|D,,,TCSE_51-100.pdf
S082Q09,82,hard,9,SE,"Debate rages on between proponents of corporal punishment and the death penalty and their detractors, though even the most rabid supporter agrees that punishments must be _____ and the justice system evenhanded and thorough.",meet,clement,delimited,condign,tantamount,merciful,,,,A|D,A|D,,,TCSE_51-100.pdf
S082Q10,82,hard,10,SE,Miller reminded his clients that labor relationship are inherently _____; the interests of business owners are diametrically opposed to those of employees.,adversarial,exploitative,mercenary,antagonistic,variable,changeable,,,,A|D,A|D,,,TCSE_51-100.pdf
S083Q01,83,hard,1,TC1,The threat of litigation makes the art authentication industry _____ realm: connoisseurs refuse to communicate in writing and confidential agreements bind authenticators to silence.,an opportunistic,a clandestine,a moralizing,a xenophobic,an anarchistic,,,,,B,B,,,TCSE_51-100.pdf
S083Q02,83,hard,2,TC1,"Some of the areas of research covered in the collection have already attracted substantial scholarly interest, while others are more _____, hence requiring pioneering effort to map the territory and suggest productive avenues of inquiry.",intricate,pristine,parochial,heterogeneous,onerous,,,,,B,B,,,TCSE_51-100.pdf
S083Q03,83,hard,3,TC2,"Since he had demonstrated (i)_____ talent as an amateur, several of his acquaintances (ii)_____ a career on the stage, but he followed his parents’ wishes, becoming an engineer.",an innocuous,an unremarkable,the requisite,aided him in pursuing,badgered him to pursue,swayed him into pursuing,,,,C|E,C|E,,,TCSE_51-100.pdf
S083Q04,83,hard,4,TC2,"In the past, the discussion of artificial light had been (i)_____. When electrification spread, the talk of artificial light became (ii)_____, perhaps because the material was more familiar. Distance lends enchantment.",engaging,momentous,dormant,nugatory,repetitious,dull,,,,A|F,A|F,,,TCSE_51-100.pdf
S083Q05,83,hard,5,TC3,"Saul’s particular combination of intellectuality and vitality was not paradoxical; it was category- shattering. (i)_____ was, in a way, his very theme. Was ever a bookish soul so cracklingly unmediated, so (ii)_____ raw life? He was as vivid physically as he was mentally, almost perversely alert, completely at home in the world of matter, repulsed by (iii)_____.",energy,nostalgia,solitude,put off by,flush with,uninterested in,seriousness,sensuality,tedium,A|E|I,A|E|I,,,TCSE_51-100.pdf
S083Q06,83,hard,6,TC3,"The difficulty for nineteenth-century advocates of the claim that forests helped regulate climate was that their argument (i)_____ historical anecdote and observations. Proving the forest-climate link through verifiable and experimental scientific means rather than observation was (ii)_____ for these individuals, a situation that eventually led to the link (iii)_____ justifications for forest conservation.",lacked,discounted,employed,problematic,unnecessary,straightforward,being revived in,dropping out of,losing out to,C|D|H,C|D|H,,,TCSE_51-100.pdf
S083Q07,83,hard,7,SE,"Even the man was reserved in his speech, he thoroughly understood his mother, which made him far from _____ as people usually thought.",comprehensive,ingenuous,sophisticated,foolish,simple,sententious,,,,D|E,D|E,,,TCSE_51-100.pdf
S083Q08,83,hard,8,SE,"Mark Messina’s book The Simple Soybean and Your Health exudes recognition much less unrestrained in the description of the soy's medical efficiency than its versatility, but the author cautions against soy to be a _____.",cure-all,solitude,efficacy,effectuality,panacea,placebo,,,,A|E,A|E,,,TCSE_51-100.pdf
S083Q09,83,hard,9,SE,"Three of the nation’s largest airlines could be operating under bankruptcy protection in coming weeks, analysts say, the latest sign of the industry’s ___ as it lurches through a historic transformation.",upheaval,exorbitance,affluence,peril,convulsion,opulence,,,,A|E,A|E,,,TCSE_51-100.pdf
S083Q10,83,hard,10,SE,"Agencies responsible for protecting natural resources too often issue permits allowing exploitation of those resources, a process that remains _____ given that agencies have become experts at masking their decisions in the scientific terms.",controversial,exacting,obscure,onerous,opaque,misleading,,,,C|E,C|E,,,TCSE_51-100.pdf
S084Q01,84,hard,1,TC1,The painter has emphasized the figure’s erect posture by making it contrast so starkly with the _____ exhibited by trees of the windswept orchard in the background.,strength,list,rigidity,fruitfulness,uprightness,,,,,B,B,,,TCSE_51-100.pdf
S084Q02,84,hard,2,TC1,The idea of a “language instinct” may seem _____ to those who think of language as the zenith of the human intellect and of instincts as brute impulses.,jarring,plausible,gratifying,inevitable,conciliatory,,,,,A,A,,,TCSE_51-100.pdf
S084Q03,84,hard,3,TC2,"Hidebound by cloying commercial radio and clueless record executives, the American pop music scene has frequently depended on cities at the edges of the cultural map to provide a much- needed shot of (i)_____. Seattle, Minneapolis, Austin, Texas, and Athens, Georgia, have all served as temporary pivot points, churning out bands and defining the sound of the moment. Even Omaha, Nebraska, has its 15 minutes not so long ago. The momentary (ii)_____ seems to come out of nowhere—as if someone blows a whistle only those in the know can hear, and suddenly record executives and journalists are crawling all over what had previously been an obscure locale.",originality,hackneyedness,burlesque,consensus,disjunction,censorship,,,,A|D,A|D,,,TCSE_51-100.pdf
S084Q04,84,hard,4,TC2,"The guilty-pleasure of the play lies in its invitation for us to identify with its characters—attractive, articulate young women and young men (i)_____ behavior that, from the outside, may look more than a little (ii)_____: though the actions are initially repugnant, we cannot help but share the point of the view of the characters committing them.",lament,execrate,rationalize,trivial,altruistic,monstrous,,,,C|F,C|F,,,TCSE_51-100.pdf
S084Q05,84,hard,5,TC3,"Methods were developed to remove distortions caused by either the research environment or the researcher. Such methods, especially with respect to the researcher, were considered to (i)_____ those (ii)_____ subjectivity whose unbridled expression was thought to otherwise (iii)_____ research.",restrain,reveal,supersede,incursions of,efficacy of,restrictions on,corrupt,obviate,facilitate,A|D|G,A|D|G,,,TCSE_51-100.pdf
S084Q06,84,hard,6,TC3,"People accustomed to thinking that the human lifespan (i)_____ the outer bounds of animal longevity tend to dismiss tales of musket balls being found in the shells of living turtles. Samantha Romney, however, argues that while such stories may be (ii)_____, some turtles do indeed exhibit a phenomenon known as “negligible (iii)_____,” showing no signs of aging even as they pass the two-century mark.",belies,demarcates,antedates,apocryphal,authentic,heresy,rejuvenation,superannuation,senescence,B|D|I,B|D|I,,,TCSE_51-100.pdf
S084Q07,84,hard,7,SE,"The recent exhibition on Dadaism is nothing if not _____, for the visual arts are currently awash in Dadaist gestures and gambits of one variety or another.",sensational,timely,daunting,ill-advised,opportune,misguided,,,,B|E,B|E,,,TCSE_51-100.pdf
S084Q08,84,hard,8,SE,"Ascorbate readily oxidizes in aerated aqueous solutions, and the PH of such solutions, in part, _____ the rate of oxidation, since the higher the PH, the greater the rate of oxidation.",determines,accelerates,consolidates,governs,compounds,stabilizes,,,,A|D,A|D,,,TCSE_51-100.pdf
S084Q09,84,hard,9,SE,"Consuming 25 to 35 percent of their body weight each day, sea otters are not only _____ but highly specialized eaters, organizing themselves into groups that zero in on specific kinds of prey.",prodigious,undiscriminating,fastidious,picky,voracious,omnivorous,,,,A|E,A|E,,,TCSE_51-100.pdf
S084Q10,84,hard,10,SE,"The concept of the Hellenistic period in ancient history has proved useful but also _____, with scholars disagreeing on the dates when the period began and ended.",slippery,elusive,fruitless,deceptive,futile,compelling,,,,A|B,A|B,,,TCSE_51-100.pdf
S085Q01,85,hard,1,TC1,"“RESIGNATION”, an English word the French novelist Christian Oster would no doubt appreciate, presents an elegant paradox: in one sense, it indicated a bold step, a cleaving of oneself from an attachment grown onerous; in another, it’s the height of _____, an acquiescence to fate.",sham,fissure,desperation,passivity,maturity,,,,,D,D,,,TCSE_51-100.pdf
S085Q02,85,hard,2,TC1,"He accused some people who _____ him of being by contrast supportive of another candidate, who shared a similar stance on most political issues.",offended,lauded,excoriated,promoted,noticed,,,,,C,C,,,TCSE_51-100.pdf
S085Q03,85,hard,3,TC2,To say the actors were (i)_____ their director is an understatement: a director who is visibly bored by his cast and their performances is hard to (ii)_____.,disappointed in,accepting of,motivated by,lambast,displease,suffer,,,,B|F,B|F,,,TCSE_51-100.pdf
S085Q04,85,hard,4,TC2,"Just as large manufacturing companies with dominant positions in large domestic markets were once able to resist (i)_____ despite ample signs that foreign competition was rapidly overtaking them, strong and wealthy states can (ii)_____ and still manage to limp along for many years.",innovation,temptation,inertia,exploit vulnerable markets,dominate international affairs,maintain misguided policies,,,,A|F,A|F,,,TCSE_51-100.pdf
S085Q05,85,hard,5,TC3,"For a time in the early Middle Ages, Latin culture came close to (i)_____: the witness to that is the (ii)_____ of manuscript copies of texts datable to the period. The process of copying manuscripts, the only way in which the fragile products of centuries of accumulating knowledge could be preserved, (iii)_____, a situation that did not change for two and a half centuries, until the time of Charlemagne. In the intervening period, much of Classical literature was lost to use forever.",reversing,exploding,vanishing,paucity,provenance,proliferation,was pursued methodically,expressed the spirit of the time,virtually came to a standstill,C|D|I,C|D|I,,,TCSE_51-100.pdf
S085Q06,85,hard,6,TC3,"Barker’s account of how mores have evolved over time is illuminating. It reveals as (i)_____ and (ii)_____ some values that have often been regarded as (iii)_____, while uncovering other values that do indeed seem to be universal.",transient,instinctive,resilient,transcendent,relative,enduring,liberating,nonnegotiable,antiquated,A|E|H,A|E|H,,,TCSE_51-100.pdf
S085Q07,85,hard,7,SE,The current _____ of repackaged music under Miles Davis’ name might prompt any reasonable person to conclude that the recording vault has been plundered bare.,glut,revival,hodgepodge,surfeit,modicum,dearth,,,,A|D,A|D,,,TCSE_51-100.pdf
S085Q08,85,hard,8,SE,"People enjoy listening to the governor’s inspiring speeches, and his eloquence lulls his adversaries into underestimating his ______, the tempered steel beneath the sleek suits.",tenacity,resolve,resourcefulness,kindness,compassion,frankness,,,,A|B,A|B,,,TCSE_51-100.pdf
S085Q09,85,hard,9,SE,"Ancient cave painters explored every surface, and although they bypassed certain walls that to us seem just as suitable for decoration as ones they chose, the placement of the art apparently wasn’t _____.",inconsequential,capricious,strenuous,undisclosed,arduous,impulsive,,,,B|F,B|F,,,TCSE_51-100.pdf
S085Q10,85,hard,10,SE,"Although many skeptics of the scientific theory _____ critiques that have long since been disproved, some of the doubters arguably bring up valid points.",overlook,revise,recycle,utilize,neglect,rehash,,,,C|F,C|F,,,TCSE_51-100.pdf
S086Q01,86,hard,1,TC1,"Common and easily accessible resources (prey for predators or hosts for parasites) should be, all other things being equal, used frequently, yet in some environments apparently accessible and suitable resources remain _____.",vulnerable,unobtainable,sustainable,depleted,unexploited,,,,,E,E,,,TCSE_51-100.pdf
S086Q02,86,hard,2,TC1,"Even though the authors repeatedly _____ their own shrewdness, they show a remarkable credulousness toward far-fetched ideas such as carbon-eating trees and cloud-making machinery.",soft-pedal,extol,deprecate,broaden,compromise,,,,,B,B,,,TCSE_51-100.pdf
S086Q03,86,hard,3,TC1,"The piecrust was not punctured, so steam built up and the crust _____, bursting like a balloon, creating an over-cleaning project where hopes of dinner were expected.",split,warped,distended,shrunk,caved in,,,,,C,C,,,TCSE_51-100.pdf
S086Q04,86,hard,4,TC2,"Regardless of the putative decline of (i)_____ in contemporary culture, such (ii)_____ remains essential to civil discourse. It allows people to avoid embarrassing or maligning an adversary, and it serves as a form of irony that draws attention to a problem that can scarcely be exaggerated.",understatement,originality,partisanship,inventiveness,objectivity,restraint,,,,A|F,A|F,,,TCSE_51-100.pdf
S086Q05,86,hard,5,TC3,"Much of the newspapers readership found it hard to (i)_____ the allegations of venality laid against the superintendent, since these readers were still (ii)_____ the superintendents reputation for (iii)_____. The superintendents subsequent vindication will have come as no surprise to them.",ignore,credit,dismiss,swayed by,unaware of,learning about,grouchiness,probity,creativity,B|D|H,B|D|H,,,TCSE_51-100.pdf
S086Q06,86,hard,6,TC3,"Persian prose writers from the second half of the twelfth century onward were characteristically (i)_____ the literary form of their works, a fact that some scholars have perceived as a derogation of those works’ content. It may be better interpreted as (ii)_____ the development of an awareness of authorship, for the awareness of authorship (iii)_____ the awareness of form.",ambivalent about,indifferent to,preoccupied with,a retreat from,an indication of,a justification for,evolves through,extends beyond,holds back,C|E|G,C|E|G,,,TCSE_51-100.pdf
S086Q07,86,hard,7,SE,"Although the employees’ union and company management, entering into contract negotiations, both issued statements encouraging _____, acrimony between the two sides continued unabated.",pertinacity,compromise,patience,civility,comity,steadfastness,,,,D|E,D|E,,,TCSE_51-100.pdf
S086Q08,86,hard,8,SE,"As a way of _____ the negative impacts of overdependence on a single export product—crude oil, the Nigerian government passed legislation in 1999 intended to revitalize the moribund solid minerals sector.",assuming,checking,disguising,stemming,downplaying,shouldering,,,,B|D,B|D,,,TCSE_51-100.pdf
S086Q09,86,hard,9,SE,"After many years of feeling _____ by his seniors managers, Clark was becoming hopeful of advancement.",vilified,stymied,hindered,aggrieved,circumvented,overlooked,,,,B|C,B|C,,,TCSE_51-100.pdf
S086Q10,86,hard,10,SE,"Even before she went to art school, Veronica found the standard design categories _____: she didn’t understand why designing buildings and designing tables should require different sensibilities.",provocative,limiting,stimulating,confusing,confining,exhilarating,,,,B|E,B|E,,,TCSE_51-100.pdf
S087Q01,87,hard,1,TC1,"Given the many thematic strands that the book seeks to draw together into a continuous cord of narrative, it is perforce work of _____, which is not to say that the author’s research fails to provide sufficient detail about each of his chosen themes.",synthesis,conjecture,analysis,reconstruction,accretion,,,,,A,A,,,TCSE_51-100.pdf
S087Q02,87,hard,2,TC1,"For many in the room, the idea of coming to the assistance of a rival was more than unpleasant: it was _____.",unpropitious,anomalous,anathematic,redundant,meretricious,,,,,C,C,,,TCSE_51-100.pdf
S087Q03,87,hard,3,TC1,That Seiberg and Witten lack celebrity can be explained by the ______ nature of their pursuit: the mathematical exploration of four-dimensional space.,pedestrian,esoteric,compelling,global,unequivocal,,,,,B,B,,,TCSE_51-100.pdf
S087Q04,87,hard,4,TC2,"In science education, it is important to differentiate between inaccurate ideas that are conceptually (i)_____ and understandings that are inaccurate, and yet can (ii)_____ learning of more sophisticated understanding. The former are simply wrong, the latter can be seen as incomplete, overly simplistic, or tied to only a few limited contexts.",unproductive,unproblematic,distinct,foster,delay,resemble,,,,A|D,A|D,,,TCSE_51-100.pdf
S087Q05,87,hard,5,TC3,"Many researchers assume that politicians consider the preferences of the entire public, and not merely those of likely voters, when making decisions. Yet, since the desire to be reelected is central, it is plausible that politicians (i)_____ the opinions of likely voters in formulating their positions on issues. It is possible that researchers’ suppositions about policy makers’ (ii)_____ aggregate public opinion may serve to (iii)_____ the fact that only the preferences of likely voters actually matter.",rely insufficiently on,depart sporadically from,attend disproportionately to,responsiveness to,neglect of,misrepresentation of,mask,reflect,obviate,C|D|G,C|D|G,,,TCSE_51-100.pdf
S087Q06,87,hard,6,TC3,Observers of modern presidential campaigns who (i)_____ the highly (ii)_____ productions that pass for campaigns these days do sometimes find reason for hope in the occasional mix-ups that (iii)_____ candidates on the trail despite the presence of political strategist’s plotting every event with the tactical precision of military commanders.,relish,misinterpret,despair over,ambitious,chaotic,choreographed,rattle,bolster,legitimate,C|F|G,C|F|G,,,TCSE_51-100.pdf
S087Q07,87,hard,7,SE,"Upon realizing that the indicators of a stressful situation can be extremely _____, the psychologist reconsidered her claim that a reliable way of reducing stress is to recognize stressful situations and then avoid them.",acute,exiguous,persistent,overstated,tenuous,unrelenting,,,,B|E,B|E,,,TCSE_51-100.pdf
S087Q08,87,hard,8,SE,"To call Kermode the finest English critic of his generation would be a _____ compliment, since not many of its population are professionally engaged in literary criticism.",sincere,backhanded,paltry,heartfelt,meager,plausible,,,,C|E,C|E,,,TCSE_51-100.pdf
S087Q09,87,hard,9,SE,In sharp contrast to the novel’s scenic realism and precisely characterized figure is its persistent philosophical _____.,naturalism,abstraction,generality,impartiality,sincerity,objectivity,,,,B|C,B|C,,,TCSE_51-100.pdf
S087Q10,87,hard,10,SE,"Estimating demographic parameters in marine mammals is challenging, often requiring many years of data to achieve sufficient precision to _____ biologically meaningful change.",effect,tolerate,discern,envisage,withstand,detect,,,,C|F,C|F,,,TCSE_51-100.pdf
S088Q01,88,hard,1,TC1,"Many Latin American writers and critics have come to bristle at the very mention of the type of fiction termed “magic realism,” but to the common reader the appeal of such fiction is _____.",elusive,undiminished,unfathomable,unexpected,derivative,,,,,B,B,,,TCSE_51-100.pdf
S088Q02,88,hard,2,TC2,Shirky argues that the Internet (i)_____ the needs for hierarchical structures and the sluggish organizations that (ii)_____ them: the Internet makes it possible to do things cheaply and efficiently on one’s own.,delineates,obviates,redoubles,circumvent,perpetuate,undervalue,,,,B|E,B|E,,,TCSE_51-100.pdf
S088Q03,88,hard,3,TC2,"Not only is the field of behavioral genetics strewn with (i)_____ findings, but even among those findings that managed to survive, many have turned out to be (ii)_____ a very restricted class of cases.",convergent,disparate,repudiated,refuted by,germane to,subordinate to,,,,C|E,C|E,,,TCSE_51-100.pdf
S088Q04,88,hard,4,TC2,The prime minister’s spokesman faces a difficult task in defending his boss from what he sees as the (i)_____ of a decidedly prejudiced press. To make his defense effectively he will certainly have to give specific examples of the media coverage he finds so (ii)______.,overwrought panegyrics,lowly calumnies,justified fulminations,objectionable,confusing,unexciting,,,,B|D,B|D,,,TCSE_51-100.pdf
S088Q05,88,hard,5,TC3,"However luminous an insight might seem initially, brilliance is not a reliable predictor of (i)_____, and sure enough the history of physical chemistry is replete with theories that were as (ii)_____ as any but that (iii)_____.",popularity,originality,validity,opaque,ingenious,useful,slowly developed,eventually collapsed,ultimately prevailed,C|E|H,C|E|H,,,TCSE_51-100.pdf
S088Q06,88,hard,6,TC3,"Many historians of the ancient world are wary of sounding (i)_____. Write so much as a sentence and the temptation is immediately to (ii)_____ it. Even in cases when the sources for a given event are (iii)_____, uncertainties and discrepancies crop up everywhere.",fusty,anachronistic,dogmatic,recapitulate,forswear,qualify,consistent,plentiful,biased,C|F|H,C|F|H,,,TCSE_51-100.pdf
S088Q07,88,hard,7,SE,Governments are often willing to pay the direct costs of preparing for emergencies that may never happen: they make room in their budgets to prepare for _____ but unlikely events.,plausible,anticipated,dangerous,conceivable,foreseen,unimaginable,,,,A|D,A|D,,,TCSE_51-100.pdf
S088Q08,88,hard,8,SE,"Sports stars are often _____ figures, regarded as representative of the city or country for which they compete.",totemic,iconoclastic,protean,idealized,irreverent,emblematic,,,,A|F,A|F,,,TCSE_51-100.pdf
S088Q09,88,hard,9,SE,"The life of a secret agent is dangerous enough, but the life of a double agent is infinitely more ______: a single slip can send an agent crashing to destruction.",arduous,precarious,clandestine,perilous,covert,exhilarating,,,,B|D,B|D,,,TCSE_51-100.pdf
S088Q10,88,hard,10,SE,"The writer’s assignment of the critic includes personal _____ such as jibes about his physical girth and style of delivery, and is not the better for it.",aspersions,commendations,falsehoods,fantasies,whims,slurs,,,,A|F,A|F,,,TCSE_51-100.pdf
S089Q01,89,hard,1,TC1,"Paintings created in India during the Mughal dynasty were _____ in ambition but ornamental in presentation: in one direction they have an affinity with newspaper photographs, while in the other they have the intricacy of jewels.",metaphorical,documentary,aesthetic,sectarian,baroque,,,,,B,B,,,TCSE_51-100.pdf
S089Q02,89,hard,2,TC2,"It remains a mystery how Theobroma cacao, which scholars believe originated in lowland Amazonia, was introduced to tropical Mesoamerica. It must have been a (i)_____ process: cacao trees do not easily sprout from seed, need years to mature, and grow only in humid lowland forest. Moreover, in a tropical climate, cacao pods spoil quickly, rendering their transport from lowland Amazonia tropical Mesoamerica in a single journey by foot or canoe (ii)_____.",clandestine,protracted,spontaneous,unlikely,redundant,expeditious,,,,B|D,B|D,,,TCSE_51-100.pdf
S089Q03,89,hard,3,TC2,"To the avid reader of E.O. Wilson, much of his most recent book Consilience: The Unity of Knowledge will be (i)_____, as the book represents the culmination of a life spent thinking about everything from the social lives of ants to the social lives of people. Nonetheless, new thoughts have been mixed in with the old to produce a book remarkable for its (ii)_____ and ambition.",predictable,discounted,startling,purview,overreaching,contingency,,,,A|D,A|D,,,TCSE_51-100.pdf
S089Q04,89,hard,4,TC2,"Until the advent of film, commercial entertainment in England occurred only where concentrated urban populations provided audiences large enough to make it remunerative: theaters and music halls were (i)_____ in rural villages. But village cinemas quickly become (ii)_____, even though they were ramshackle affairs in comparison to the urban picture palaces.",spartan,unconceivable,profitable,commonplace,sophisticated,unfashionable,,,,B|D,B|D,,,TCSE_51-100.pdf
S089Q05,89,hard,5,TC3,"His new role gives the normally clownish actor a chance to impress audiences with his (i)_____. He is among the most uninhibited comic performers around, but here he buttons his lip and stares straight ahead. Perhaps without quite knowing it, the audience waits for a wink, a hint that some of the (ii)_____ spirit that animated his previous movies might be lurking inside the (iii)_____ manner he presents in this film.",raillery,effusiveness,forbearance,madcap,lugubrious,edifying,facetious,reserved,beguiling,C|D|H,C|D|H,,,TCSE_51-100.pdf
S089Q06,89,hard,6,TC3,Some climatologists dismiss as (i)_____ the debate among geophysicists over the role of carbon dioxide in global climate change across many millions of years. These climatologists say the evidence of a tie between carbon dioxide and planetary warming over the last few centuries is so (ii)_____ that any longer-term evidence against such a link must somehow be (iii)______.,unavoidable,irrelevant,undecidable,unlikely,controversial,compelling,tainted,accommodated,reinforced,B|F|G,B|F|G,,,TCSE_51-100.pdf
S089Q07,89,hard,7,SE,"A priori mathematics, according to Galileo, does not _____ the need for observation, but mathematics does allow us to deduce unobservable properties and thus to penetrate further into the structure of nature than observation does.",address,acknowledge,obviate,diminish,displace,appreciate,,,,C|E,C|E,,,TCSE_51-100.pdf
S089Q08,89,hard,8,SE,"One of the peculiarities of humans is that we irrationally gravitate to the predictable and avoid risk, whatever the reasons for this _____, it is hardly a sound basis for dealing with complex, long- term problems.",eccentricity,predilection,vacillation,proclivity,wavering,cowardice,,,,B|D,B|D,,,TCSE_51-100.pdf
S089Q09,89,hard,9,SE,"An abundance of nutrient-rich pollution in estuaries causes algae to _____, much as houseplants grow better when their soil contains added fertilizer.",abound,proliferate,stagnate,coalesce,collect,diversify,,,,A|B,A|B,,,TCSE_51-100.pdf
S089Q10,89,hard,10,SE,"The stories of silent drama may often have been _____; yet, within those broad outlines, the true artists among silent-film actors could express shadings that had no immediate analogue in language.",implausible,incredible,conventional,elemental,rudimentary,confusing,,,,D|E,D|E,,,TCSE_51-100.pdf
S090Q01,90,hard,1,TC1,"He defended the government’s equivocations regarding the mysterious contrail as resulting not from _____ as critics say, but from a benightedness about its own doings that is almost inevitable, given the multitudinous- ness of its agencies.",obtuseness,mendacity,abnegation,guilelessness,trenchancy,,,,,B,B,,,TCSE_51-100.pdf
S090Q02,90,hard,2,TC1,Scientists have argued not only that the chains of atoms called ladder compounds have _____ theoretical interest but also that studies of such systems can lead to important practical applications.,limited,dubious,superfluous,unidimensional,intrinsic,,,,,E,E,,,TCSE_51-100.pdf
S090Q03,90,hard,3,TC2,"The professor frequently reiterated a basic assumption behind the experimental method--- namely, that the outcome of the experiment is always (i)_____. The hypothesis can never assume the experiment’s results, in other words, but instead must (ii)_____ their appearance.",undetermined,incontrovertible,inconsequential,await,signal,negate,,,,A|D,A|D,,,TCSE_51-100.pdf
S090Q04,90,hard,4,TC2,Hyana Kusiemko and her colleagues speculate that the (i)_____ support among low-income works for increases in the minimum wage is a form of last-place aversion: people who are in a marginally better position than the worst off seek to (ii)_____ to distinguish themselves from those in last place.,unwavering,vociferous,tepid,disavow their willingness,retain their ability,dissemble their need,,,,C|E,C|E,,,TCSE_51-100.pdf
S090Q05,90,hard,5,TC2,"Unlike the elected branches of the United States government, where making personal connection with citizens is (i)_____ and almost (ii)_____ political efficacy, the United States Supreme Court continues to maintain that its members should communicate with the public almost exclusively through formal opinions—and even then through ceremonial rituals that date back to the nineteenth century.",frowned upon,rampant,disregarded,a requirement for,a detriment to,an irrelevance to,,,,B|D,B|D,,,TCSE_51-100.pdf
S090Q06,90,hard,6,TC3,Part of what currently makes it so (i)_____ to arrive at a scientific understanding of the living world is that while technological advances have produced a cascade of data—from detailed genome sequence to the sophisticated satellite imagery that documents the planet’s ecosystems— our ability to (ii)_____ these data still lags far behind their (iii)_____.,frustrating,intriguing,challenging,gather,apprehend,dispute,acquisition,interpretation,implementation,C|E|G,C|E|G,,,TCSE_51-100.pdf
S090Q07,90,hard,7,SE,"In the wild, no other mammal _____ individuals from another species: badgers do not tend hares, deer do not nurture baby squirrels, lions do not care for giraffes.",protects,fosters,aids,cajoles,adopts,coaxes,,,,B|E,B|E,,,TCSE_51-100.pdf
S090Q08,90,hard,8,SE,Recent research runs counter to the long-cherished notion that a small drop in body temperature during and after surgery is either _____ or actually protects the patient by slowing metabolism and reducing the body’s demand for blood and oxygen.,beneficial,immaterial,inconsequential,preventive,prophylactic,redundant,,,,B|C,B|C,,,TCSE_51-100.pdf
S090Q09,90,hard,9,SE,"In the northeastern United States, beaver populations had been critically reduced or even _____ in large areas at the end of nineteenth century; as a result, several states instituted prohibitions on beaver trapping.",diminished,extirpated,eliminated,devalued,weakened,underrated,,,,B|C,B|C,,,TCSE_51-100.pdf
S090Q10,90,hard,10,SE,"Laughter, like speech, is primarily a human faculty, although both functions may also exist in a more _____ form in lesser primates.",indispensable,crucial,primitive,intelligible,recognizable,rudimentary,,,,C|F,C|F,,,TCSE_51-100.pdf
S091Q01,91,easy,1,TC1,"Contrary to its reputation for intellectual _____, the 1950s was a decade exceptionally rich in works of trenchant and far-reaching social criticism.",keenness,inclusiveness,complacency,integrity,productivity,,,,,C,C,,,TCSE_51-100.pdf
S091Q02,91,easy,2,TC1,The philosopher was a strong advocate of _____: he taught that happiness comes from forgoing one’s desires.,magnanimity,duty,abstinence,pragmatism,tolerance,,,,,C,C,,,TCSE_51-100.pdf
S091Q03,91,easy,3,TC2,"In light of Elizabeth’s habitually (i)_____ nature, her friends were quite surprised by her (ii)_____ at the convention.",ingenuous,laconic,intractable,garrulity,ostentatiousness,tenacity,,,,B|D,B|D,,,TCSE_51-100.pdf
S091Q04,91,easy,4,TC2,"After Betty found a qualified assistant to help her, the tasks that once seemed so (i)_____ became quite (ii)_____.",onerous,pleasant,trivial,manageable,challenging,unwieldy,,,,A|D,A|D,,,TCSE_51-100.pdf
S091Q05,91,easy,5,TC3,"Since the 1920s, historical fiction writers in China have emancipated the genre from the traditional notion that (i)_____ was the ultimate goal of history writing. Yet the traditional commitment to (ii)_____ was not simply (iii)_____: this new genre was expected to capture the essence of historical truth even as it allowed space for the writer’s imagination.",comprehensiveness,factuality,entertainment,veracity,thoroughness,pleasure,jettisoned,rationalized,acknowledged,B|D|G,B|D|G,,,TCSE_51-100.pdf
S091Q06,91,easy,6,TC3,"The journey to (i)_____, when it starts from a vantage as (ii)_____ as Dunsany’s, is often as (iii)_____ as the path to glory. How did a writer of such talent and renown wind up nearly forgotten?",obscurity,normalcy,genius,eminent,reactionary,egalitarian,unfathomable,cyclical,mundane,A|D|G,A|D|G,,,TCSE_51-100.pdf
S091Q07,91,easy,7,SE,"It is normal for artists who achieve great acclaim during their lifetimes to be considered _____ shortly after their deaths, only to have their reputations restored by subsequent generations.",sacrosanct,outmoded,overrated,canonical,unfashionable,emblematic,,,,B|E,B|E,,,TCSE_51-100.pdf
S091Q08,91,easy,8,SE,"Human perception is not a direct consequence of reality but rather requires imagination, because the data that people encounter in their lives are never complete and always _____.",equivocal,ambiguous,apparent,clear,transient,contradictory,,,,A|B,A|B,,,TCSE_51-100.pdf
S091Q09,91,easy,9,SE,"Susanne Prediger argues that although rational decimals and fractions are mathematically equivalent, students generally deal with them in _____ ways, hence they are not cognitively equivalent.",variable,divergent,unique,cursory,dissimilar,superficial,,,,B|E,B|E,,,TCSE_51-100.pdf
S091Q10,91,easy,10,SE,"Although Lemettais was _____ computer engineering, he lacked the spirit or enthusiasm to pursue it as a lifelong occupation.",fanatical about,adept at,indifferent to,diligent regarding,proficient in,apathetic about,,,,B|E,B|E,,,TCSE_51-100.pdf
S092Q01,92,easy,1,TC1,"The architecture of the Shanghai Bund was for decades presented as an archetypal symbol of abhorrent Western influence, which may be one of the reasons that these grand buildings were _____ for so many years.",imitated,extolled,commemorated,disdained,unnoticed,,,,,D,D,,,TCSE_51-100.pdf
S092Q02,92,easy,2,TC1,"The wonder of Amy Chapman was her _____, her tenacious devotion to certain causes.",subtle allure,refractory willfulness,obstinate self-regard,brazen hubris,staunch fealty,,,,,E,E,,,TCSE_51-100.pdf
S092Q03,92,easy,3,TC2,"In the new biography, Gonzalez doesn’t (i)_____ the aspects of her subject that have drawn criticism but instead creates them with considerable (ii)_____: hardly a fact or assertion goes by her without being sourced in the endnotes.",explain,acknowledge,evade,sympathy,thoroughness,ingenuity,,,,C|E,C|E,,,TCSE_51-100.pdf
S092Q04,92,easy,4,TC2,"The governor is known for her unwillingness to (i)_____ policy decisions in the face of opponents typically, if she announces a specific policy and is confronted with objections from interest groups, she (ii)_____ the policy.",adhere to,compromise on,disavow,resumes,appraises,abandons,,,,A|F,A|F,,,TCSE_51-100.pdf
S092Q05,92,easy,5,TC3,"At least one otter species, the sea otter, has a large, often dominating, effect on the structure of its own habitat. There is no evidence that other species have ever exercised such (i)_____ effects. That lack of evidence could merely be because the other species have been studied less thoroughly. However, the size and density of the historic sea otter populations in many Pacific coastal regions (ii)_____ those of other otter species elsewhere, so perhaps the sea otter is indeed (iii)_____ in its effects on habitat.",ephemeral,unpredictable,significant,vastly exceed,have little effect on,roughly parallel,unique,destructive,transitory,C|D|G,C|D|G,,,TCSE_51-100.pdf
S092Q06,92,easy,6,TC3,"For many years Cole experienced (i)_____ his professional circle. He was a (ii)_____ figure in the Middle East Studies Association of North America, editing for five years its flagship publication, and in 2004 he was even elected the association’s incoming president. But because his research focused on highly (iii)_____ aspects of the eighteenth-and-nineteenth century Middle East, he was unlikely to achieve any sort of public acclaim.",obscurity within,estrangement from,anonymity outside,leading,provocative,traditional,relevant,esoteric,disputed,C|D|H,C|D|H,,,TCSE_51-100.pdf
S092Q07,92,easy,7,SE,"In science, replicability comes with the idea that the pursuit of scientific truth should not be _____: researchers who make claims must allow others to test them empirically.",incomplete,settled,private,unfinished,insular,unerring,,,,C|E,C|E,,,TCSE_51-100.pdf
S092Q08,92,easy,8,SE,"Even the most hard-nosed critics could hardly deny that the novelist’s best books are _____: they are filled with energy, imagination, and something close to a white-hot inspiration.",inventive,engaging,spirited,compassionate,vigorous,warmhearted,,,,C|E,C|E,,,TCSE_51-100.pdf
S092Q09,92,easy,9,SE,"Liam Clancy described the young Bob Dylan as a sponge, eagerly absorbing the possibilities life and culture might provide, and Dylan presents himself so in his memoir _____ in his intellectual and musical curiosity.",insatiable,devious,unique,pretentious,voracious,cunning,,,,A|E,A|E,,,TCSE_51-100.pdf
S092Q10,92,easy,10,SE,"The Red Sea town of Aydhab presents scholars with _____: medieval records describe it as a major port for ships engaged in trade, yet today there is no trace of a viable harbor at the site.",an illusion,a contradiction,a chimera,a puzzle,an anachronism,a conundrum,,,,D|F,D|F,,,TCSE_51-100.pdf
S093Q01,93,easy,1,TC1,The author affects _____ in the tone of his novels that is quite at odds with his predilection for invective in his nonfiction publications.,a tenacity,a neutrality,a pugnacity,an effusiveness,an irascibility,,,,,B,B,,,TCSE_51-100.pdf
S093Q02,93,easy,2,TC1,"The combination of Isabella Beeton’s short life and the _____ of evidence for some parts of her story means that at times her biography, Kathryn Hughes, is forced to fill out her narrative with background information.",reliability,plethora,relevance,paucity,transparency,,,,,D,D,,,TCSE_51-100.pdf
S093Q03,93,easy,3,TC2,"Far from (i)_____ the actions taken by the newspaper’s executives, William praised the executive’s resistance to corruption—yet he doubted that their policies were practical enough to warrant (ii)_____ by other papers.",lionizing,impugning,surveying,criticism,admiration,emulation,,,,B|F,B|F,,,TCSE_51-100.pdf
S093Q04,93,easy,4,TC2,"If you follow your intuition, you will more often than not err by misclassifying a random event as (i)_____. We are far too willing to (ii)_____ the belief that much of what we see in life is random.",uncharacteristic,systematic,arbitrary,countenance,reject,champion,,,,B|E,B|E,,,TCSE_51-100.pdf
S093Q05,93,easy,5,TC3,"Although political events in different countries were (i)_____ in the nineteenth century, their interrelationship was (ii)_____ compared with the present, when (iii)_____ has become far greater, isolationism has ceased to be an option.",connected,unobjectionable,unpredictable,superficial,cordial,improbable,idealism,interdependence,rigidity,A|D|H,A|D|H,,,TCSE_51-100.pdf
S093Q06,93,easy,6,TC3,"At a recent conference on ancient DNA, one presentation opened with the claim that the field was now mature and could move ahead with confidence. This (i)_____ is (ii)_____, as demonstrated at the conference by the many presentations that notably lacked an adequate methodology for ensuring that DNA was uncontaminated by material that is more recent. In fact, ancient DNA research presents extreme technical difficulties, in part precisely because of the (iii)_____ of surviving DNA.",concern,optimism,diffidence,infectious,unfounded,unusual,corrupted nature,straight forward,copious amounts,B|E|G,B|E|G,,,TCSE_51-100.pdf
S093Q07,93,easy,7,SE,"As clucks of disapproval about Americans’ political _____ have grown louder in recent years, many historians have looked for contrast to the decades before the Civil War as a time when Americans were enthusiastically engaged in politics.",zealotry,apathy,hypocrisy,partisanship,insincerity,passivity,,,,B|F,B|F,,,TCSE_51-100.pdf
S093Q08,93,easy,8,SE,The latest publications predicting disastrous coastal erosion are unlikely to _____ knowledgeable readers because variations on the same claims have been effectively refuted in the past few years.,intrigue,reassure,baffle,alarm,unsettle,calm,,,,D|E,D|E,,,TCSE_51-100.pdf
S093Q09,93,easy,9,SE,"Some social insects, such as bees and ants, are celebrated for their industriousness and engineering feat, but popular culture has not generally _____ termites for theirs—even though they can build mounds twenty feet high.",considered,reprehended,applauded,deprecated,exonerated,extolled,,,,C|F,C|F,,,TCSE_51-100.pdf
S093Q10,93,easy,10,SE,"Because the organization often trumpeted itself as a forum for _____ discussion, visitors were startled by the frequently heated tone of its recent debates.",elevated,vigorous,temperate,strenuous,dispassionate,strident,,,,C|E,C|E,,,TCSE_51-100.pdf
S094Q01,94,medium,1,TC1,"For the ancient Egyptians, inequality in human society was not _____ nature; in other words, existing differences—between rich and poor, strong and weak—were not viewed as a necessary part of the natural order of things.",superseded by,detectable in,ameliorated by,inherent in,excluded from,,,,,D,D,,,TCSE_51-100.pdf
S094Q02,94,medium,2,TC1,It was quite _____ for Sir Isaac Newton to believe in alchemy—most of the experimental scientists of his era did.,unethical,brave,pretentious,reasonable,controversial,,,,,D,D,,,TCSE_51-100.pdf
S094Q03,94,medium,3,TC2,"Trying to fix problems that affect vast numbers of people has an intuitive appeal that politicians and policymakers find (i)_____, but several warehouses of research studies show that intuition is often a poor guide to fixing (ii)_____ problems.",logical,irresistible,off-putting,localized,systemic,theoretical,,,,B|E,B|E,,,TCSE_51-100.pdf
S094Q04,94,medium,4,TC2,"This book, a more (i)_____ version of a highly technical report, is designed for the layperson, yet it is nothing if not (ii)_____: it grapples with very complex questions about the world economy.",accessible,professional,formidable,ambitious,popular,persuasive,,,,A|D,A|D,,,TCSE_51-100.pdf
S094Q05,94,medium,5,TC3,"Anthony Kenny states that although his A New History of Western Philosophy is intended for undergraduates, he aimed to write it in a lighthearted manner that will give (i)_____ to those who read the history “not for curricular purposes but for their own enjoyment”. His book is certainly enlightening, and although the bibliography includes technical works liable to (ii)_____ the newcomer, the work is written at a level that generally (iii)_____ between elementary and advanced.",solace,pleasure,offense,baffle,initiate,suit,strikes a good balance,makes fine distinctions,rejects the difference,B|D|G,B|D|G,,,TCSE_51-100.pdf
S094Q06,94,medium,6,TC3,"Substantial atmosphere around planetary bodies acts as (i)_____ incoming objects. Smaller objects, particularly those that are lower in density and more fragile, (ii)_____ in the upper reaches of the atmosphere, whereas more intact, larger bodies may survive to impact the surface. Thus, relative to large craters, small craters are much less (iii)_____ on bodies with dense atmosphere, such as Earth, Venus, and Titan, than they are on Mercury and Moon.",effective obscurers of,significant filters to,impenetrable barriers,vaporize,proliferate,agglomerate,unusual,persistent,common against,B|D|I,B|D|I,,,TCSE_51-100.pdf
S094Q07,94,medium,7,SE,"Many scholars studying leadership _____ cult of the celebrity that has been fostered both by the media and by politicians’ public relations staffs, arguing that it trivialized politics.",abet,decry,question,analyze,countenance,condemn,,,,B|F,B|F,,,TCSE_51-100.pdf
S094Q08,94,medium,8,SE,"Experimentation in the arts often generates befuddlement, and even _____ of innovative art generally have voiced perplexity regarding this new, experimental artwork.",proponents,vilifiers,defenders,belittlers,vendors,luminaries,,,,A|C,A|C,,,TCSE_51-100.pdf
S094Q09,94,medium,9,SE,The sailors realized too late that winds had shifted the ice in such a way as to obstruct the ship’s path; this process had been so _____ that it was completed by the time they discovered the effect.,gradual,negligible,unpredictable,time-consuming,inconsequential,imperceptible,,,,A|F,A|F,,,TCSE_51-100.pdf
S094Q10,94,medium,10,SE,What makes the precisely oriented flight of a honeybee swarm to its new home so _____ is that only a small percentage of its members know the swarm travel route and final destination.,exact,unpredictable,amazing,erratic,reliable,wondrous,,,,C|F,C|F,,,TCSE_51-100.pdf
S095Q01,95,medium,1,TC1,"Some minor misgivings about the book notwithstanding, the editor’s claim that the work will be recognized as “the authoritative history of sports for this era” is thoroughly _____.",absurd,undemonstrated,credible,outlandish,researched,,,,,C,C,,,TCSE_51-100.pdf
S095Q02,95,medium,2,TC1,"In the 1630s, directors of the Dutch West India Company received reports of minor problems from their agents with _____, as the company was wealthy enough not to be overly concerned about small frustrations.",trepidation,consternation,gratitude,equanimity,exhilaration,,,,,D,D,,,TCSE_51-100.pdf
S095Q03,95,medium,3,TC2,"Even though the idea that medical research should be rigorously objective is (i)_____ one in the medical community, the editors of medical journals often display a disquieting (ii)_____ when it comes to articles submitted by researchers who accept money from the makers of the products they evaluate in their research; editors rarely ask whether that research is truly disinterested.",a neglected,an uncontroversial,an unproductive,capriciousness,credulity,stringency,,,,B|E,B|E,,,TCSE_51-100.pdf
S095Q04,95,medium,4,TC2,"Making the shift to the 90-nanometer manufacturing process has been (i)_____ for semiconductor companies. This process effectively doubles the manufacturing capacity of the industry, but it (ii)_____ enormous technical challenges because some components of the new semiconductor chips are no more than five to seven molecule thick.",an unanticipated boon,a routine accomplishment,a significant struggle,circumvents,entails,resolves,,,,C|E,C|E,,,TCSE_51-100.pdf
S095Q05,95,medium,5,TC3,"An invasive creeping weed native to the Mediterranean region, Cirsium arvense has been present in Yellowstone National Park at least since the nineteen century. Because of its extensive root system, the plant defies attempts to (i)_____ it by normal methods, and consequently, park officials have (ii)_____ efforts to do so. Warming temperature have also (iii)_____ of the thistle’s fortune.",control,study,nourish,largely abandoned,recently reinitiated,increasingly promoted,helped,undermined,illuminated,A|D|G,A|D|G,,,TCSE_51-100.pdf
S095Q06,95,medium,6,TC3,"Marie Tharp’s mapping of the ocean floor, which was based on a mass of previously unanalyzed measurements of ocean depth, did not depend on (i)_____ but on (ii)_____: she (iii)_____ the sea floor’s contours by marrying the voluminous but incomplete data with her knowledge of geology.",rote work,analytical prowess,empirical knowledge,serendipity,extrapolation,collaboration,inferred,detected,reconstituted,A|E|G,A|E|G,,,TCSE_51-100.pdf
S095Q07,95,medium,7,SE,"The proposition that foraging Native Americans studied the skies is _____: anthropological evidence demonstrates, for example, that the Chumash Indians counted the lunar cycles and established the times of the solstices.",unquestionable,unremarkable,undeniable,unprecedented,unexceptional,unparalleled,,,,A|C,A|C,,,TCSE_51-100.pdf
S095Q08,95,medium,8,SE,"In the nineteenth century, the circus, for all its glitz and even its glamour, was entertainment with an old soul, _____ the fast-forward pace of change in modern life.",a forerunner of,an antidote to,a respite from,a break from,a precursor to,a rebuke to,,,,C|D,C|D,,,TCSE_51-100.pdf
S095Q09,95,medium,9,SE,"Sokari Douglas Camp was _____ in the early 1990s by many of London’s commercially driven art dealers and galleries, some of whom apparently found her themes difficult to market.",criticized,lionized,misrepresented,neglected,forsaken,eulogized,,,,D|E,D|E,,,TCSE_51-100.pdf
S095Q10,95,medium,10,SE,"It is troubling that blogs, which may be among the least reliable sources of information in human history, occupy such _____.",enviable `,conspicuous,suspect,dubious,controversial,prominent,,,,B|F,B|F,,,TCSE_51-100.pdf
S096Q01,96,medium,1,TC1,"The anthropologist ______ the claim that the Neanderthal remains must represent an immediate family because they belong to the same mitochondrial lineage, noting that some chimpanzees with identical mitochondrial are not closely related.",misapplied,queried,expanded,substantiated,surmised,,,,,B,B,,,TCSE_51-100.pdf
S096Q02,96,medium,2,TC1,"While the current coffee craze was sparked by the emergence of flavorful, high-quality gourmet varieties, a slew of studies suggesting that concerns about coffee’s health effects may be _____ has nurtured the trend.",underemphasized,exacerbated,unfounded,documented,recapitulated,,,,,C,C,,,TCSE_51-100.pdf
S096Q03,96,medium,3,TC2,"In a sharp blow to his reputation as (i)_____ leader, the evidence that the mayor has recently been involved in malfeasance seems to be (ii)_____.",a partisan,an unsuccessful,an exemplary,fabricated,sound,dubious,,,,C|E,C|E,,,TCSE_51-100.pdf
S096Q04,96,medium,4,TC2,"As climate change alters ecosystems, the winners are going to be the (i)_____ foragers, likes grizzlies that eat everything from ants to moose, and the losers are going to be those species that are too (ii)_____ to adjust.",adaptive,persistent,anomalous,specialized,hierarchical,voracious,,,,A|D,A|D,,,TCSE_51-100.pdf
S096Q05,96,medium,5,TC3,"The Golden Gates Bridge has been quite (i)_____ by most aesthetic and functional criteria. However, as a structure it has had some limitations. Shortly after it opened, its roadway proved to be (ii)_____ under certain wind conditions, so it was stiffened. The additional steel that provided that stiffening naturally added weight to the structure, and this made it (iii)_____ later to add a proposed rail system beneath the roadway.",inadequate,unusual,successful,quite noisy,overly flexible,dangerously windswept,unnecessary,impossible,feasible,C|E|H,C|E|H,,,TCSE_51-100.pdf
S096Q06,96,medium,6,TC3,"The prime minister underestimates the fatigue that her continual (i)_____ induces, even among those who are largely (ii)_____ her aims. Constantly referring to the bold challenges and tremendous opportunities that she and the country face, the prime minister insists that she is (iii)_____ the country, when most people would be grateful if she succeeded just in improving it a bit.",complaining,diffidence,overclaiming,sympathetic to,confused by,troubled by,deliberately analyzing,radically transforming,slowly fine-turning,C|D|H,C|D|H,,,TCSE_51-100.pdf
S096Q07,96,medium,7,SE,"Considering that space travel was science fiction only decades ago, we should be extremely reluctant to proclaim an idea forever technologically infeasible unless that idea _____ some hard physical constraint.",violates,contravenes,overcomes,transcends,utilizes,introduces,,,,A|B,A|B,,,TCSE_51-100.pdf
S096Q08,96,medium,8,SE,"The actor’s part in the film turned out to be _____: he had only one line, and by the time the film appeared in theaters, even that line had been removed.",misunderstood,mandatory,intriguing,fascinating,trivial,inessential,,,,E|F,E|F,,,TCSE_51-100.pdf
S096Q09,96,medium,9,SE,"Although _____ to please his audiences, Mozart was, at the same time, fully aware of his musical genius and had no intention of compromising his music.",disposed,loath,disinclined,eager,keen,compelled,,,,D|E,D|E,,,TCSE_51-100.pdf
S096Q10,96,medium,10,SE,"It is true that science, and more particularly scientists, _____ cherished paradigms with great reluctance and that when they do, scientific revolutions may result.",unify,share,cede,embrace,dismantle,relinquish,,,,C|F,C|F,,,TCSE_51-100.pdf
S097Q01,97,medium,1,TC1,"Even months after massive storm, there remained a heavy, suspended sediment load in the surface water overlying the coral reef, the _____ water a testament to the storm’s effects.",turbid,stagnant,fathomless,turbulent,brackish,,,,,A,A,,,TCSE_51-100.pdf
S097Q02,97,medium,2,TC1,"Later in the book, the author takes pains to _____ the claims she had made earlier, as though she recognizes their implausibility and wants to quell skepticism by narrowing their scope.",qualify,apply,reiterate,verify,jettison,,,,,A,A,,,TCSE_51-100.pdf
S097Q03,97,medium,3,TC2,No one (i)_____ that building a ship powered by black holes or dark matter would be a formidable task. Yet remarkably there seems to be nothing in our present understanding of physics that (ii)_____ our doing so.,believes,admits,disputes,anticipates,necessitates,precludes,,,,C|F,C|F,,,TCSE_51-100.pdf
S097Q04,97,medium,4,TC2,"Because the writer emphasizes the (i)_____ of certain engineers whose contributions have been overlooked, her history of technology will not, like many of its predecessors, be a survey (ii)_____ the most celebrated achievements in the field.",mediocrity,importance,anonymity,comprising,underestimating,downplaying,,,,B|D,B|D,,,TCSE_51-100.pdf
S097Q05,97,medium,5,TC3,"It is only recently that emotion has attracted any substantial scholar attention, with historians lagging behind anthropologists, sociologists, and philosophers in their willingness to (i)_____ emotion as subject worthy of scholarly attention. In the past, scholars viewed emotion as a natural and essential force that (ii)_____ analysis—a strictly private matte—and therefore (iii)_____ social life and the stuff of research.",recognize,overlook,repudiate,enlivened,defied,sustained,requisite for,extraneous to,synonymous with,A|E|H,A|E|H,,,TCSE_51-100.pdf
S097Q06,97,medium,6,TC3,"The art of letter writing is like the art of acting in that it is the impression of (i)______ which usually makes a performance convincing. Great letter writers, like great actors, have a gift for (ii)_____, for the here and now, the depth of expression depending on its closeness to actual processes of thought. By these criteria Ellen Terry was a remarkable letter writer indeed: her letters invariably have an air of (iii)_____.",spontaneity,mastery,sympathy,compassion,exaggeration,immediacy,confidence,improvisation,sensitivity,A|F|H,A|F|H,,,TCSE_51-100.pdf
S097Q07,97,medium,7,SE,"Patterson thought the waste leaking into the river was _____ situation: by contrast, judging from their silence on the matter, the owners of the factory felt the problem did not require immediate action.",a lingering,a convoluted,a pressing,an enervating,an exigent,an intricate,,,,C|E,C|E,,,TCSE_51-100.pdf
S097Q08,97,medium,8,SE,"Some historians represent the East India Company as _____ participant in political and military conflict in India, only taking an interest in territorial power and revenue as a last-ditch effort to protect its trading activities.",a shrewd,an ineffectual,an irregular,a canny,a reluctant,an unwilling,,,,E|F,E|F,,,TCSE_51-100.pdf
S097Q09,97,medium,9,SE,"Very few companies take the trouble to discover where the wood in their products originates, consumers do not demand this information, and consequently _____ regarding illicit timber has become the norm.",greed,indifference,outrage,timidity,apprehension,apathy,,,,B|F,B|F,,,TCSE_51-100.pdf
S097Q10,97,medium,10,SE,Scientists are investigating odors so faint that people cannot _____ them in order to see whether such odors can nevertheless change the way people interact.,tolerate,endure,avoid,dispel,detect,discern,,,,E|F,E|F,,,TCSE_51-100.pdf
S098Q01,98,hard,1,TC1,"By cosmic standards, Earth and its fellow terrestrial planets are chemical _____: they consist of primarily four elements (iron, magnesium, silicon, and oxygen) that are rare elsewhere in the universe.",prototypes,mavericks,malefactors,paragons,old-timers,,,,,B,B,,,TCSE_51-100.pdf
S098Q02,98,hard,2,TC1,"Because of the newspaper’s _____ joint bylines, lots of reporters were compelled to do anonymous work on stories credited to other people.",toleration of,aversion to,instigation of,endorsement of,leniency toward,,,,,B,B,,,TCSE_51-100.pdf
S098Q03,98,hard,3,TC2,"While the philosopher was known for valuing (i)_____ in the classroom, she was also, by contrast, a scrupulous and patient reviser, who (ii)_____ her lectures for print.",predictability,spontaneity,correctness,superficially proofread,haphazardly adapted,laboriously reworked,,,,B|F,B|F,,,TCSE_51-100.pdf
S098Q04,98,hard,4,TC2,"Catherine the Great comes across in her memoirs as (i)_____ ruler with a razor-sharp intellect, letting nothing stand in the way of her ambitions. In short, the impression the memoirs give is entirely in accord with her reputation for being (ii)_____.",an oblivious,an uncompromising,a moralistic,ambivalent,benevolent,formidable,,,,B|F,B|F,,,TCSE_51-100.pdf
S098Q05,98,hard,5,TC3,"Despite the (i)_____ in negotiations apparently signaled by the recent agreement between the two neighboring countries, the countries remain (ii)_____ even about the import of that agreement. One wants to prolong agreed—to resumption of limited cross—border traffic, believing it can become entrenched as a new status quo. The other, by contrast, insists that the resumption is (iii)_____ and has been undertaken voluntarily and provisionally in order to show goodwill.",progress,stalemate,setbacks,unreconciled,vague,flexible,requisite,temporary,advantageous,A|D|H,A|D|H,,,TCSE_51-100.pdf
S098Q06,98,hard,6,TC3,"One of the fundamental problems with learning mathematics is that while the number sense may be (i)_____, exact calculation requires cultural tools—symbols and algorithms—that are relatively new and must therefore be absorbed by areas of the brain designed for other purposes, which is easier when what we are learning (ii)_____ our built-in circuitry. With an understanding of it we can at least (iii)_____ our teaching methods by reflecting on the constraints it imposes.",innate,modern,complex,harmonizes with,intrudes on,goes beyond,preserve,discard,adapt,A|D|I,A|D|I,,,TCSE_51-100.pdf
S098Q07,98,hard,7,SE,"The tribes’ _____ a settled mode of living was derived from their long-standing traditions, which, though differing from one tribal group to another, always included a resistance to nomadic lifestyles.",curiosity about,proclivity toward,predilection for,unfamiliarity with,rejection of,disdain for,,,,B|C,B|C,,,TCSE_51-100.pdf
S098Q08,98,hard,8,SE,"In politics, tactical calculations about which groups a candidate should appeal to are never pleasant, but they are not always _____, and sometimes they are necessary.",injudicious,sleazy,effective,sordid,useful,exceptional,,,,B|D,B|D,,,TCSE_51-100.pdf
S098Q09,98,hard,9,SE,The spacecraft’s considerable heft forces an unusually _____ route that meanders through the solar system and depends on the gravitational pull of three heavenly bodies.,predetermined,circuitous,indirect,truncated,shortened,sequential,,,,B|C,B|C,,,TCSE_51-100.pdf
S098Q10,98,hard,10,SE,"According to some political analysts, the candidate’s occasionally rambling responses to questions suggest that she has been out of circulation for a while and her debating skills need to be _____.",honed,discredited,enhanced,reevaluated,remedied,de-emphasized,,,,A|C,A|C,,,TCSE_51-100.pdf
S099Q01,99,hard,1,TC1,"Although most of the lakes have merged, salinity levels are not _____ throughout the lake systems: an upward-trending salinity gradient extends southeast from Pelican Lake to East Stump Lake, a distance of nearly 80 kilometers.",known,equable,rising,problematic,unprecedented,,,,,B,B,,,TCSE_51-100.pdf
S099Q02,99,hard,2,TC1,"The novel presents him as a man who monitors his state of mind and emotions as though he were doing so _____, taking and thinking about himself as if he were someone else.",guiltily,instinctively,furtively,heedlessly,externally,,,,,E,E,,,TCSE_51-100.pdf
S099Q03,99,hard,3,TC2,The prosecutor belied his hard-boiled reputation by submitting (i)_____ queries to the witness and accepting in turn (ii)_____ responses.,innocuous,quizzical,impertinent,evasive,elaborate,informative,,,,A|D,A|D,,,TCSE_51-100.pdf
S099Q04,99,hard,4,TC2,"Proffering one increasingly improbable scene character after another, (i)_____ by the constraint of realism, the novel revels in this (ii)_____ by ever more brazenly defying its readers’ presumed expectations.",untrammeled,liberated,confined,exiguity,ponderousness,implausibility,,,,A|F,A|F,,,TCSE_51-100.pdf
S099Q05,99,hard,5,TC3,"Logically, one might assume that the nostalgia in which Guzman engages at times in his documentary about Chilean history would be (i)_____ critical reflection and thus leave the film intellectually flaccid. This conclusion would be (ii)_____, however, insofar as not all nostalgia necessarily results in a (iii)_____ of critical thought.",a motive for,a marker of,an impediment to,hasty,dilatory,warranted,reappropriation,distillation,stagnation,C|D|I,C|D|I,,,TCSE_51-100.pdf
S099Q06,99,hard,6,TC3,"Sometimes the criteria that are used to categorize nation-states are purely factual: for example, the denotation of a state as a coastal state or an inland state. But most state labels have a predominantly (i)_____ character. Labels such as failed state or democratic state tend to be accepted only by those who (ii)_____ the assumptions that (iii)_____ such a marker.",pejorative,functional,evaluative,share,flout,transcend,are necessarily distorted by,constitute the basis of,rarely make reference to,C|D|H,C|D|H,,,TCSE_51-100.pdf
S099Q07,99,hard,7,SE,"Until 1992, microprocessor types were identified by number, and for a long time they were considered so _____ that manufacturers would share design specifications for them.",fungible,interchangeable,perishable,integral,inimitable,essential,,,,A|B,A|B,,,TCSE_51-100.pdf
S099Q08,99,hard,8,SE,"The apparent simplicity of savanna or a prairie landscape is illusory, but the illusion takes real effort to _____ because much of what actually occurs in these places takes place underground.",dispel,acknowledge,confirm,disavow,dismiss,perceive,,,,A|E,A|E,,,TCSE_51-100.pdf
S099Q09,99,hard,9,SE,Lustig’s critics argue that what makes him a compelling public speaker is his practice of citing evidence that is merely suggestive in support of a claim and insisting that this evidence is _____.,invaluable,irrelevant,indubitable,immaterial,insignificant,incontrovertible,,,,C|F,C|F,,,TCSE_51-100.pdf
S099Q10,99,hard,10,SE,"The series of documentaries certainly does not promote the country’s recent diplomatic initiatives; in fact, some of the films appear to be _____ those initiatives.",commendations of,reparations of,tributes to,rationalizations of,denunciations of,indictments of,,,,E|F,E|F,,,TCSE_51-100.pdf
S100Q01,100,hard,1,TC1,"The professor’s tendency to commandeer faculty meetings to promote her personal agenda quickly inspired resentment among other faculty, who objected to such _____.",appropriation,obfuscation,caviling,vacillation,cronyism,,,,,A,A,,,TCSE_51-100.pdf
S100Q02,100,hard,2,TC1,"The assumption that children learn about science primarily in the classroom is so _____ that few scientists, educators or policymakers question it, despite an ever-growing body of evidence demonstrating that most science is learnt outside of school.",tenuous,subtle,irrefutable,pervasive,misconstrued,,,,,D,D,,,TCSE_51-100.pdf
S100Q03,100,hard,3,TC2,"Far from (i)_____ corporate influence on the academy, Taylor would like to see more of it; he is particularly (ii)_____ the idea of universities partnering with for-profit companies to sell online courses.",decrying,presuming,investigating,enamored of,judicious about,unnerved by,,,,A|D,A|D,,,TCSE_51-100.pdf
S100Q04,100,hard,4,TC2,"The shift from extraction to cultivation in forestry involves transforming the production of trees into a source of industrial productivity, leading to a greater degree of (i)_____ between biophysical nature on the one hand and industry on the other. In the process, nature is increasingly (ii)_____ industry and science.",separation,antagonism,entanglement,excluded from,appropriated by,superfluous to,,,,C|E,C|E,,,TCSE_51-100.pdf
S100Q05,100,hard,5,TC3,"Appreciating that mathematical notation presents a major roadblock to many students, some well-meaning educators (i)_____ them by (ii)_____ the use of notation; but this is an unfortunate detour, since practice with notation (iii)_____ the important skill of reasoning.",enrich,discourage,accommodate,mandating,accelerating,minimizing,compromises,promotes,circumvents,C|F|H,C|F|H,,,TCSE_51-100.pdf
S100Q06,100,hard,6,TC3,"Having an intense and long-standing culture of (i)_____, the company understandably has a reputation as the supreme corporate (ii)_____. But even by these standard, the degree of secrecy surrounding the company’s most recent research is (iii)_____.",impropriety,progress,privacy,anachronism,abomination,enigma,remarkable,predictable,counterproductive,C|F|G,C|F|G,,,TCSE_51-100.pdf
S100Q07,100,hard,7,SE,"If Wilson’s article style changed overtime, it was in the wrong retrograde direction, _____ experimentation and inclining toward works that seemed hobbled by a fear of risk.",belaboring,shunning,eschewing,overemphasizing,misconstruing,mocking,,,,B|C,B|C,,,TCSE_51-100.pdf
S100Q08,100,hard,8,SE,"Considering how difficult it is to prove or disprove the existence of life on Mars, which is practically our neighbor, it is quite _____ challenge to do the same for any Earthlike planets that might exist outside our solar system.",a formidable,an impossible,a hopeless,a daunting,an urgent,an immediate,,,,A|D,A|D,,,TCSE_51-100.pdf
S100Q09,100,hard,9,SE,"While it’s hard to know for sure, I suspect that the well-known authority’s silence on this contentious topic reflects the cautious _____ of a sensible scientist confronted with mixed data and mountains of speculation.",neutrality,impartiality,optimism,diffidence,commitment,buoyancy,,,,A|B,A|B,,,TCSE_51-100.pdf
S100Q10,100,hard,10,SE,"Very few companies take the trouble to discover where the wood in their products originate; consumers do not demand this information, and consequently _____ regarding illicit timber has become the norm.",greed,indifference,outrage,timidity,apprehension,apathy,,,,B|F,B|F,,,TCSE_51-100.pdf
S101Q01,101,easy,1,TC1,"A significant element of the Gothic genre, the literary grotesque is sometimes inaccurately discussed as if it were a _____ Gothic or, conversely, as if it were something entirely different from Gothic.",synonym for,characteristic of,counterweight to,ramification of,deviation from,,,,,A,A,Blank rule is graphical in the source PDF; inserted _____ at the visible blank position.,,TCSE_101-150.pdf
S101Q02,101,easy,2,TC1,"_____ is valuable in science, even when a scientific idea is true, it can be misused through grandiosity.",humility,experimentation,patience,cooperation,exposure,,,,,A,A,,,TCSE_101-150.pdf
S101Q03,101,easy,3,TC2,"Though she had some exposure to great art and high culture, it must be said the ultra athletic Marion Carstairs remained throughout her life primarily (i)_____ mental and artistic pursuits. She was by nature (ii)______.",a product of,indifferent to,obsessed with,neither bookish nor cerebral,a model of delicacy and refinement,both didactic and argumentative,,,,B|D,B|D,,,TCSE_101-150.pdf
S101Q04,101,easy,4,TC2,"At the heart of present-day studies computational authorship attribution lies the hypothesis that each author has so personal a writing style that it can function as stylistic DNA. Any given author style, in other words, is regarded as (i)______ and (ii)______ every other authors writing style.",stable,generative,unintentional,distinguishable from,related to,influenced by,,,,A|D,A|D,,,TCSE_101-150.pdf
S101Q05,101,easy,5,TC3,"When pulsars were first discovered, some of the astrophysicists involved briefly (i)_____ these types of stars might be (ii)______ extraterrestrial intelligence. Specifically, the pulsar’s periodic radiation pattern was initially interpreted as (iii)______ rather than—as it turned out to be—the natural product of the spinning of a neutron star.",ignored whether,thought that,disavowed that,suggestive of,unrelated to,evidence against,a deliberate hoax,an episodic phenomenon,a constructed code,B|D|I,B|D|I,,,TCSE_101-150.pdf
S101Q06,101,easy,6,TC3,"Scientists suspect that the impact with which a bat lands is a function of (i)_____. Bats that roost on hard cave ceiling must land (ii)_____ to avoid injury. By contrast, since foliage is (iii)_____, a hard landing won’t hurt, and might even give the bat time to make sure it has a good grip.",wind speed,roosting location,a bat’s size,quickly,softly,securely,plentiful,pliable,seasonal,B|E|H,B|E|H,,,TCSE_101-150.pdf
S101Q07,101,easy,7,SE,"Humanity’s struggle with bedbugs is ______: archaeologists have recovered remains of the parasites dating back 3,500 years to the time of the Egyptian pharaohs.",disconcerting,unexceptional,perennial,preordained,inevitable,long-standing,,,,C|F,C|F,,,TCSE_101-150.pdf
S101Q08,101,easy,8,SE,"The composer’s string quartets exhibit a structural ______ that seems to challenge the conventions of the string quartet genre, which have long been celebrated for their rigor and coherence.",austerity,restraint,uncertainty,ostentation,vitality,instability,,,,C|F,C|F,,,TCSE_101-150.pdf
S101Q09,101,easy,9,SE,"It is _____ and rather, surprising, for someone with a considerable background in philosophy, that Taylor fails to distinguish adequately between forms of communication and forms of knowledge.",reprehensible,inexplicable,deplorable,dangerous,typical,characteristic,,,,A|C,A|C,,,TCSE_101-150.pdf
S101Q10,101,easy,10,SE,"As a proponent of women’s traditional roles, Sarah Hale was adamant against women’s suffrage as thrusting women into an improper sphere; yet she _____ female textile strikers when they publicly protested their mistreatment at miles.",opposed,supported,criticized,championed,challenged,welcomed,,,,B|D,B|D,,,TCSE_101-150.pdf
S102Q01,102,medium,1,TC1,"A sunset, the poet asserted, is beautiful in part because it is _____: fleeting and never to be repeated.",expeditious,vibrant,transitory,evocative,archetypal,,,,,C,C,,,TCSE_101-150.pdf
S102Q02,102,medium,2,TC1,"The evidence depicts an _____ system of tree inspections and care, one in which the crucial job of spotting dangers is left to untrained workers, and essential repairs and pruning are delayed to save money.",overeager,ineffective,uneconomical,unflagging,intuitive,,,,,B,B,,,TCSE_101-150.pdf
S102Q03,102,medium,3,TC2,"Here was one of the main (i)_____ of oceanography during the first two decades after the Second World War. Support for oceanographic research was based on its utility for making war on other nation. Yet at the same time, oceanography retained an identity that tied it closely to (ii)_____.",fallacies,paradoxes,assumptions,international cooperation,military secrecy,naval strategy,,,,B|D,B|D,,,TCSE_101-150.pdf
S102Q04,102,medium,4,TC2,Ancient cart ruts found on Malta were created in soft limestone that begins to dissolve when exposed to rainfall. Their forms thus necessarily become (i)______ over time and their original features are (ii)______.,solidified,degraded,conspicuous,refined,replicated,obscured,,,,B|F,B|F,,,TCSE_101-150.pdf
S102Q05,102,medium,5,TC3,"Overall, fish farming may provide a (i)_____ wild fish stocks, but for certain species, the farmers cause a net loss of wild fish. Some fish farmers use upwards of five kilograms of wild fish as feed to grow one kilogram of carnivorous species like sea bass. Such (ii)_____ feed plus other environmental side effects undermine the expected (iii)_____ fish farming.",supplement to,rediscovery of,disruption of,appetite for,uncertainty regarding,optimism about,benefits of,impediments to,subtleties of,A|D|G,A|D|G,,,TCSE_101-150.pdf
S102Q06,102,medium,6,TC3,"At estimated 80 million adults in the United States use form of alternative medicine, from herbs and megavitamins to yoga and acupuncture. But while (i)_____ claims are made for these treatments, the scientific evidence for them often (ii)_____ studies and clinical trials, when they exist at all, can be (iii)_____ in design and too small to yield reliable insights.",unfounded,modest,sweeping,shows no inconsistencies,lags far behind,holds great promise on,shoddy with,clever,conventional,C|E|G,C|E|G,,,TCSE_101-150.pdf
S102Q07,102,medium,7,SE,"Since Venus and Earth are so similar in their mass and density, Mueller suggested that the two planets have similar compositions and, therefore there must be surface features on Venus that have terrestrial _____.",causes,consequences,counterparts,parallels,properties,outcomes,,,,C|D,C|D,,,TCSE_101-150.pdf
S102Q08,102,medium,8,SE,"It turns out that the seeming spontaneity of his letter actually involved a good deal of _____: the writer carefully revises them before mailing them, and he worked hard to establish the right tone.",deliberation,whimsicality,inventiveness,effort,capriciousness,consideration,,,,A|F,A|F,,,TCSE_101-150.pdf
S102Q09,102,medium,9,SE,"There is _____ quality to Beryl Bainbridge’s best novels, what Hilary Martel calls “an air of mystery, as if something has been inked in and then sponged away, leaving a faint trace for the reader to pick up”.",an elegiac,a cryptic,a deceptive,a plaintive,an elusive,a mesmerizing,,,,B|E,B|E,,,TCSE_101-150.pdf
S102Q10,102,medium,10,SE,"Another challenge to biologists and land-use planners alike is that while human-induced changes to the landscape are somethings _____, they can nevertheless drastically alter the habitat for some plants and animals.",indisputable,inappropriate,unacceptable,unfathomable,imperceptible,indiscernible,,,,E|F,E|F,,,TCSE_101-150.pdf
S103Q01,103,medium,1,TC1,"The sand paintings that McCall created—a synthesis of painting, sculpture, and photography— were meant to be _____, preserved only in the memories of witnesses.",archetypal,incendiary,ephemeral,naturalistic,dazzling,,,,,C,C,,,TCSE_101-150.pdf
S103Q02,103,medium,2,TC1,"From its nineteenth-century beginnings onward, photography was often tasked with providing _____ images of individuals, yet at the same time, photographs were prized for their perceived realism and truthfulness.",recognizable,candid,idealized,replicable,detailed,,,,,C,C,,,TCSE_101-150.pdf
S103Q03,103,medium,3,TC2,"Psychologists note that in making purchase decisions, consumers often unconsciously use mental shortcuts, such as familiarity with a brand name to (i)_____ routine problems efficiently. Thus, part of what companies aim for developing a brand is very specifically to (ii)_____ consumers’ conscious thought.",identify,resolve,postpone,amplify,ascertain,circumvent,,,,B|F,B|F,,,TCSE_101-150.pdf
S103Q04,103,medium,4,TC2,"The claim that large budget deficits significantly depress private investment and thereby hurt future wages and living standards is (i)_____; in reality, the (ii)_____ effects of budget deficits are tiny.",fallacious,incomprehensible,incontrovertible,adverse,unforeseen,ameliorable,,,,A|D,A|D,,,TCSE_101-150.pdf
S103Q05,103,medium,5,TC3,"The essential difference between writing nonfiction and fiction is that the artist can (i)_____ a completed vision of the world, while the journalist never can, the real world being always (ii)_____. Art provides freedom from the bewildering complexities of constant change. Indeed, it is the very (iii)_____ of well-wrought fiction that can sometimes make it fell more real than reality.",shun,correct,realize,diverting,tragic,unfinished,popularity,rarity,clarity,C|F|I,C|F|I,,,TCSE_101-150.pdf
S103Q06,103,medium,6,TC3,"Excitement is often considered anathema in science writing because it interjects the scientist’s emotion and values into the work. Indeed, one should not be too quick to (i)_____ of science. At the same time, however, this (ii)_____ stance can occasionally be (iii)_____, cloaking more than it reveals.",evaluate the principles,embrace the rhetoric,abandon the objectivity,unpopular,dispassionate,inflexible,misleading,unnecessary,haphazard,C|E|G,C|E|G,,,TCSE_101-150.pdf
S103Q07,103,medium,7,SE,"While merchants and bankers in thirteen-century Europe quickly embraced the Hindu-Arabic numeral system, the governing authorities were less _____ it.",persuaded by,guarded about,captivated by,open-minded about,inhibited about,enamored of,,,,C|F,C|F,,,TCSE_101-150.pdf
S103Q08,103,medium,8,SE,"It’s true that occasional _____ entries might have been edited without damaging the diary’s overall impact, but the very completeness of Clara’s eloquent reflections conveys a strong sense of the density of a young woman’s experiences.",verbose,redundant,long-winded,curt,mundane,laconic,,,,A|C,A|C,,,TCSE_101-150.pdf
S103Q09,103,medium,9,SE,"Berwick, middle-aged, soft-spoken, and _____, with a keen sense of how to use this apparent ordinariness to his advantage, began with a gripping story about how a firefighter saved himself during a forest fire by using a completely improbable tactic.",imperturbable,implacable,unimaginative,unprepossessing,unremarkable,unruffled,,,,D|E,D|E,,,TCSE_101-150.pdf
S103Q10,103,medium,10,SE,"Because the literary club often trumpeted itself as a sanctuary for temperate discussion, visitors were startled by the frequently _____ tone of its recent debates.",blunt,ingratiating,acerbic,unctuous,vitriolic,bombastic,,,,C|E,C|E,,,TCSE_101-150.pdf
S104Q01,104,hard,1,TC1,"The tenor of Me, as indicated by the title, tends to be _____, sometimes insufferably so.",self-effacing,panegyric,vainglorious,discursive,overmodest,,,,,C,C,,,TCSE_101-150.pdf
S104Q02,104,hard,2,TC1,"The main thrust of her argument was that wage difference, far from being _____, do in fact reflect education, skills, experience, and other factors that make employees more productive.",rational,divergent,arbitrary,discernible,attributable,,,,,C,C,,,TCSE_101-150.pdf
S104Q03,104,hard,3,TC2,"Journalist Michael Pollan is nothing if not (i)_____, committed to investigating our eating habits through (ii)_____ and unwilling to pass judgment on any food-related practice that he has not witnessed firsthand or even joined in.",an empiricist,a traditionalist,an enthusiast,brilliant theorizing,voluminous reading,careful observation,,,,A|F,A|F,,,TCSE_101-150.pdf
S104Q04,104,hard,4,TC2,"Scientists suspect that athletes may experience augmented bloodstream levels of the hormone oxytocin during competition. (i)_____ considerations, however, make it difficult to (ii)_____ oxytocin levels during sports events: few will willingly interrupt player in the middle of a game in order for scientists to test players’ blood.",practical,theoretical,ethical,predict fluctuations of,quantify changes in,trigger elevation of,,,,A|E,A|E,,,TCSE_101-150.pdf
S104Q05,104,hard,5,TC3,"Give a computer (i)_____ task—winning at chess, say, or predicting the weather—and the machine bests humans nearly every time. Yet when problems are (ii)_____, or require combining varied sources, computers are (iii)_____ human intelligence.",a well-defined,a random,an open-ended,nuanced,inconsequential,solvable,no match for,unyielding to,able to dwarf,A|D|G,A|D|G,,,TCSE_101-150.pdf
S104Q06,104,hard,6,TC3,"With the grand ambition of sending unbreakable coded messages, some physicists are using exotic tools—quantum mechanics and streams of individual photons—to shut out (i)_____. But a wire and a few resistors may (ii)_____ a message as securely, according to a physicist who claims to have devised a simple and uncrackable scheme. The idea shows that more (iii)_____ methods might compete with budding quantum cryptography.",inaccurate transmissions,pernicious influences,prying eyes,convey,decode,intercept,mundane,complex,celebrated,C|D|G,C|D|G,,,TCSE_101-150.pdf
S104Q07,104,hard,7,SE,"Contrary to popular myth, cockroaches are not especially tough or radiation resistant; indeed, they are pretty _____ as insects go.",harmless,average,strong,undistinguished,weak,hardy,,,,B|D,B|D,,,TCSE_101-150.pdf
S104Q08,104,hard,8,SE,Scientific discovery calls for a difficult balance: intrepid advocacy of new ideas must often be _____ by the results of self-imposed trials.,tempered,moderated,unhampered,preempted,superseded,prefaced,,,,A|B,A|B,,,TCSE_101-150.pdf
S104Q09,104,hard,9,SE,"Reuters are not against _____ noteworthy architecture but suggests a cap on the amount to be protected at any one time: if you want to protect another ancient building, one should come off the list.",preserving,rehabilitating,promoting,restoring,emulating,safeguarding,,,,A|F,A|F,,,TCSE_101-150.pdf
S104Q10,104,hard,10,SE,Jaime Javier Rodriguez notes that popular art forms often conceal a daunting complexity: frequently what appears _____ becomes intricate and challenging when closely examined.,tedious,canned,convoluted,vacuous,tortuous,formulaic,,,,B|F,B|F,,,TCSE_101-150.pdf
S105Q01,105,hard,1,TC1,"Although not enough to _____ the conventional view of the manuscript’s provenance, the new study was thought to have weakened the prevailing theory considerably.",undermine,affect,resurrect,disturb,topple,,,,,E,E,,,TCSE_101-150.pdf
S105Q02,105,hard,2,TC1,"The economist argued that however much the government might trumpet the value of _____, it had been as bold as any other in its spending programs.",thrift,consumption,dialogue,cooperation,transparency,,,,,A,A,,,TCSE_101-150.pdf
S105Q03,105,hard,3,TC2,"She knew well, from experience with hundreds of hired crew members on her boats, how (i)_____ attitudes can be: one negative influence can impel an otherwise (ii)_____ member of a crew to quit.",insipid,infectious,innocuous,untested,captious,contented,,,,B|F,B|F,,,TCSE_101-150.pdf
S105Q04,105,hard,4,TC2,"Recently the novelist has (i)_____ the radically experimental forms with which he made his reputation in favor of more (ii)_____ narratives, fencing in and turning an imagination meant to run wild.",trumpeted,forsaken,replicated,conventional,pretentious,provocative,,,,B|D,B|D,,,TCSE_101-150.pdf
S105Q05,105,hard,5,TC3,"It is plausible to regard a collection of letters spanning youth and old age as (i)_____ of autobiography: the precession of characters who inhabit a life and a chronology of incidents turn up reliably in either form. Yet autobiography, even when ostensibly steeped in candor, tends toward (ii)_____ through later perspectives, afterwords, and second thoughts, whereas letters have an undeniable (iii)_____, offering select glimpses of the fraught and living moment.",an approximation,a precursor,the antithesis,concision,reconsideration,sensationalism,sensitivity,immediacy,formality,A|E|H,A|E|H,,,TCSE_101-150.pdf
S105Q06,105,hard,6,TC3,"The nature of our recollection is (i)_____. One memory can seem (ii)_____ whereas another must be coaxed out of our brain little by little. Although a moment that excites our emotions is more likely to be recorded than a (iii)_____ experience, the sensory qualities of an event also play a part in how vividly and accurately we remember it.",inaccurate,inconsistent,insignificant,vague and spotty,immediate and colorful,unreliable and elusive,riveting,traumatic,routine,B|E|I,B|E|I,,,TCSE_101-150.pdf
S105Q07,105,hard,7,SE,"Many theorists believe that measures to prevent industrial pollution necessarily increase production costs, but several recent reports document innovations that _____ environmental harm while also delivering economic benefits.",offset,preclude,disclose,mitigate,curtail,divulge,,,,D|E,D|E,,,TCSE_101-150.pdf
S105Q08,105,hard,8,SE,"A closer examination of the author’s footnotes explains the datedness of his argument: he has ignored most of the recent work in the field, drawing instead mainly on research that is now decidedly _____.",familiar,germane,obsolete,relevant,discredited,outmoded,,,,C|F,C|F,,,TCSE_101-150.pdf
S105Q09,105,hard,9,SE,"The environmental threat posed by the New Zealand mud snail, an invasive species, is _____ by the snail’s small size, which facilitates its spread across watersheds through human activity.",initiated,ameliorated,exacerbated,extenuated,mitigated,aggravated,,,,C|F,C|F,,,TCSE_101-150.pdf
S105Q10,105,hard,10,SE,"Although the Kuiper Belt—the icy region of the solar system where Pluto orbits—was once much more crowded, today it has such a low density of objects that collisions between them are _____.",inconsequential,ongoing,unthinkable,improbable,continuous,unlikely,,,,D|F,D|F,,,TCSE_101-150.pdf
S106Q01,106,hard,1,TC1,"Geologists suggest that as the most productive oil reservoirs begin to dry up, the expensive cost and high risk of drilling in the marginal area become less _____ and more acceptable.",onerous,efficacious,auspicious,benign,natural,,,,,A,A,,,TCSE_101-150.pdf
S106Q02,106,hard,2,TC2,"Evidence suggest that populations of migratory birds in both the New and Old Worlds have (i)_____, a (ii)_____ that carries the potential for significant ecological damage far beyond the shrinking numbers of the birds themselves.",scattered,stabilized,plummeted,dispersal,decline,displacement,,,,C|E,C|E,,,TCSE_101-150.pdf
S106Q03,106,hard,3,TC2,"Even though company’s CEO professes to be (i)_____ and urges the deal forward, its investors are unlikely to be so (ii)_____ about its prospect. Many were uncomfortable at the way the corporation was forced to spend much of last year expansion, and this new venture is potentially even more risky.",apprehensive,apathetic,confident,indifferent,sanguine,anxious,,,,C|E,C|E,,,TCSE_101-150.pdf
S106Q04,106,hard,4,TC2,"Among the most popular Currier&levs lithographic prints in nineteenth-century America were bird’s-eye views of great cities such as New York, Chicago, and San Francisco. These were edited into books, and the cities’ (i)_____ meant that new views were (ii)_____ for successive editions.",tremendous productivity,extraordinary growth,unparalleled activity,hard to obtain,rendered superfluous,regularly required,,,,B|F,B|F,,,TCSE_101-150.pdf
S106Q05,106,hard,5,TC3,"Dirac may have (i)_____ the company of other theoretical physicals, but he often (ii)_____, rarely (iii)_____ group discussions and almost never collaborating with others in his own work.",appreciated,analyzed,spurned,kept them at a distance,welcomed their company,pondered their insights,cutting off,contributing to,shrinking from,A|D|H,A|D|H,,,TCSE_101-150.pdf
S106Q06,106,hard,6,TC3,"Environmental models—mathematical representations designed to stimulate natural systems— are regularly used by litigants in legal disputes over environmental issues. Unfortunately, the (i)_____ scientific model is (ii)_____ in environmental tort litigation. Because of the adversarial nature of litigation, models are often used by one side to (iii)_____ empirical evidence presented by the other. And because modeling is a particularly technical field, the task of asserting a given model’s relevance and reliability may exceed the abilities of judge and juries.",evidentiary value of,uncertainty inherent in,increasing reliance on,avoided,predictive,exacerbated,adduce,obfuscate,replicate,B|F|H,B|F|H,,,TCSE_101-150.pdf
S106Q07,106,hard,7,SE,"Williams finds the appearance of Whitman’s Leaves of Grass in 1855 nearly _____ given the immense disparity between Whitman’s earlier published works, which Williams finds dismal, and the consummate mastery of Leaves.",oracular,prophetic,inevitable,inexplicable,inauspicious,incomprehensible,,,,D|F,D|F,,,TCSE_101-150.pdf
S106Q08,106,hard,8,SE,"Carr insists that the so-called information society might be more accurately described as the interruption society: it _____ attention, the scarcest of all resources, and stuffs the mind trivia.",guards,protects,diverts,destroys,annihilates,transcends,,,,D|E,D|E,,,TCSE_101-150.pdf
S106Q09,106,hard,9,SE,"Of all the singer’s works, this album is the most dependent on the musical conventions of her day; it was both the least _____ of her albums and the most commercially successful.",personal,well-known,experimental,innovative,acclaimed,recognizable,,,,C|D,C|D,,,TCSE_101-150.pdf
S106Q10,106,hard,10,SE,"The environmental advocacy group pushed for a single, overarching wetlands management plan that would _____ the existing efforts of various entities, resulting in a focused blueprint for saving the area’s wetlands.",combine,meld,undermine,spearhead,support,subvert,,,,A|B,A|B,,,TCSE_101-150.pdf
S107Q01,107,medium,1,TC1,"Once so fluid, the political situation had, two years after the declaration of the Republic, _____ so much that further change seemed inconceivable.",revitalized,warmed,intensified,clotted,destabilized,,,,,D,D,,,TCSE_101-150.pdf
S107Q02,107,medium,2,TC1,"Paul Robeson. Jr. wrote that his father was a flesh-and-blood artist whose accomplishments made him susceptible to hagiographic treatment by potential biographers. Robeson’s achievements were real, and there was no need for _____.",disclosure,hyperbole,retraction,muckraking,reticence,,,,,B,B,,,TCSE_101-150.pdf
S107Q03,107,medium,3,TC2,"The scientists who first proposed that Moon’s craters had resulted from impacts (i)_____: almost all of these craters were circular, and yet most impactors in heliocentric orbit would have an oblique path and hence would be expected to form (ii)_____ craters.",devised a theory,misinterpreted a finding,confronted difficulty,massive,elongated,shallow,,,,C|E,C|E,,,TCSE_101-150.pdf
S107Q04,107,medium,4,TC2,"When the United States government created the Post Office at the founding of the republic, it didn’t invite rival postal firms to compete; in fact, it created a monopoly. That monopoly, however, was (i)_____ free expression because of policies Congress adopted, which (ii)_____ the circulation of newspapers irrespective of their viewpoint and spread postal service throughout the country.",conducive to,threatened by,dependent on,subsidized,limited,trivialized,,,,A|D,A|D,,,TCSE_101-150.pdf
S107Q05,107,medium,5,TC3,"The cowbird can seem a rather comical creature with a slow, awkward walk and often upraised tail. Less (i)_____ is the cowbirds’ habit of laying their eggs in the nests of other birds. The (ii)_____ nesters will usually accept the cowbird egg and raise the baby cowbird as their own. Unfortunately, cowbird eggs hatch sooner than the eggs of other species and the young cowbirds (iii)_____, using their size to their advantage in getting more food from the parents.",amusing,painful,galling,feckless,resistant,unwitting,grow quickly,leave the nest,share their food,A|F|G,A|F|G,,,TCSE_101-150.pdf
S107Q06,107,medium,6,TC3,"The scientist (i)_____ that the now familiar term “global warming” is (ii)_____, arguing that the atmospheric buildup of long-lived greenhouse gases is setting in motion centuries of shifts in climate patterns, coastlines, water resources, and ecosystems—hardly (iii)_____ one would describe with a gentle word like “warming”.",denied,complained,doubted,an exaggeration,a cliché,a misnomer,a transformation,an enigma,a signal,B|F|G,B|F|G,,,TCSE_101-150.pdf
S107Q07,107,medium,7,SE,"Nature-loving pilgrims from the eastern United States altered the country’s attitude toward California’s sequoia groves, transforming those stands of great trees from scientific curiosities to places of _____.",recreation,mystery,veneration,solitude,reverence,acclamation,,,,C|E,C|E,,,TCSE_101-150.pdf
S107Q08,107,medium,8,SE,"Established scientists recognize that peer review of manuscripts submitted to scientific journals is critical to science, but this recognition _____ a certain ambivalence in them, since reviewing takes time away from their research.",obviates,mitigates,engenders,tempers,induces,exacerbates,,,,C|E,C|E,,,TCSE_101-150.pdf
S107Q09,107,medium,9,SE,"Despite ______ leaving their old jobs behind, workers were eager to move because there were to be no layoffs under the union contract at the new location.",jubilation over,indifference to,misgivings about,outrage over,trepidation over,enthusiasm for,,,,C|E,C|E,,,TCSE_101-150.pdf
S107Q10,107,medium,10,SE,"After the Turkish Republic was established, traditional hamams (bathhouses) seemed to many Turks to be outmoded, but thanks to tourism, hamams have experienced a _____, becoming important cultural sites for foreign and Turkish visitors alike.",proliferation,retrenchment,transformation,revival,slump,renaissance,,,,D|F,D|F,,,TCSE_101-150.pdf
S108Q01,108,hard,1,TC1,"Wood is an environmentally friendly building material because it _____ carbon dioxide, absorbing it during growth and retaining it even after it has been turned into lumber.",disperses,eradicates,sequesters,respires,regulates,,,,,C,C,,,TCSE_101-150.pdf
S108Q02,108,hard,2,TC1,"Despite the fact that it is quite difficult to find, in everyday discourse, causal explanations taking the form Hume proposed, many philosophers have regarded Hume’s model as _____ causal accounts.",paradigmatic of,unworkable for,tendentious about,superfluous to,irreducible to,,,,,A,A,,,TCSE_101-150.pdf
S108Q03,108,hard,3,TC2,Goodin notes that people have (i)_____ cognitive capacities and that they therefore must consider some factors as (ii)_____ so as to be able to make decisions about other things.,limited,adaptable,overlooked,essential,variable,given,,,,A|F,A|F,,,TCSE_101-150.pdf
S108Q04,108,hard,4,TC2,Some people (i)_____ translations of great literary works—especially those insistent on a literal translation for whom no rendering is ever (ii)_____ enough.,dismiss,tolerate,esteem,faithful,creative,spontaneous,,,,A|D,A|D,,,TCSE_101-150.pdf
S108Q05,108,hard,5,TC2,"It was not until 1995 that a planet beyond our solar system was first sighted, a discovery that greatly excited astronomers. Many had supposed that the processes that gave rise to our solar system were not (i)_____, and that there were other planets in the universe. Now, observations had (ii)_____.",manifest,replicable,unique,caught up with belief,provided grounds for skepticism,put assumptions to the test,,,,C|D,C|D,,,TCSE_101-150.pdf
S108Q06,108,hard,6,TC3,"The longer the migratory route, the more fat migrating birds must accumulate as fuel for their flight. The gain in body mass would make birds obese by human standards, and should render them unable to fly, but this gain is (i)_____ premigratory (ii)_____ of digestive organs, inactive during migration, and by the (iii)_____ of the muscles that power the flight.",partially offset by,strongly suggestive of,seemingly unrelated to,shrinking,specialization,capacity,strengthening,attenuation,responsiveness,A|D|G,A|D|G,,,TCSE_101-150.pdf
S108Q07,108,hard,7,SE,"In spite of her fascination with chance, coincidence, and contingency, Stanning’s novels are _____ constructed, written from the head rather than the heart.",hastily,extravagantly,painstakingly,meticulously,evocatively,impulsively,,,,C|D,C|D,,,TCSE_101-150.pdf
S108Q08,108,hard,8,SE,"Although traditionally artists have rightly been seen as the most _____ audience for the work of their colleagues, today taste is also created by critics and curators and occasionally by collectors.",arbitrary,volatile,perceptive,impulsive,subjective,discerning,,,,C|F,C|F,,,TCSE_101-150.pdf
S108Q09,108,hard,9,SE,"Every serious attempt at a historical portrait of the past will subtly absorb the milieu and temperament of its living author, however _____ he or she sets out to be.",entertaining,comprehensive,objective,engaging,rigorous,impartial,,,,C|F,C|F,,,TCSE_101-150.pdf
S108Q10,108,hard,10,SE,"Although we no longer have to rely on salt to keep food from spoiling, our appetite for it is _____: most people eat much more salt than they need.",involuntary,inconstant,unabated,unpredictable,undiminished,insatiable,,,,C|E,C|E,,,TCSE_101-150.pdf
S109Q01,109,medium,1,TC1,"Because of its _____, DNA can be invaluable as exculpatory evidence following a criminal conviction: it can be reliably tested years after a crime has occurred.",versatility,recognizability,durability,verifiability,distinctiveness,,,,,C,C,,,TCSE_101-150.pdf
S109Q02,109,medium,2,TC1,"Throughout the High Middle Ages, the English government became increasingly _____: the document produced in the eleventh century could be placed on one large table, while the documents produced in the thirteenth fill whole rooms.",despotic,ceremonial,aristocratic,prolix,insular,,,,,D,D,,,TCSE_101-150.pdf
S109Q03,109,medium,3,TC2,"Although strikes remain rarer in Britain than in many other European countries, and their economic impact is (i)_____ compared to the great upheavals of the 1970s and 1980s, their number has (ii)_____ after a few years of somewhat greater calm.",inconclusive,demoralizing,negligible,exploded,declined,revived,,,,C|F,C|F,,,TCSE_101-150.pdf
S109Q04,109,medium,4,TC2,"Many of us remember a time when discovery and the thrill of learning were forces in our lives and were (i)_____. Frequently that time happened in a great classroom somewhere, in the hands of the one (ii)_____ teacher we can each remember.",elusive,inconsequential,exciting,consummate,truculent,superfluous,,,,C|D,C|D,,,TCSE_101-150.pdf
S109Q05,109,medium,5,TC2,"Because it is discussed by humanities scholars from diverse disciplinary backgrounds, “affect” has been (i)_____ defined; nonetheless there has been (ii)_____ the terms “emotion” and “affect” across academic writing in the humanities.",clearly,variously,narrowly,a paucity of interest in,a variety of interpretations of,a consistent distinction between,,,,B|F,B|F,,,TCSE_101-150.pdf
S109Q06,109,medium,6,TC3,"Since the 1920s, historical fiction writers in China have emancipated the genre from the traditional notion that (i)_____ was the ultimate goal of history writing. Yet the traditional commitment to (ii)_____ was not simply (iii)_____: this new genre was expected to capture the essence of historical truth even as it allowed space for the writer’s imagination.",comprehensiveness,factuality,entertainment,veracity,thoroughness,pleasure,jettisoned,rationalized,acknowledged,B|D|G,B|D|G,,,TCSE_101-150.pdf
S109Q07,109,medium,7,SE,"Precipitation is not _____ in the Atacama Desert west of Andes mountains, and water scarcity is compounded by problems with water appropriation, the existence of agro pastoralists is in jeopardy.",regular,negligible,evident,consistent,insignificant,abundant,,,,A|F,A|F,,,TCSE_101-150.pdf
S109Q08,109,medium,8,SE,"What differentiates this book from more traditional works on grammar is that it reserves its _____ not for students of writing, bur for teachers who harbor unduly restrictive views.",mockery,skepticism,scolding,approbation,admonishment,commendation,,,,C|E,C|E,,,TCSE_101-150.pdf
S109Q09,109,medium,9,SE,"Like ants’ propensity to congregate on one food pile and neglect another, the human tendency to make choices that _____ the observed behavior of others is a self-reinforcing process.",imitate,confirm,avoid,emulate,inhibit,constrain,,,,A|D,A|D,,,TCSE_101-150.pdf
S109Q10,109,medium,10,SE,The difficulty of reforming electoral politics is not lack of right tools but the need to put them into the hands of impartial agents: the goal should be to build capacity while _____ partisanship.,expediting,constraining,facilitating,deterring,exacerbating,lamenting,,,,B|D,B|D,,,TCSE_101-150.pdf
S110Q01,110,medium,1,TC1,"Characteristic of the diplomat’s new book is the ______ relationship between the evidence adduced and the inferences drawn, the footnotes and citations teeming with ambiguity and complexity, while the summary statements are more dogmatic simplicities.",healthy,shifting,tenuous,compelling,plausible,,,,,C,C,,,TCSE_101-150.pdf
S110Q02,110,medium,2,TC1,"Notwithstanding a lack of _____, nineteenth-century anthologies such as Evert and George Duyckinck’s Cyclopaedia of American Literature represents serious attempts to collect the national writings up to that point as a way of establishing the viability of American letters.",bias,earnestness,rigor,ambition,ambiguity,,,,,C,C,,,TCSE_101-150.pdf
S110Q03,110,medium,3,TC2,"In his study of Senegambian cleric Shaykh Mass Kah (1827-1936), Bala S. K. Saho notes that it is difficult to fully (i)_____ many of the oral accounts on which the study relies. Saho’s work shows, however, that despite this absence of (ii)_____, oral history can provide useful sources from which historians can reconstruct the past.",comprehend,reproduce,validate,partiality,argumentation,corroboration,,,,C|F,C|F,,,TCSE_101-150.pdf
S110Q04,110,medium,4,TC2,"For a genre that’s supposed to be about the future, science fiction has certainly (i)_____ lately, (ii)_____ is what sells best, with readers spending their money on sequels to long-running series.",become quite pessimistic,been looking backward,anticipated technological developments,suspense,fantasy,nostalgia,,,,B|F,B|F,,,TCSE_101-150.pdf
S110Q05,110,medium,5,TC2,"The (i)______ current-generation solar cells are (ii)______: although experimental cells have reached efficiencies greater than 40 percent, most commercially available cells in the early part of the twenty-first century still struggle to get past about 20 percent.",attractions of,limitations of,improvements in,clear,unmatched,misunderstood,,,,B|D,B|D,,,TCSE_101-150.pdf
S110Q06,110,medium,6,TC3,"The amount of water flowing through United States streams has (i)_____ during this century, although without giving rise to more frequent floods, according to a new study by the United States Geological Survey. The country appears to be getting (ii)_____ even as its stream flow becomes less (iii)_____.",markedly declined,steadily increased,slowly stabilized,wetter,hotter,drier,benign,predictable,destructive,B|D|I,B|D|I,,,TCSE_101-150.pdf
S110Q07,110,medium,7,SE,"When it comes to arriving at brilliant ideas, filtering out distractions might well be _____: if a person’s mind is wandering, that person tends to outperform peers in a range of tasks in which flashes of insight are important.",indispensable,irrelevant,overrated,imperative,deleterious,counterproductive,,,,E|F,E|F,,,TCSE_101-150.pdf
S110Q08,110,medium,8,SE,"Matsui is an extremely _____ political tactician, as she generally will withhold her support for a political faction or a policy until she is confident it will prevail.",successful,dogmatic,shrewd,flexible,canny,rigid,,,,C|E,C|E,,,TCSE_101-150.pdf
S110Q09,110,medium,9,SE,"There is ample evidence that men and women think, express themselves, and even experience emotions differently, but in the area of sensory perception, psychologists are hard-pressed to identify major _____.",difficulties,innovations,discrepancies,challenges,incongruities,trends,,,,C|E,C|E,,,TCSE_101-150.pdf
S110Q10,110,medium,10,SE,Robbins’ accomplishment is not _____ one: her book makes the topic accessible to a general audience while still providing the sort of analysis that scholars demand.,a trivial,a fascinating,a questionable,an insignificant,an intriguing,an amusing,,,,A|D,A|D,,,TCSE_101-150.pdf
S111Q01,111,medium,1,TC1,"Unable to escape their own literary tradition, literary critics either become the ______ of that tradition or, on the contrary, use their knowledge of it to reinterpret writers and trends from new perspectives.",liberators,guardians,successors,antithesis,gadflies,,,,,B,B,,,TCSE_101-150.pdf
S111Q02,111,medium,2,TC1,"Not only was Jarry ______ the pandemonium his play sparkled, he actually worked to foment the conflict, organizing a posse to boo if the rest of the audience applauded and cheer if the other attendees booed.",riled by,surprised by,unperturbed by,critical of,detached from,,,,,C,C,,,TCSE_101-150.pdf
S111Q03,111,medium,3,TC2,"Boreal forest is at the southern boundary of the moss-dominated tundra, which remains characteristically treeless because its spongy surface retains water that cannot drain away through the underlying permafrost. But as temperatures rise the permafrost recedes, (i)______ the (ii)______ of forest.",impairing,facilitating,decelerating,renewal,incursion,decline,,,,B|E,B|E,,,TCSE_101-150.pdf
S111Q04,111,medium,4,TC2,"As late as the 1990s, Merry Wiesner Hanks argued that developments during the Reformation and the Enlightenment had (i)______ effects on the participation of women in the filed of medicine. She claimed that the (ii)______ Reformation and Enlightenment women left female health’s practitioners restricted to assisting in an unpaid and unrecognized capacity.",dire,positive,ambiguous,unchanging opportunities for,worsening positions of,reader respect for,,,,A|E,A|E,,,TCSE_101-150.pdf
S111Q05,111,medium,5,TC3,"There is (i)______ evidence that the giant African land snail a. fulica is a serious threat to the spread of human disease. Giant snails do carry rat lungworm—infection by which is a common cause of meningitis—but so do many other snail species. Moreover, if the threat posed by a. fulica were (ii)______, one would expect to see an increase in disease rates (iii)______ a rise in the spread of snails. However, in places like New Caledonia, explosions in giant snail populations have coincided with a fall in the number of meningitis cases.",abundant,ambiguous,little,contained,recognized,major,corresponding to,predating,giving way to,C|F|G,C|F|G,,,TCSE_101-150.pdf
S111Q06,111,medium,6,TC3,"There is no sense trying to rehabilitate the reputation of the mosquito; nobody loves such a creature. But it’s (i)______ to (ii)______ all 2,600 described species of mosquito when it’s just 80 or so—3 percent that drink human blood. Among those 2,520 relatively (iii)______ kinds of mosquitoes, there’s even one we’d like to see in greater numbers: Taxorhynchites, the mosquito that eats other mosquitoes.",rare,necessary,unfair,malign,represent,commend,blameless,pernicious,valuable,C|D|G,C|D|G,,,TCSE_101-150.pdf
S111Q07,111,medium,7,SE,"We should be more ______ than we often are when making claims about antiquity—for example, the common statement, “The ancient Athenians invented democracy,” is simply not true when put like that.",skeptical,credulous,precise,trusting,equivocal,circumspect,,,,C|F,C|F,,,TCSE_101-150.pdf
S111Q08,111,medium,8,SE,"The author advocates a diminished role for philosophy, aiming to show that many of the questions traditionally debated among philosophers can be ______ the realm of scientific inquiry.",ceded to,inferred from,relevant to,initiated by,germane to,left to,,,,A|F,A|F,,,TCSE_101-150.pdf
S111Q09,111,medium,9,SE,"With regard to verity, neutrality, and transparency, nothing about the Internet makes it any different than Gutenberg’s printing press, which could serve ______ just as well as truth.",fantasy,bureaucracy,protocol,disinformation,mendacity,panic,,,,D|E,D|E,,,TCSE_101-150.pdf
S111Q10,111,medium,10,SE,"As astronomers do not yet have a good understanding of the fundamental nature of dark matter, it should not be a surprise that astronomy students’ ideas about dark matter are, at best, ______.",superficial,sketchy,inconsistent,mistaken,outdated,far-fetched,,,,A|B,A|B,,,TCSE_101-150.pdf
S112Q01,112,medium,1,TC1,"Behavior dubbed reprehensible by the residents of the region is considered conventional, even ______ by those of the neighboring region; fortunately, people traveling between the two are resigned to this disparity.",eccentric,compulsory,innovative,unconscionable,transparent,,,,,B,B,,,TCSE_101-150.pdf
S112Q02,112,medium,2,TC1,"Though acquaintances are first overwhelmed by his ______, they soon appreciate that, contrary to appearances, he is not without self-interest.",egotism,magnanimity,ambition,profligacy,brilliance,,,,,B,B,,,TCSE_101-150.pdf
S112Q03,112,medium,3,TC2,"Early in the development of ice age theories, physicists identified the processing( slow gyration) and wobbling of Earth’s spin axis as the likely drivers of the ice ages, but geologists (i)______, and even the painstaking work done in the 1920s and 1930s by Mihution Mplankovitch failed to (ii)______ of many of the day’s geological experts.",demurred,acquiesced,expatriate,anticipate the ascent,assuage the qualms,acknowledge the consensus,,,,A|E,A|E,,,TCSE_101-150.pdf
S112Q04,112,medium,4,TC2,"As a longtime fan of the fashion photography Web site, I wasn’t sure if I wanted to see its images presented in a book, with all of the (i)______ that implies. What I’ve always enjoyed about the photos is their (ii)______: they are disposable snapshots of what’s going on in the world of style right now.",nonchalance,commercialism,permanency,elegant,ephemeral,mundane,,,,C|E,C|E,,,TCSE_101-150.pdf
S112Q05,112,medium,5,TC3,"This book cannot be evaluated properly without examining the author’s choice of format, which is the (i)______ of the format of standard academic works; here the photographs take center stage, with the text playing only a supporting role. This layout poses many dangers for the serious historian, not the least of which being the (ii)______ reception that academics—motivated partly by (iii)______ but also by genuine concern over scholarly standards—generally reserve for books apparently aimed at the popular market.",duplicate,epitome,inverse,scornful,deferential,good-natured,academic integrity,snobbish elitism,collegial sympathy,C|D|H,C|D|H,,,TCSE_101-150.pdf
S112Q06,112,medium,6,TC3,"Based on the evidence available, it would be (i)______ to insist on a wholly negative portrayal of King Prajadhipok. In his own writings and pronouncements as well as in firsthand accounts offered by others, Prajadhipok consistently emerges as (ii)______ and even-tempered, though (iii)______.",accurate,convenient,facile,whimsical,thoughtful,ingenious,unexceptional,vicious,innovative,C|E|G,C|E|G,,,TCSE_101-150.pdf
S112Q07,112,medium,7,SE,"Given that the department director was such a feeble contributor, sitting silently at important policy meetings and usually deferring to low-level aides, it was surprising that he had such a reputation for ______.",magnanimity,perspicacity,impartiality,detachment,benevolence,discernment,,,,B|F,B|F,,,TCSE_101-150.pdf
S112Q08,112,medium,8,SE,The book captures the ______ of several politicians who spoke publicly of old-time virtues in order to mask private vices.,probity,dissemblance,opportunism,rectitude,ingenuousness,duplicity,,,,B|F,B|F,,,TCSE_101-150.pdf
S112Q09,112,medium,9,SE,"Upon realizing that the indicators of a stressful situation can be extremely ______, the psychologist reconsidered her claim that a reliable way of reducing stress is to recognize stressful situations and then avoid them.",acute,exiguous,persistent,overstated,tenuous,unrelenting,,,,B|E,B|E,,,TCSE_101-150.pdf
S112Q10,112,medium,10,SE,"For wily political press officers, the art of spin is not quite supplanting truth with lies, but instead it aspires to replace awkward complexity with catchy ______; successful spin creates the impression of unavoidable common sense.",novelties,slogans,falsehoods,duplicity,simplicity,intelligibility,,,,E|F,E|F,,,TCSE_101-150.pdf
S113Q01,113,hard,1,TC1,"In 1831, a domestic insurrection that had stirred central Italy was squelched by the Austrian army, but while this invasion destroyed the immediate results of the movement, it could not ______ the insurrections causes, which continued to be felt.",ignore,extirpate,fathom,anticipate,underscore,,,,,B,B,,,TCSE_101-150.pdf
S113Q02,113,hard,2,TC1,"When he first hypothesized the neutrino, Wolfgang Pauli’s elation was not ______: he feared that he had postulated a particle that could not be detected though his concern turned out to be overblown.",unshared,untoward,unprecedented,unqualified,unjustified,,,,,D,D,,,TCSE_101-150.pdf
S113Q03,113,hard,3,TC2,"In the early 1990s, the discovery of a new microbe in wastewater led microbiologists to (i)______ ammonia’s conversion to nitrogen compounds. Called anammox (for anaerobic ammonia oxidation), the microbe was converting into nitrogen gas in the absence of oxygen, a reaction previously assumed to be (ii)______.",question existing dogma about,abandon efforts to facilitate,raise health concerns regarding,hazardous,irreversible,impossible,,,,A|F,A|F,,,TCSE_101-150.pdf
S113Q04,113,hard,4,TC2,"The so-called “good” translations of the historian’s major work—those that are (i)_____, in other words—give a very bad idea of the linguistic character of the author’s original writing, which is notoriously (ii)_____.",true to the original,committed to consistency,easy to read,indecorous,crabbed,lively,,,,A|E,A|E,,,TCSE_101-150.pdf
S113Q05,113,hard,5,TC3,"Thinking (i)______ about one’s choices can sometimes (ii)______ decision making. For example, in one study in which college students selected their favorite poster from a set, those asked to explain their selection ended up less (iii)______ their choices than those who were not asked. Researchers concluded that thinking of reasons interferes with people’s ability to access gut-level reactions that are crucial to sound decision making.",uncritically,haphazardly,explicitly,speed the process of,reduce satisfaction with,enhance the quality of,happy with,confused by,concerned by,C|E|G,C|E|G,,,TCSE_101-150.pdf
S113Q06,113,hard,6,TC3,"The patients given a placebo in the course of clinical trials receive much more than a pharmacologically inert substance. Like the patients receiving the experimental drug, they (i)______ a thorough medical evaluation, a chance to discuss their condition with competent professionals, a diagnosis, and a treatment plan. Although viewed by many as (ii)______ the healing process, these factors may actually provide an important clue as to why placebo often work: they are part of an experience that can itself be a (iii)______ illness.",get,avoid,welcome,essential for,incidental to,consequences of,research laboratory for,powerful antidote to,breeding ground of,A|E|H,A|E|H,,,TCSE_101-150.pdf
S113Q07,113,hard,7,SE,"British composer Benjamin Britter would seem to have ______ place in the cultural pantheon, yet, at the same time that place is still contested by some.",an illustrious,an assured,a precarious,a modest,a settled,a tenuous,,,,B|E,B|E,,,TCSE_101-150.pdf
S113Q08,113,hard,8,SE,"Once the scientists began to research the matter, it didn’t take them long to find out that life far beneath the ocean floor was not only possible, but ______.",vulnerable,prevalent,conspicuous,fragile,extensive,essential,,,,B|E,B|E,,,TCSE_101-150.pdf
S113Q09,113,hard,9,SE,"Compared with their parties, politicians are ______: they are considerably less enduring than the organizations in which they function.",essential,redundant,crucial,unreliable,transitory,temporary,,,,E|F,E|F,,,TCSE_101-150.pdf
S113Q10,113,hard,10,SE,The notion’s ______ notwithstanding—it was first proposed by a Nobel Prize-winning physicist —it was neglected for many years until some unexpected observations led to its revival.,pedigree,antecedents,precursors,origin,brilliance,novelty,,,,A|D,A|D,,,TCSE_101-150.pdf
S114Q01,114,medium,1,TC1,"In its literature and its political discourse, the nation has created various narratives about itself that tend to ______ intractable social divisions in the interest of perpetuating a dubious myth of unity.",denounce,obscure,corroborate,anatomize,explicate,,,,,B,B,,,TCSE_101-150.pdf
S114Q02,114,medium,2,TC1,"The notion that prehistoric farming of Micronesia’s Mariana Islands degraded the soils upon which savannas now occur is ______ by soil scientists, who attribute nutrient-poor savanna soils instead to long geological periods of tropical weathering.",bolstered,proposed,contradicted,elucidated,revived,,,,,C,C,,,TCSE_101-150.pdf
S114Q03,114,medium,3,TC2,"Research indicates that many people hold (i)_____ views about government, believing that elected officials should be able to overcome differences and get things done while also regarding a willingness to compromise as a sign of (ii)_____.",cynical,self-contradictory,shortsighted,fickleness,pragmatism,intractability,,,,B|D,B|D,,,TCSE_101-150.pdf
S114Q04,114,medium,4,TC2,"Many civic institutions tend to (i)_____, when they do not actively discourage, the better natures of the citizenry. People are individually altruistic social animals who nonetheless teach themselves to be (ii)_____ in the public sphere.",expose,ignore,presuppose,selfish,critical,adamant,,,,B|D,B|D,,,TCSE_101-150.pdf
S114Q05,114,medium,5,TC2,"It is unfortunate that essays by literary critics so infrequently (i)______ the opinions of novelists and poets, for creative writers are often quite (ii)______ about their own philosophies and are frequently more familiar with alternative systems of thought than critics are.",influence,challenge,incorporate,articulate,inconsistent,prejudiced,,,,C|D,C|D,,,TCSE_101-150.pdf
S114Q06,114,medium,6,TC3,"Transportation maps of Alaska are (i)_____ in large part by what they (ii)_____: lines identifying roads and railroads. With a single track bisecting the state and a handful of spokes to the east and south, Alaska is notable for its (iii)______ of transportation options.",demarcated,characterized,elucidated,lack,obscure,evince,panoply,scope,dearth,B|D|I,B|D|I,,,TCSE_101-150.pdf
S114Q07,114,medium,7,SE,"Psychologists have discovered that some of the most ______ advice on study habits is flat wrong, leading them to revise the guidelines they offer to students.",popular,hallowed,respected,unassailable,effective,beneficial,,,,B|C,B|C,,,TCSE_101-150.pdf
S114Q08,114,medium,8,SE,Scenes of bustling streets full of well-dressed citizens going about their business ______ the growing hardship faced by all but the richest local residents.,betoken,signify,contradict,gainsay,quell,forestall,,,,C|D,C|D,,,TCSE_101-150.pdf
S114Q09,114,medium,9,SE,"Though only nine years old, the dancer possesses _____ flexibility that suggests she may become a balletic superstar.",an inchoate,an unexceptional,an ungainly,a preternatural,a prodigious,an awkward,,,,D|E,D|E,,,TCSE_101-150.pdf
S114Q10,114,medium,10,SE,Upstream dam construction can be _____ aquatic fauna: the natural seasonal flow patterns to which the fauna had become adapted are altered and populations therefore fragmented.,redundant for,disorienting for,inimical to,derogatory to,deleterious to,superfluous for,,,,C|E,C|E,,,TCSE_101-150.pdf
S115Q01,115,hard,1,TC1,"The company’s steering committee, reluctant to be held any specific commitments, released a strategic plan that was deliberately _____.",unpopular,repetitive,stringent,inflexible,nebulous,,,,,E,E,,,TCSE_101-150.pdf
S115Q02,115,hard,2,TC1,"Within the field of emotional intelligence research, disagreements remain about whether emotional intelligence can be learned and strengthened or is _____ characteristic.",an expressed,an inborn,an invented,a cultivated,a perceptible,,,,,B,B,,,TCSE_101-150.pdf
S115Q03,115,hard,3,TC2,"At one time researchers viewed the placebo effect as (i)_____, a statistical (ii)_____ faced by those attempting an objective evaluation of the efficacy of potentially legitimate therapies. That view has changed: the placebo effect is today seen as an important part of the healing process.",a boon,a touchstone,an impediment,increment,annoyance,deviation,,,,C|E,C|E,,,TCSE_101-150.pdf
S115Q04,115,hard,4,TC2,"To function as (i)_____, literary critics must write well. A badly written book review is worse than a badly written political speech or greeting card; a badly written review is (ii)_____, like a barber with a terrible haircut. If critics cannot write well, how can they authoritatively recognize and promote good writing?",soothsayers,evangelists,iconoclasts,self-aggrandizing,self-knowing,self-defeating,,,,B|F,B|F,,,TCSE_101-150.pdf
S115Q05,115,hard,5,TC2,"Despite the recent proliferation of gourmet and specialty salts, studies suggest that it would take an unusually (i)_____ palate to (ii)_____ foods prepared with different salts—most salts taste the same to most people.",broad,indiscriminate,sensitive,distinguish,enjoy,modify,,,,C|D,C|D,,,TCSE_101-150.pdf
S115Q06,115,hard,6,TC3,It is inevitable that ongoing research presupposes some accepted science as a principle. Usually no one even notices the implication that the accepted principle is being (i)_____ unless there emerges (ii)_____ that turns out to be sufficiently (iii)_____ that the assumptions underlying the research come to be considered.,jeopardized,revised,tested,an anomaly,a consensus,a distinction,trivial,transparent,recalcitrant,C|D|I,C|D|I,,,TCSE_101-150.pdf
S115Q07,115,hard,7,SE,"Whereas there has been extensive sociological research into how globalization affects finance, religion, and population, comparable studies of globalization’s impact on lawmaking and the practice of law have been _____.",tedious,scarce,compromised,tiresome,nonexistent,inadequate,,,,B|F,B|F,,,TCSE_101-150.pdf
S115Q08,115,hard,8,SE,"The fact that most hypotheses turn out to be wrong does not mean that hypothesizing is ______. In fact, most hypotheses include useful ideas that survive to become part of the next model or scenario.",futile,reckless,fruitless,frustrating,exasperating,unnecessary,,,,A|C,A|C,,,TCSE_101-150.pdf
S115Q09,115,hard,9,SE,"New Zealand’s breakaway landmass proved _____ sanctuary for the tuatara, for the island lacked any terrestrial mammals that would dig up the tuatara’s slowly maturing eggs or pick off adolescents before they had a chance to breed.",a temporary,an excellent,an agreeable,an endangered,a complicated,a difficult,,,,B|C,B|C,,,TCSE_101-150.pdf
S115Q10,115,hard,10,SE,"Though he said nothing, James _____ his father’s meaning; the boy was far from being so obtuse as everyone thought him to be.",comprehended,distorted,respected,fathomed,underestimated,misjudged,,,,A|D,A|D,,,TCSE_101-150.pdf
S116Q01,116,medium,1,TC1,Demographic relationships that have been ______ may not be useful targets for prolonged study: that very characteristic suggests that they may continue to change rapidly.,static,enervated,intransigent,moribund,mutable,,,,,E,E,,,TCSE_101-150.pdf
S116Q02,116,medium,2,TC1,The ability to reproduce in her paintings the supple and shapely lines of her great-grandfather’s paintings seems to have ______ her the way a particular cast of mind might be perpetuated in another family.,devolved upon,become occluded in,ebbed in,strengthened,confounded,,,,,A,A,,,TCSE_101-150.pdf
S116Q03,116,medium,3,TC2,"In the search for truth, the knowledge gained by scientists consists of approximations with varying degrees of certainty. Such (i)_____ truth can be highly (ii)_____, as the rapid and relatively steady progress of medical knowledge well exemplifies.",unambiguous,esoteric,provisional,useful,equivocal,contentious,,,,C|D,C|D,,,TCSE_101-150.pdf
S116Q04,116,medium,4,TC2,"The kilt has certainly had (i)______ history, outlawed as it was by Britain in 1746 as an emblem of nationalist subversion, then more recently (ii)______ from men’s to women’s apparel in a 2003 European Union survey, and ridiculed at various times for a wide variety of reasons.",an obscure,an illustrious,a contentious,reclassified,feigned,manufactured,,,,B|D,B|D,,,TCSE_101-150.pdf
S116Q05,116,medium,5,TC3,"Having displayed his art collection in a vast modernist white space in (i)______ former warehouse, Mr. Saatchi has chosen for his new site its polar opposite, a riverside monument to civic pomposity that once housed the local government. There is nothing (ii)______ about the new location: the building’s design is bureaucratic baroque, (iii)______ style that is as declamatory as a task-force report and as self-regarding as a campaign speech.",a decadent,a claustrophobic,an unprepossessing,atavistic,spare,pretentious,an ascetic,a grandiose,an understated,C|E|H,C|E|H,,,TCSE_101-150.pdf
S116Q06,116,medium,6,TC3,"(i)______, we can safely infer causality by appealing to a set of general principles (Newtonian mechanics, for example) that are well understood and have been shown to apply in comparably straightforward circumstances. However, for the opposing class, which consists of (ii)______ systems like the global economy, human physiology, or the human mind itself, explanations of singular events are usually (iii)______, absent the requisite accounting for the intricate dynamics of such systems.",In unknown settings,For complicated events,In simple situations,complex,homogeneous,equivalent,consistent,unjustified,unequivocal,C|D|H,C|D|H,,,TCSE_101-150.pdf
S116Q07,116,medium,7,SE,"The _______ of highly social species like rhesus monkeys—and like humans—is that their complex sociality is the reason for their success, but it’s also the source of their greatest troubles.",virtue,irony,delight,paradox,myth,joy,,,,B|D,B|D,,,TCSE_101-150.pdf
S116Q08,116,medium,8,SE,"Since new movie stars seem to be cut from only a few bolts of the same bland cloth these days, it is ______ just to be in the presence, once again, of a true original.",unremarkable,reassuring,routine,invigorating,overwhelming,refreshing,,,,D|F,D|F,,,TCSE_101-150.pdf
S116Q09,116,medium,9,SE,"Once the judge had been found guilty of corruption, it was not long before he found himself ______ his position.",revolted by,divested of,stripped of,recognized by,enamored of,absorbed by,,,,B|C,B|C,,,TCSE_101-150.pdf
S116Q10,116,medium,10,SE,"Eschewing today’s hovered-over kids as less plausible characters for an adventure story, Rebeca Stead set her new children’s novel in nineteen-seventies New York to show children with a great deal of ______.",autonomy,independence,resilience,self-assurance,sympathy,sensitivity,,,,A|B,A|B,,,TCSE_101-150.pdf
S117Q01,117,medium,1,TC1,The employees tasked with modeling scenarios for their company’s bankruptcy assumed that their work was merely ______: none of them expected the firm to file for bankruptcy immediately.,a penance,an inevitability,a necessity,a liability,a contingency,,,,,E,E,,,TCSE_101-150.pdf
S117Q02,117,medium,2,TC1,The simultaneous ascension in the postwar United States of both the bulldozer and children’s “bulldozer books” was far from ______; it reflected parallels between the landscapes of fact and feeling in a country undergoing massive physical upheaval.,coincidental,calculated,discouraging,significant,disruptive,,,,,A,A,,,TCSE_101-150.pdf
S117Q03,117,medium,3,TC2,"Often, developing new methods for scientific research demands a willingness to reach across disciplinary boundaries, something that is notoriously difficult to carry out. Therefore, even though interdisciplinarity is often proclaimed to be (i)______, there are many structural reasons why it remains (ii)______.",a laudable goal,an uncertain enterprise,a formidable undertaking,feasible,admirable,exceptional,,,,A|F,A|F,,,TCSE_101-150.pdf
S117Q04,117,medium,4,TC3,"In its earliest days, the telegraph inspired (i)______ without precedent in the annals of technology. A new sense of (ii)_____ across: a sense that the world was in (iii)_____ , that life for one’s children and grandchildren would be very different, all because of this wondrous force and its uses.",anxiety,outrage,exhilaration,resentment,futurity,nostalgia,a state of change,a downward spiral,an unyielding stasis,C|E|G,C|E|G,,,TCSE_101-150.pdf
S117Q05,117,medium,5,TC3,"The enthusiasm that many English artists and writers felt regarding the Labour Party (i)______ amid complaints that arts funding remained as (ii)______. And even though the government recently announced a significant funding boost for the Arts Council, some art leaders still refuse to (iii)______ Labour.",intensified,resurfaced,waned,far-reaching,parsimonious,staggering,trust,condemn,ignore,C|E|G,C|E|G,,,TCSE_101-150.pdf
S117Q06,117,medium,6,TC3,"Fifteen years ago, the author of this scholarly monograph would have (i)______ found a university press willing to publish it. But today specialized books of this sort are (ii)______ species. Their main purchasers—university libraries—have far less money to spend on these items than they once did. Computerized catalogues, subscription content, expensive scientific journals, exploding storage costs: all these demands are (iii)______ library budgets.",voluntarily,never,readily,a thriving,an anomalous,an imperiled,putting tremendous pressure on,leading to irregularities in,causing increasing appropriations to,C|F|G,C|F|G,,,TCSE_101-150.pdf
S117Q07,117,medium,7,SE,"It is commonly said that each person’s aesthetic taste is ______, yet that notion overlooks a large body of shared aesthetic preferences.",unchangeable,acquired,distinct,learned,idiosyncratic,inexplicable,,,,C|E,C|E,,,TCSE_101-150.pdf
S117Q08,117,medium,8,SE,"Unlike the theatrical adaptation of Nicholas Nickleby, which attempted to ______ its source precisely, the adaption of Les Mislabels chooses sweeping and hurtling motion over the savoring of minute details.",gut,digest,render,reproduce,eviscerate,relish,,,,C|D,C|D,,,TCSE_101-150.pdf
S117Q09,117,medium,9,SE,"Our eating habits are rooted in our physiology, but they are also ______ the culture in which we grow up.",symbolic of,mediated by,influenced by,ascribed to,inferable from,universal in,,,,B|C,B|C,,,TCSE_101-150.pdf
S117Q10,117,medium,10,SE,"Though Fine leavens her work with humor and playfulness, she can be _______ writer, mincing no words in her judgements of other scientists’ work.",an acerbic,a provocative,an ingratiating,a demanding,an obsequious,a harsh,,,,A|F,A|F,,,TCSE_101-150.pdf
S118Q01,118,hard,1,TC1,"The nineteenth-century legislator Robert Barnwell Rhett was known for using language so intemperate that even in an era of considerable political ______, it came almost to occupy a category of its own.",malfeasance,upheaval,hypocrisy,invective,retrenchment,,,,,D,D,,,TCSE_101-150.pdf
S118Q02,118,hard,2,TC1,"Throughout the High Middle Ages, the English government became increasingly ______: the documents produced in the eleventh century could be placed on one large table, while the documents produced in the thirteenth fill whole rooms.",despotic,ceremonial,aristocratic,prolix,insular,,,,,D,D,,,TCSE_101-150.pdf
S118Q03,118,hard,3,TC2,"Some have challenged scientists who attribute the surge in amphibian deaths to habitat loss, since numerous populations have (i)_____ in protected parks and nature reserved—even in remote wilderness areas: places that are removed from humans’ modern effluvium and that are presumably (ii)_____ such effects.",rebounded,stabilized,declined,preserved with,insulated from,enhanced by,,,,C|E,C|E,,,TCSE_101-150.pdf
S118Q04,118,hard,4,TC2,"Though nations no longer (i)_____ nuclear physicists—the men and women who once delivered the destructive power of the atom bomb—physics still has the same power to (ii)_____ but in another way, by revealing the basic truths that underpin reality.",compete for,worry about,cower before,produce awe,incite debates,challenge orthodoxy,,,,C|D,C|D,,,TCSE_101-150.pdf
S118Q05,118,hard,5,TC3,"Those who blame the inadequacies of science education for students’ lack of reasoning skills perpetuate their unproductive notion of science as (i)_____, unique in its capacity to inoculate us against superstition and ignorance. Certainly a good science education can (ii)_____ habits of mind, but the (iii)_____ effect of education in nonscientific, humanistic subjects such as literature and history should not be underrated.",vocational,empirical,salvational,counter uncritical,discourage rigorous,temper creative,unforeseen,salutary,pedestrain,C|D|H,C|D|H,,,TCSE_101-150.pdf
S118Q06,118,hard,6,TC3,"Media stories about climate regularly use spokespeople from interest groups as sources, but what those individuals say is often (i)_____, citing results from scientific research in a highly (ii)_____ manner and (iii)_____ the caveats that are part of a full scientific assessment.",ingenuous,maladroit,tendentious,erudite,selective,perspicuous,parsing,omitting,anticipating,C|E|H,C|E|H,,,TCSE_101-150.pdf
S118Q07,118,hard,7,SE,It is an ironic reversal that just those politicians who most vociferously _____ the distorting complexities of the country’s tax system are now the ones embracing an agreement that worsens the mess.,espoused,disregarded,lambasted,eschewed,derided,ignored,,,,C|E,C|E,,,TCSE_101-150.pdf
S118Q08,118,hard,8,SE,There is very little _____ in culture: an art form or a practice (or a language or an institution) can become extinct in a generation if it does not evolve.,inertia,homogeneity,symbiosis,stasis,cooperation,waste,,,,A|D,A|D,,,TCSE_101-150.pdf
S118Q09,118,hard,9,SE,"Climate change without the Arctic is a recognized _____ change elsewhere: around the world, ocean levels and daily weather are interconnected with the fortunes of a region that was, until recently, largely ignored.",catalyst for,factor in,measure of,outcome of,metaphor for,index of,,,,A|B,A|B,,,TCSE_101-150.pdf
S118Q10,118,hard,10,SE,"In spite of being one of the world’s biggest _____ of fossil fuels, the firm has made some environmentally responsible investments.",buyers,purveyors,disparagers,exploiters,suppliers,maligners,,,,B|E,B|E,,,TCSE_101-150.pdf
S119Q01,119,hard,1,TC1,"The notion that the director is the center of the team has been ______, but in fact it has not been accepted by academia.",rejected,proven,abnegated,enduring,presented,,,,,D,D,,,TCSE_101-150.pdf
S119Q02,119,hard,2,TC1,"The paradoxical characteristic of the reliable employee Donna is her ______, as we consider her usual feigning illness to escape from her labor.",halcyon,charlatan,malingering,retribution,earnestness,,,,,C,C,,,TCSE_101-150.pdf
S119Q03,119,hard,3,TC2,"Though the play crackles with humor, the dialogue is less (i)_____ when it comes to the drama’s emotional core. There the players tend to spell out their emotions in (ii)_____ aphorisms, and repeat them as necessary.",adroit,ambiguous,transparent,shrewd,jejune,riotous,,,,A|E,A|E,,,TCSE_101-150.pdf
S119Q04,119,hard,4,TC2,"If all stars are fiery gas balls like our own sun, and if the principle that the situation of our own solar system is not (i)_____ is (ii)_____, then one might think that many other stars should be surrounded by a retinue of planets and moons.",obvious,permanent,special,true,redundant,tested,,,,C|D,C|D,,,TCSE_101-150.pdf
S119Q05,119,hard,5,TC3,"For Ruskin, architecture serves the community only when approached in a spirit of piety and (i)_____. Architecture must set effective boundaries to public space, and it does so by (ii)_____ the desire to show off, to stand out, to record the artistic flair of some temporary ego. Architecture succeeds in its public task through (iii)_____ and devotion, of the kind that can be observed in the moulding, firing and laying of a properly proportioned brick, but which is violated at every point by Frank Gehry’s bombastic Guggenheim Museum in Bilbao.",altruism,sanctimony,sacrifice,retrieving,fastening,relinquishing,humility,demise,braggadocio,C|F|G,C|F|G,,,TCSE_101-150.pdf
S119Q06,119,hard,6,TC3,"The fall of the monarchical order produced a score of fragile successor states in Europe that (i)_____ ethnic discontent and revanchism. This (ii)_____, when fused with those states’ inherent feebleness, make for power voids and political (iii)_____.",kept down,overshadowed,simmered with,cosmopolitanism,hierarchy,volatility,cures,fluidities,redundancies,C|F|H,C|F|H,,,TCSE_101-150.pdf
S119Q07,119,hard,7,SE,"The use of retail coupons is commonly touted as a consumer benefit, discounting the price on an item; however, if the coupon relates to an item that the consumer neither needs nor wants, the discount is _____.",immaterial,reduced,diminished,offset,irrelevant,unnecessary,,,,A|E,A|E,,,TCSE_101-150.pdf
S119Q08,119,hard,8,SE,"During the fifteenth century, three aspects of the mathematical sciences were usually singled out as _____: their preparatory value for the study of philosophy, their practical advantage for the community, and their antiquity.",estimated,superlative,inflated,praiseworthy,unique,adventitious,,,,B|D,B|D,,,TCSE_101-150.pdf
S119Q09,119,hard,9,SE,Most of the drugs used to treat celiac disease that are now in development would not eliminate the need for a gluten-free diet but would help _____ symptoms when some gluten is unintentionally ingested.,diagnose,extirpate,allay,palliate,ascertain,undermine,,,,C|D,C|D,,,TCSE_101-150.pdf
S119Q10,119,hard,10,SE,"It is true that science, and more particularly scientists, _____ cherished paradigms with great reluctance and that when they do, scientific revolutions may result.",unify,share,cede,embrace,dismantle,relinquish,,,,C|F,C|F,,,TCSE_101-150.pdf
S120Q01,120,medium,1,TC1,"Except for the special circumstance in which historians record events they themselves have witnessed, scholars can only obtain historical facts through ______ sources.",biased,first-handed,written,unreliable,intermediary,,,,,E,E,,,TCSE_101-150.pdf
S120Q02,120,medium,2,TC1,"As a result of lacking a strong opposing organization to ______, the chief focused their rancor on one another at the conference where the issues were put forward and intended to be resolved.",immolate,excoriate,parley,exterminate,collaborate,,,,,B,B,,,TCSE_101-150.pdf
S120Q03,120,medium,3,TC2,"Standard thermal evolution models of giant planets employ initial conditions that are, to some extent, arbitrarily chosen, selected more for computational expediency than for physical accuracy. Since eventually the initial conditions (i)_____ the evolving planet, this approach is more (ii)_____ for mature planets than it is for young planets.",become irrelevant to,are recreated by,enforce constraints on,involved,unpredictable,valid,,,,A|F,A|F,,,TCSE_101-150.pdf
S120Q04,120,medium,4,TC2,"The city’s traffic-planning department has been working hard to (i)______ drivers. Closely spaced stop lights have been added on roads into town, causing delays. Pedestrian underpasses designed to allow traffic to flow freely across major intersections have been (ii)______.",assist,calm,discourage,enhanced,stabilized,removed,,,,C|F,C|F,,,TCSE_101-150.pdf
S120Q05,120,medium,5,TC2,"Gelles urges readers of Abigail Adams’ letters to consider their (i)_____: in Adams’ era women were denied a public persona separate from that of their husbands. That said, Gelles then (ii)_____ to promote Adams from a writer of private letters to a public figure, arguing that she was a significant force for change.",value,context,style,strains,neglects,fails,,,,B|D,B|D,,,TCSE_101-150.pdf
S120Q06,120,medium,6,TC3,"Computers’ triumph in chess had been engineered not by creating machines that (i)_____ human thought, as most experts in artificial intelligence had expected, but by perfecting machines that played like machines. The analogy with flight is (ii)_____: as long as people tried to fly by imitating birds, attaching wings to their arms and flapping madly, they were (iii)_____ to fail. Once engineering escaped the paradigm of the familiar, however, people were soon flying much faster than birds.",aped,shelved,subverted,disingenuous,instructive,narrow,expected,likely,doomed,A|E|I,A|E|I,,,TCSE_101-150.pdf
S120Q07,120,medium,7,SE,"Because the political situation seriously impeded international communication, French scientific research was at that time uncharacteristically _____.",biased,insular,competitive,misleading,deceptive,parochial,,,,B|F,B|F,,,TCSE_101-150.pdf
S120Q08,120,medium,8,SE,"Other monarchs have been accused by posterity of murder and treason without having come to be regarded with such _____, perhaps because the cases against them have never been satisfactorily proved.",equivocation,opprobrium,trepidation,infamy,levity,ambivalence,,,,B|D,B|D,,,TCSE_101-150.pdf
S120Q09,120,medium,9,SE,Many macroscopic or higher-level properties on the basis of which we sort chemicals into types are not _____ the chemical structure itself but instead only manifest themselves under certain conditions or in particular contexts.,inherent in,intrinsic to,equivalent to,influenced by,affected by,separable from,,,,A|B,A|B,,,TCSE_101-150.pdf
S120Q10,120,medium,10,SE,"It is rare for a prominent member of the company to leave without some ____. Smith, who resigned with civility, is an exception.",acrimony,bitterness,trepidation,apprehension,regret,embarrassment,,,,A|B,A|B,,,TCSE_101-150.pdf
S121Q01,121,easy,1,TC1,"Because the organization she inherited was remarkably _____, her first priority was the establishment of a vigorous fund-raising campaign.",controversial,high-minded,impecunious,multifarious,antiquated,,,,,C,C,,,TCSE_101-150.pdf
S121Q02,121,easy,2,TC1,"Unlike some models of mathematical tasks that distinguish between lower and higher cognitive demands, Carolyn Kieran’s model focuses only on the type of algebraic activity and thus is not ______ with regard to cognitive demand.",consistent,equitable,indeterminate,discriminatory,extraneous,,,,,D,D,,,TCSE_101-150.pdf
S121Q03,121,easy,3,TC2,"The reason geological activity on Mars is so (i)_____ while on Earth it remains (ii)______ is that Earth’s diameter is about twice the size of Mars. Because Mars is smaller than Earth, it cooled faster, and therefore it lost the interrial heat that drives tectonic activity.",localized,moribund,violent,vital,unnoticed,predictable,,,,B|D,B|D,,,TCSE_101-150.pdf
S121Q04,121,easy,4,TC2,"The lobbyist argues that current environmental regulations must be (I)________ to prevent a recession, thus reviving the notion that economic progress and environmental protection are inherently (ii)________.",introduced,softened,reviewed,inviolable,incompatible,unsustainable,,,,B|E,B|E,,,TCSE_101-150.pdf
S121Q05,121,easy,5,TC2,"The apparent promise of clean alternatives to environmentally harmful fossil fuels might actually (i)_______ fossil-fuel industries by framing energy problems not as a matter of excessive consumption but rather as a remediable lack of clean energy production, thus enticing citizens to (ii)______ the current energy consumption patterns from which fossil-fuel industries profit.",benefit,pressure,transform,call attention to,demand changes in,remain complacent about,,,,B|E,B|E,,,TCSE_101-150.pdf
S121Q06,121,easy,6,TC3,"The lack of (i)______ the poetry of the postwar decades has led not, as one might have expected, to (ii)______ poetry, but to a curious closure in which all poets and forms of poetry are (iii)_______ and alone, not even respected establishment poets.",interest in,consensus about,innovation in,pluralistic debate on,popular acceptance of,any experimentation in,marginalized,revered,tolerated,B|D|G,B|D|G,,,TCSE_101-150.pdf
S121Q07,121,easy,7,SE,"For literary critics and book reviewers, the notion of critical authority has become ______ in an age of quick, teeming Internet response, where all the old critical standards and parameters are in the process of being reinvented.",fluid,transparent,obvious,unstable,justifiable,defensible,,,,A|D,A|D,,,TCSE_101-150.pdf
S121Q08,121,easy,8,SE,"Although initially it may be difficult do discern the essay’s message of peace and conciliation, a close reading reveals its essentially _____ nature.",pacific,indolent,banal,lethargic,austere,dovish,,,,A|F,A|F,,,TCSE_101-150.pdf
S121Q09,121,easy,9,SE,"While the band’s music is loud and aggressive, it is never _____.",simpleminded,unsophisticated,subdued,restrained,melodious,disingenuous,,,,A|B,A|B,,,TCSE_101-150.pdf
S121Q10,121,easy,10,SE,There is a risk in _____ vagueness in speech: all kinds of distortions and lies can go unrecognized in the general haziness and so come off as facts.,detecting,sanctioning,castigating,countenancing,discerning,perpetuating,,,,B|D,B|D,,,TCSE_101-150.pdf
S122Q01,122,medium,1,TC1,"All the scholars at the conference agree on the character of the general philosophical concepts under discussion, but this does not imply _____ with regard to details.",an element of controversy,an excess of uncertainty,a lack of conformity,a mood of curiosity,a community of opinion,,,,,E,E,,,TCSE_101-150.pdf
S122Q02,122,medium,2,TC1,Suspicion is arguably a natural self-protective instinct essential to the survival of individuals and societies: a human being or community that is totally _____ is inviting trouble.,exultant,regressive,reclusive,ingenuous,apprehensive,,,,,D,D,,,TCSE_101-150.pdf
S122Q03,122,medium,3,TC2,"Various factors complicate researchers’ efforts to study time spent on housework. For example, housework may not stand out much in respondents’ memories because it is so (i)_____ everyday life, and (ii)_____ problems among survey subjects may thus be more severe than for other activities.",integral to,disruptive of,essential to,logistical,recollection,fabrication,,,,A|E,A|E,,,TCSE_101-150.pdf
S122Q04,122,medium,4,TC2,"There is a somewhat (i)_____ trend emerging in property law today: though property law historically has been used to legitimize the conquest of indigenous lands, indigenous groups worldwide are now (ii)_____ this same body of law to lay claim to their own cultural resources.",ironic,untimely,redundant,circumventing,employing,invalidating,,,,A|E,A|E,,,TCSE_101-150.pdf
S122Q05,122,medium,5,TC2,Among geophysicists there was considerably less (i)_____ the proposed environment measure than the (ii)_____ media accounts of the conference would suggest: the debate was often animated but never uncivil.,ambivalence toward,satisfaction with,rancor over,sanitized,sensationalized,poignant,,,,C|E,C|E,,,TCSE_101-150.pdf
S122Q06,122,medium,6,TC3,"Genetic researchers have recently suggested that our political learnings may be determined by our DNA, a view that tends to undermine our reflective self-flattery. We (i)_____ the idea that personal politics are entirely (ii)_____. The genetic explanation for ideology (iii)_____ our belief that we are persuaded only by rational arguments.",recoil from,revel in,puzzle over,deliberative,inexpensive,self-serving,defies,entails,parallels,B|D|G,B|D|G,,,TCSE_101-150.pdf
S122Q07,122,medium,7,SE,"French’s tone was reasonable, _____ almost, but the gaze she fixed on Backhouse over her reading spectacles had something of defiance in it.",distracted,preoccupied,deferential,apprehensive,respectful,inquisitive,,,,C|E,C|E,,,TCSE_101-150.pdf
S122Q08,122,medium,8,SE,"The book is impressively _____, drawing from multiple disciplines and perspectives, and resting on diverse and extensive archival sources, autobiographies, published collections of letter, and works of history.",learned,progressive,comprehensive,concise,succinct,erudite,,,,A|F,A|F,,,TCSE_101-150.pdf
S122Q09,122,medium,9,SE,The latest publications predicting disastrous coastal erosion are likely to seem _____ to knowledgeable readers because variations on the same claims have been effectively refuted in the past few years.,intriguing,dubious,baffling,alarming,unsettling,suspect,,,,B|F,B|F,,,TCSE_101-150.pdf
S122Q10,122,medium,10,SE,"Ursula Le Guin claims that looking at schoolbooks from around 1900 can be _____, given that the level of literacy and general cultural knowledge expected of a mere ten-year-old was, she notes, “rather awesome”.",reassuring,stimulating,dreary,tedious,scary,intimidating,,,,E|F,E|F,,,TCSE_101-150.pdf
S123Q01,123,hard,1,TC1,"With Robert Lowell’s death, poetry appears to have shrunk from the ground he commandeered: his grand conception of the port as public conscience has _____ in the present era of notably small and private poems.",met little resistance,experienced increased momentum,garnered newfound credibility,generated unqualified enthusiasm,gained scant traction,,,,,E,E,,,TCSE_101-150.pdf
S123Q02,123,hard,2,TC1,"The researchers theorized that people in power focus so keenly on their own prerogatives that they become oblivious to those around them and that their subordinates, not wanting to provoke the boss, _____ this process.",subvert,imitate,abet,expose,underestimate,,,,,C,C,,,TCSE_101-150.pdf
S123Q03,123,hard,3,TC2,"Far from being (i)_____ the corporate world because of cutbacks, serious scientific researchers are playing a growing role in innovation in certain firms. The explanation for this apparent paradox is that innovative companies are not looking for full-time scientists; they want moonlighting academics, professors (ii)_____ to work temporary projects.",banished from,relegated to,reinstated in,disinclined,unauthorized,disposed,,,,A|F,A|F,,,TCSE_101-150.pdf
S123Q04,123,hard,4,TC2,"The enlightenment philosophers of the eighteenth century acknowledged that unrestricted freedom to publish could (i)_____ motivated by envy or hatred, but they hoped that any such (ii)_____ enabled by expanded liberties would suffer from being publicly exposed.",encourage blandishments,facilitate calumny,constrain vituperation,evasion,defamation,prurience,,,,B|E,B|E,,,TCSE_101-150.pdf
S123Q05,123,hard,5,TC3,"The mind has a tendency to (i)_____ abstractions, so that one might envision the ego existing somewhere physically in the brain, but Freud (ii)_____ such a physical structure: rather, he (iii)_____.",create,hypostatize,incorporate,did not posit,did not preclude,did not abjure,believed that it is illusory,theorized that it is autonomous,regard it as a process,B|D|G,B|D|G,,,TCSE_101-150.pdf
S123Q06,123,hard,6,TC3,"Greenhouse gases emitted into atmosphere are virtually permanent, and because they (i)_________ in the atmosphere, their effects is (ii)_______. These facts necessitate that policies related to greenhouse gases differ from policies related to various pollutants whose effects are (iii)______ and often temporary.",disperse evenly,accrue gradually,persist indefinitely,subtle,global,transit,local,contrary,hazardous,A|E|G,A|E|G,,,TCSE_101-150.pdf
S123Q07,123,hard,7,SE,"Conchita evinced _____ the arts: her favorite activities included visiting museums, attending plays or concerts, and reading poetry aloud.",a proclivity for,a preoccupation with,an indifference toward,an optimism about,an affinity for,a detachment from,,,,A|E,A|E,,,TCSE_101-150.pdf
S123Q08,123,hard,8,SE,"Computerized facial-recognition systems can be _____ by any number of factors, from the dirt caked on a camera lens to a hat pulled low over a subject’s face.",neutralized,calibrated,augmented,ameliorated,stymied,confounded,,,,A|E,A|E,,,TCSE_101-150.pdf
S123Q09,123,hard,9,SE,Some social scientists who begin their studies of small communities with the intention of remaining detached revise their initial approach on discovering that personal involvement with subjects can actually ______ the gathering of important data.,influence,expedite,facilitate,circumvent,affect,intensify,,,,B|C,B|C,,,TCSE_101-150.pdf
S123Q10,123,hard,10,SE,"Since their first appearance in the nineteenth century, commuter suburbs have been widely _____ in print as both a social disaster and an aesthetic desert.",condemned,identified,discussed,diagnosed,welcomed,embraced,,,,B|D,B|D,,,TCSE_101-150.pdf
S124Q01,124,medium,1,TC1,The fanciful notion that the legislative initiative would bring unlimited social benefits has soured into an equally _____ mood of skepticism and distrust.,valid,pessimistic,unanticipated,pragmatic,baseless,,,,,E,E,,,TCSE_101-150.pdf
S124Q02,124,medium,2,TC1,"The use of the term “greenhouse effect” is a complete ______, because it is not a veracious description of such a complicated transformation.",anomaly,spontaneity,mishap,misnomer,appositeness,,,,,D,D,,,TCSE_101-150.pdf
S124Q03,124,medium,3,TC2,The man was an avowed (i)_____: he made no secret of his disdain for (ii)_____ endeavor.,partisan,dilettante,philistine,political,aesthetic,amateur,,,,C|E,C|E,,,TCSE_101-150.pdf
S124Q04,124,medium,4,TC2,"Some people argue that the increased gap between rich and poor is caused (i)_____, which tends to favor those who are already wealthy because they have knowledge, skills, and access to information that the poor do not have; from the above perspective, the world is (ii)_____ into two groups, one able to exploit the system to its advantage, the other forced to suffer the negative effects of the new economic order.",entirely by the bourgeoisie,partly by globalization,to a significant degree by demography,truncated,polarized,desiccated,,,,C|E,C|E,,,TCSE_101-150.pdf
S124Q05,124,medium,5,TC3,"In the nineteenth century the (i) _____ advanced mechanical printing techniques made it possible for newspaper owners to print newspapers cheaply and in mass quantities, but unlike many other mechanized industries, where machines (ii) _____ workers, the new printing machines required trained compositors to run them, thereby (iii) _____ the demand for skilled printing labor.",wide application of,extensive resistance to,great expense of,marginalized,intrigued,isolated,ignoring,anticipating,increasing,A|D|I,A|D|I,,,TCSE_101-150.pdf
S124Q06,124,medium,6,TC3,"In some ways, fascism can be viewed as (i)_____ social contract: The individual (ii)_____ nearly all his or her political identity and (iii)_____ to the state.",an arbitrary,an altruistic,the ultimate,cedes,ascribes,denies,machinations,autonomy,ascendancy,B|D|H,B|D|H,,,TCSE_101-150.pdf
S124Q07,124,medium,7,SE,"In denying him a promotion, management cited his ______ decision making, charging that his judgements were based on vagaries rather than careful forethought.",capricious,dogmatic,atrocious,cavalier,authoritative,cogent,,,,A|D,A|D,,,TCSE_101-150.pdf
S124Q08,124,medium,8,SE,"Berwick, middle-aged, soft-spoken, and _____, with a keen sense of how to use this apparent ordinariness to his advantage, began with a gripping story about how a firefighter saved himself during a forest fire by using a completely improbable tactic.",imperturbable,implacable,unimaginative,unprepossessing,unremarkable,unruffled,,,,D|E,D|E,,,TCSE_101-150.pdf
S124Q09,124,medium,9,SE,"Investigating physiological ______ is not how biologists typically study function and structure, but it is not entirely unreasonable—if abnormalities in the lungs hinder breathing, then the lungs are very likely the organ required for breathing.",deficiencies,properties,theories,irregularities,conjectures,anomalies,,,,D|F,D|F,,,TCSE_101-150.pdf
S124Q10,124,medium,10,SE,"Many great ghost stories remain _____ about the existence of their phantoms, whereas others leave no doubt about their ghosts’ reality.",ambiguous,mute,arch,ominous,positive,confident,,,,A|B,A|B,,,TCSE_101-150.pdf
S125Q01,125,medium,1,TC1,"Some of writers whose interviews with the Paris Review are included in this volume were caught in the final years of their lives, and these interviews thus lend ______ mood to the collection.",an autumnal,a scintillating,a liberal,an apolitical,a cosmopolitan,,,,,A,A,,,TCSE_101-150.pdf
S125Q02,125,medium,2,TC1,"Writing accessories such as letter openers, pen trays, and memorandum pads became tremendously popular during the Victorian era, and by far the most ubiquitous of such _____ was the letter box.",epistles,appurtenances,vexations,vestiges,frugalities,,,,,B,B,,,TCSE_101-150.pdf
S125Q03,125,medium,3,TC2,"Professor Redfield describes in his recent book publishing as dark as it is deep, even as one hidebound industry. Indeed, it is facing a profound change in its product model, but is so (i)_____ its past as to be(ii)_____ opportunities offered by technological change.",indebted in,encumbered by,irrelevant with,unable to seize,capable of seeking,definite to circumvent,,,,B|D,B|D,,,TCSE_101-150.pdf
S125Q04,125,medium,4,TC2,"Researchers in University of Maryland discover that many people subconsciously think that in assessment of others competence and warmth are (i)_____: when they feel someone is highly capable, they will assert that he or she must have a tendency to be (ii)_____.",clearly interconnected,inversely related,physically paralyzed,passive,ephemeral,unfeeling,,,,B|F,B|F,,,TCSE_101-150.pdf
S125Q05,125,medium,5,TC2,With the rate of technological (i) _____ accelerating—many people now consider a personal computer (ii) _____ after three years—the question of how to properly dispose of old equipment is no small matter.,affordability,complexity,obsolescence,outdated,familiar,inestimable,,,,C|D,C|D,,,TCSE_101-150.pdf
S125Q06,125,medium,6,TC3,"In considering whether to (i)_____ mergers of large corporations, governments now must consider the impact of such mergers on a country’s international competitiveness; for example, the United States has allowed the mergers of (ii)_____ such as Lockheed and Boeing in the aerospace industry in the belief European consortiums, backed by government funding, could pose a threat to American (iii)_____ in that industry.",encourage,prevent,investigate,behemoths,offshoots,mavericks,chauvinism,preeminence,sovereignty,A|D|H,A|D|H,,,TCSE_101-150.pdf
S125Q07,125,medium,7,SE,"Although the courts have ______ an extremely flexible test for determining the admissibility of expert testimony, that does not mean that all experts will be allowed to testify.",underwritten,administered,waived,renounced,endorsed,rescinded,,,,A|E,A|E,,,TCSE_101-150.pdf
S125Q08,125,medium,8,SE,"For more than 100 years, anarchism has been an embarrassing estranged sibling in the family of international radicalism, and its bad behavior had made it easy to _____ the awkward but important questions anarchism poses.",exacerbate,answer,dismiss,ignore,aggravate,embrace,,,,C|D,C|D,,,TCSE_101-150.pdf
S125Q09,125,medium,9,SE,"Rosen argues that in the early years of the United States, individual states played important roles in the governance of American Indians, thereby _____ the common assumption that Indian policy was exclusively the federal government’s domain.",reinforcing,belying,adducing,contradicting,increasing,demonstrating,,,,B|D,B|D,,,TCSE_101-150.pdf
S125Q10,125,medium,10,SE,Katherine’s disobedient behavior earned her a _____ from her parent.,eulogy,rebuke,panegyric,mockery,commendation,agreement,,,,B|D,B|D,,,TCSE_101-150.pdf
S126Q01,126,medium,1,TC1,"It ought to be surprising that the bank falsified the numbers on its accounts; it is truly shocking that such _____ was documented, in black and white, and that regulators found it and did nothing about it.",chicanery,raillery,enmity,sagacity,probity,,,,,A,A,,,TCSE_101-150.pdf
S126Q02,126,medium,2,TC1,"Dialogue exchanges indicating deep-seated rivalries among the characters abound in the novel, but they are almost always associated with _____ events—everyday commercial transactions, for instance, or the preparation of an evening meal.",intimate,sporadic,quotidian,contentious,revelatory,,,,,C,C,,,TCSE_101-150.pdf
S126Q03,126,medium,3,TC2,"Gilbert saw himself as an investigator, a role whose mental state he (i)_____ with that of (ii)_____. Consequently he never accepted an academic position or wrote a comprehensive textbook, so that despite his years of intellectual leadership he never established a school of followers or articulated a distinctly Gilbertian creed.",contrasted,combined,equated,an administrator,a teacher,an engineer,,,,A|E,A|E,,,TCSE_101-150.pdf
S126Q04,126,medium,4,TC2,"There may be something (i)_____ about the very idea of jest, because it obeys no rules. The art of caricature, by contrast, is (ii)_____.",inappropriate,expansive,calculated,innately spontaneous,carelessly undisciplined,severely finite,,,,B|F,B|F,,,TCSE_101-150.pdf
S126Q05,126,medium,5,TC3,"For feminist scholars, Kessler-Harris’s concern that the term “labor history” (i)_____ images of male workers exclusively may be (ii)_____; her own immense contributions to the field offer evidence that feminism has (iii)_____ the questions posed by labor historians, moving women’s concerns from the periphery closer to the center of labor history writing.",spurns,subsumes,evokes,overly bold,too pessimistic,unwittingly condescending,negated,altered,underscored,C|E|H,C|E|H,,,TCSE_101-150.pdf
S126Q06,126,medium,6,TC3,"Rocke’s history of the emergence of the theory of chemical structure encapsulates over 30 years of research on nineteenth-century chemistry. This is (i)_____, since structure theory emerged gradually through the efforts of a network of chemists distributed across several countries. Rocke focuses on just a few key figures, a strategy that necessarily involves some (ii)_____ of detail but that leads to (iii)_____ account of the subject.",something often undertaken,a regrettable ploy,no mean feat,sacrifice,redundancy,appreciation,a digestible,an untrustworthy,a digressive,C|D|G,C|D|G,,,TCSE_101-150.pdf
S126Q07,126,medium,7,SE,One can only bemoan how the wonderfully rich collections of genuine fossil specimens seen of yore in museum displays are being replaced by the _____ talking plastic of so-called virtual reality.,ubiquitous,exasperating,estimable,showy,meretricious,worthwhile,,,,D|E,D|E,,,TCSE_101-150.pdf
S126Q08,126,medium,8,SE,"Potential readers may well be put off by the rather opaque quality of the prose in this book, which at times seems deliberately _____ the uninitiated reader.",aimed at,inclined toward,inconvenient for,tailored for,inaccessible to,insurmountable for,,,,E|F,E|F,,,TCSE_101-150.pdf
S126Q09,126,medium,9,SE,"If aging is merely an avoidable by-product of life rather than a necessary progression, it is possible that we might eventually forestall _____.",senescence,dynamism,decrepitude,privation,ennui,voidness,,,,A|C,A|C,,,TCSE_101-150.pdf
S126Q10,126,medium,10,SE,"The idea that Jim was _____, that he loved fighting for the sake of fighting, was a mistake, in reality he was a kind and gentle person.",truculent,audacious,brazen,obtuse,pugnacious,sapiential,,,,A|E,A|E,,,TCSE_101-150.pdf
S127Q01,127,medium,1,TC1,"In considering human behavior, theoreticians tend to emphasize cognition in spite of the fact that psychological research suggests the _____ of affect: it suggests that our behavior derives above all from fast, automated emotional judgements.",inefficacy,elusiveness,spontaneity,irrationality,primacy,,,,,E,E,,,TCSE_101-150.pdf
S127Q02,127,medium,2,TC1,The development of junior high schools in American education was motivated by _____ rather than by pedagogical validity: these schools provided an efficient and inexpensive way to eliminate overcrowding in the high schools.,idealism,reform,expediency,privilege,tradition,,,,,C,C,,,TCSE_101-150.pdf
S127Q03,127,medium,3,TC2,"The geographer held a (i)_____ view of the succession of theoretical trends( environmental determinism, spatial determinism, and various types of critical theory) in her field, maintaining that theory can (ii)_____ what is transpiring in a complex environment by focusing excessively on the favored schemes and variables of the moment.",self-contradictory,sanguine,deprecatory,exacerbate,obfuscate,magnify,,,,C|E,C|E,,,TCSE_101-150.pdf
S127Q04,127,medium,4,TC2,"The (i)_____ of the entrepreneur that the microfinance boom has helped foster is understandably appealing. But thinking that everyone is, and should be, an entrepreneur can encourage a tendency to (ii)_____ the virtues of larger businesses and the income that a steady job can provide.",demise,evolution,cult,emphasize,advertise,underrate,,,,C|F,C|F,,,TCSE_101-150.pdf
S127Q05,127,medium,5,TC3,The (i)_____ of community ecology and population ecology is (ii)_____ insofar as the two subdisciplines partly address issues at different hierarchical levels and different spatial and temporal scales. But it is harmful insofar as it (iii)_____ the fields’ mutual enrichment.,expansion,divergence,maturation,anomalous,timely,understandable,hampers,protracts,overstates,B|F|G,B|F|G,,,TCSE_101-150.pdf
S127Q06,127,medium,6,TC3,"The danger often facing authors of satirical works is that if the audience is not (i)_____ the joke, the piece may end up (ii)_____ the behavior it was trying to (iii)_____.",already frustrated by,willing to laugh at,discerning enough to get,reinforcing,depicting,elucidating,conceal,support,ridicule,C|D|I,C|D|I,,,TCSE_101-150.pdf
S127Q07,127,medium,7,SE,"Meera Mukherjee observed that while the work of the artisan has its well-defined contours, the artist is without palpable _____: like an explorer, the artist continually faces new regions of experience.",opportunities,rewards,bounds,risks,limits,hazards,,,,C|E,C|E,,,TCSE_101-150.pdf
S127Q08,127,medium,8,SE,"The panel’s failure to acknowledge the microbiologist as important in her field cannot be _____ a lack of accomplishment on her part, since her status as an important contributor to biology has been indisputably established.",attributed to,tantamount to,related to,explained by,obviated by,averted by,,,,A|D,A|D,,,TCSE_101-150.pdf
S127Q09,127,medium,9,SE,"In 1839, working-class revolutions have been a real possibility in the industrialized countries of western Europe, but because revolutionary groups were poorly organized and led, government and employers regarded the movements with understandable _____.",distaste,placidity,concern,complacency,foreboding,solicitude,,,,B|D,B|D,,,TCSE_101-150.pdf
S127Q10,127,medium,10,SE,"Many innovative breakthroughs come about when people venture beyond their own areas of expertise, because often it takes an outsider to ask the naïve questions that may yield _____ solution.",a constructive,an unconventional,an amicable,an agreeable,a practical,an original,,,,B|F,B|F,,,TCSE_101-150.pdf
S128Q01,128,medium,1,TC1,While many books have emphasized the differences between Delaney and his father—and his need to differentiate himself from his father—Delaney takes pains in this memoir to _____ his closeness with his dad.,underscore,question,repudiate,sidestep,trivialize,,,,,A,A,,,TCSE_101-150.pdf
S128Q02,128,medium,2,TC1,The ability of the Grand Banks cod fishery to sustain intensive cod harvesting for many years gave it a reputation for _____ that deceived even scientifically sophisticated observers.,hazardousness,insurmountability,unpredictability,inexhaustibility,inscrutability,,,,,D,D,,,TCSE_101-150.pdf
S128Q03,128,medium,3,TC2,"In general memoirs focus sharply on particular, and particularly memorable, events rather than on the entire life. This (i)_____ structure inevitably emphasizes drama at the expense of (ii)_____.",circular,episodic,panoramic,excitement,completeness,plausibility,,,,B|E,B|E,,,TCSE_101-150.pdf
S128Q04,128,medium,4,TC2,"Her lecture was entertaining though unoriginal: she hoped that by (i)_____ her audience, she could (ii)_____ the hackneyed observations on which her argument depended.",amusing,goading,boring,compensate for,accentuate,allude to,,,,A|D,A|D,,,TCSE_101-150.pdf
S128Q05,128,medium,5,TC3,"The quiet, careful member of a collaborative, creative pair may naturally be (i)_____ by posterity in comparison with the brash, dramatic one. Braque and Picasso created Cubism together, but the mercurial Picasso is regarded as the star of the movement while Braque, because he was so much more (ii)_____, has been relatively (iii)_____ by history.",diminished,scrutinized,favored,understated,gifted,pretentious,neglected,manipulated,tolerated,A|D|G,A|D|G,,,TCSE_101-150.pdf
S128Q06,128,medium,6,TC3,"Strains of Prochlorococcus plankton have such (i)_____ sequences at their small subunit RNA genes that they would be considered the same species by the normal criteria used by microbiologists. By contrast, the same strains exhibit such ecological (ii)_____ that they would be considered (iii)_____ species by normal ecological criteria.",similar,unusual,complex,consistency,diversity,vigor,endemic,discrete,ancestral,A|E|H,A|E|H,,,TCSE_101-150.pdf
S128Q07,128,medium,7,SE,"In a major _____ for bat populations in the United States, on average 90 percent of the hibernating bats in four important caves and mines in New York died in the space of one year.",achievement,reversal,venture,calamity,undertaking,disaster,,,,D|F,D|F,,,TCSE_101-150.pdf
S128Q08,128,medium,8,SE,"Human and animal shyness are not _____: in humans, shyness refers to an individual’s awkwardness and apprehension in social situations, a different meaning than that used for animals.",prevalent,comparable,useful,disadvantageous,detrimental,analogous,,,,B|F,B|F,,,TCSE_101-150.pdf
S128Q09,128,medium,9,SE,"Spiderwebs suspended on flexible supports _____ even in low airflow in patterns that are erratic, enhancing the probability of insect capture over a volume of space.",stretch,waver,contract,shrink,oscillate,attenuate,,,,B|E,B|E,,,TCSE_101-150.pdf
S128Q10,128,medium,10,SE,"Enlightened thinkers in late-eighteenth-century Europe broadly endorsed the concept of progress, yet theories of progress were usually _____ a strong streak of pessimism, a sense of the challenges inherent in the human condition.",rooted in,requisite for,essential for,contradicted by,tempered by,moderated by,,,,E|F,E|F,,,TCSE_101-150.pdf
S129Q01,129,medium,1,TC1,"It can be extremely difficult to uncover direct evidence of conspiracies, given that such activities are by their very nature _____.",interminable,laborious,provocative,illicit,surreptitious,,,,,E,E,,,TCSE_101-150.pdf
S129Q02,129,medium,2,TC1,"For the early years of the twentieth century, ecology remained essentially a ______ science: ecologists went into the field, counted plants and animals, made lists, and that was pretty much that.",lay,resilient,descriptive,theoretical,pragmatic,,,,,C,C,,,TCSE_101-150.pdf
S129Q03,129,medium,3,TC2,"Around the early 1980s, technology companies began creating the first portable machines that resemble today’s laptop computers. Still, for many years, large and bulky desktop computers (i)________ the market, because you always had to (ii)________ something for portability. Compared with laptops, desktops had more power, bigger screens, more comfortable keyboards, and more storage space.",found little room in,held sway in,lost share in,enhance,sacrifice,delay,,,,B|E,B|E,,,TCSE_101-150.pdf
S129Q04,129,medium,4,TC2,"Intuitively, something is considered to the matter if, and only if, there is mass along with energy and/or momentum associated with it. In other words, possession of mass along with energy and/or momentum is regarded as (i)________, rather than (ii)________, property of matter.",an optimal,an essential,a contingent,a unique,an irreducible,an accidental,,,,B|F,B|F,,,TCSE_101-150.pdf
S129Q05,129,medium,5,TC2,"While several relationships fell by the wayside under the pressure of conflicting opinion, none was more affecting to the writer than her relationship with her brother. Her letters document a steady (i)________ of feeling: intense pride in him giving way to more moderate respect, trust (ii)________ as feeling of betrayal come to dominate.",emergence,cessation,erosion,materializing,intensifying,evaporating,,,,C|F,C|F,,,TCSE_101-150.pdf
S129Q06,129,medium,6,TC3,"With so many scientific papers chasing so few pages in the most prestigious journals, the winners could be the ones most likely to oversell themselves—to trumpet amazing or important results that later turn out to be false. This would produce a (i)_____ picture of scientific knowledge, with less (ii)_____ but more (iii)_____ results either relegated to obscure journals or left unpublished.",comprehensive,bewildering,distorted,dramatic,threatening,arbitrary,controversial,obvious,accurate,C|D|I,C|D|I,,,TCSE_101-150.pdf
S129Q07,129,medium,7,SE,We hold our breath so naturally and casually that it may come as a surprise to learn that the full details of this ability still _____ scientists.,impress,mollify,elude,placate,divide,puzzle,,,,C|F,C|F,,,TCSE_101-150.pdf
S129Q08,129,medium,8,SE,"The work is alive and heterodox, the kind of ambitious failure that is more _____ than many finely crafted critical successes.",compelling,interesting,innovative,lauded,inspired,celebrated,,,,A|B,A|B,,,TCSE_101-150.pdf
S129Q09,129,medium,9,SE,"In the face of competition from the Internet, television’s beleaguered leaders should take heart: disruptive technologies nearly always _____ new ways to profit, sometimes even for the incumbent players whose business model is being upended.",obviate,clarify,preclude,beget,create,imitate,,,,D|E,D|E,,,TCSE_101-150.pdf
S129Q10,129,medium,10,SE,"Prior to fermentation, cacao seeds are not _____: they begin as something like apple pits and need fermentation to develop the chocolate taste.",marketable,palatable,recognizable,appetizing,nourishing,nutritious,,,,B|D,B|D,,,TCSE_101-150.pdf
S130Q01,130,medium,1,TC1,The ancient Greek philosopher Socrates displayed great _____ in accepting his sentence of death for corrupting the morals of Athenian youth and for advocating religious heresies; he resisted efforts to save his life and willingly drank the cup of poison given him.,elation,stoicism,elitism,erudition,skepticism,,,,,B,B,,,TCSE_101-150.pdf
S130Q02,130,medium,2,TC1,"In the Middle Ages, Europeans placed the holy city of Jerusalem at the center of maps, reflecting the prevailing _____ of the era.",iniquity,parsimony,anthropocentrism,cosmology,proximity,,,,,C,C,,,TCSE_101-150.pdf
S130Q03,130,medium,3,TC2,The widespread (i)_____ that has accompanied economic growth is not the result of the people’s adopting the leader’s own standards. Her personal (ii)_____ is recognized by all.,conformity,corruption,frugality,influence,integrity,traditionalism,,,,B|E,B|E,,,TCSE_101-150.pdf
S130Q04,130,medium,4,TC2,The uncanny likeness of unrelated butterflies can be (i)_____ as an adaptation whereby edible butterflies imitate the coloration of venomous butterfly species that potential predators (ii)_____.,understood,rationalized,misconstrued,seek to avoid,cannot detect,find irresistible,,,,A|D,A|D,,,TCSE_101-150.pdf
S130Q05,130,medium,5,TC2,"It is possible to (i)_____ the benefits of diplomatic dialogue, because although it can certainly alleviate some of the problems that afflicts us, it is not a (ii)_____.",overstate,compromise,extend,panacea,placebo,liability,,,,A|D,A|D,,,TCSE_101-150.pdf
S130Q06,130,medium,6,TC3,"It is a common complaint that female explorers have been unfairly (i)_____ in modern historical accounts. Amelia Earhart, Freya Stark, and Gertrude Bell may be (ii)_____, but only a special would recognize the names of Fanny Workman or Janet Wulsin. Whether that is a matter of (iii)_____ or a fair reflection of their achievements is debatable.",scrutinized,ignored,attacked,well enough known,largely overlooked,subject to criticism,analysis,prejudice,objectivity,B|D|H,B|D|H,,,TCSE_101-150.pdf
S130Q07,130,medium,7,SE,"The arrival of the manual describing procedures for adding content to the Web site may mark a new, more _____ phase in the site’s history, and some contributors will no doubt become nostalgic for the unpredictable do-it-yourself days.",fickle,reticent,indecisive,sober,prescribed,staid,,,,D|F,D|F,,,TCSE_101-150.pdf
S130Q08,130,medium,8,SE,"Madame Germaine de Stael, famous for her opinionated views, sometimes made enemies with her _____ comments.",caustic,acerbic,eccentric,laudatory,placatory,conciliatory,,,,A|B,A|B,,,TCSE_101-150.pdf
S130Q09,130,medium,9,SE,"Many people perceive an unearned grandiosity at work in the news business and given that perception, it should be no surprise that they have such a strong _____ for the business.",preference,passion,esteem,disdain,fervor,contempt,,,,D|F,D|F,,,TCSE_101-150.pdf
S130Q10,130,medium,10,SE,"The archives of the museum, containing a plethora of documents that shed light on Picasso’s work, may, for a time, give us the illusion of total comprehension, but in the end it seems that Picasso is no more _____ than he ever was.",orthodox,abstract,prolific,understandable,transparent,conceptual,,,,D|E,D|E,,,TCSE_101-150.pdf
S131Q01,131,medium,1,TC1,The fact that there are so many varieties of youthful dissent indicates that there is considerably less _____ to this counterculture than has been suggested.,hypocrisy,relevance,spontaneity,degeneracy,coherence,,,,,E,E,,,TCSE_101-150.pdf
S131Q02,131,medium,2,TC1,The mountain pine beetle is not _____ like other major pests ravaging much of the American landscape: it is native to the western pine forests.,an interloper,a nuisance,an anomaly,a mystery,a predator,,,,,A,A,,,TCSE_101-150.pdf
S131Q03,131,medium,3,TC2,"Seemingly to compensate for the (i)_____ nature of her subject, in her review the theater critic (ii)_____ a casual chatty style.",undemanding,rarefied,well-defined,opted for,misused,invited,,,,B|D,B|D,,,TCSE_101-150.pdf
S131Q04,131,medium,4,TC2,"Because scientific breakthroughs tend to occur when a prevailing theory's predictions start to fail, scientists sometimes find it (i)_____ when a theory persists—as the standard model of particle physics has done—in making (ii)_____ predictions.",productive,frustrating,surprsing,bold,abstract,correct,,,,B|F,B|F,,,TCSE_101-150.pdf
S131Q05,131,medium,5,TC3,"By sucking people into towns and draining the countryside of communities and workers, the passenger train (i)_____ its reason for being:moving people between country districts and urban centers.The major (ii)_____ urbanization in the United States, the railway fell victim to it. Once the overwhelming majority of nonelective journeys were either very long or very short, it became (iii)_____ for people to undertake them in planes or cars.",vindicated,discovered,destroyed,facilitator of,counterpoint to,consequence of,unusual,sensible,inconsistent,C|D|H,C|D|H,,,TCSE_101-150.pdf
S131Q06,131,medium,6,TC3,"Some chemists argue that although molecular motors are (i)_____, they are (ii)_____ by themselves; nevertheless, the chemical principles behind them might be (iii)_____: using the same light-activated mechanism that drives certain molecular motors, researchers have developed around 100 drug-like compound that can be switched on or off in response to light.",intricate,untested,appealing,promising,straightforward,useless,well established,highly valuable,imperfectly understood,C|F|H,C|F|H,,,TCSE_101-150.pdf
S131Q07,131,medium,7,SE,"Although streams of solar particles cause beautiful auroras —the northern and southern lights— sometimes their consequences are less _____: their electromagnetic effects, for instance, can overload power grids and damage orbiting satellites.",spectacular,significant,benign,consequential,innocuous,palpable,,,,C|E,C|E,,,TCSE_101-150.pdf
S131Q08,131,medium,8,SE,"Enlightened thinkers in late-eighteenth-century Europe broadly endorsed the concept of progress, yet theories of progress were usually _____ a strong streak of pessimism, a sense of the challenges inherent in the human condition.",rooted in,requisite for,essential for,contradicted by,tempered by,moderated by,,,,E|F,E|F,,,TCSE_101-150.pdf
S131Q09,131,medium,9,SE,"An academic with a questionable record in either teaching, administration, or research may still be well regarded at many schools, but simultaneous failure in all three areas normally results in _____ by superiors.",exculpation,dismissal,impeachment,disapprobation,censure,acquittal,,,,D|E,D|E,,,TCSE_101-150.pdf
S131Q10,131,medium,10,SE,"Building the first United States transcontinental phone line required fundamental innovations: for example, engineers created an amplifier for the electric signals to prevent them from ______ after a few miles.",propagating,attenuating,dissipating,iterating,deviating,broadcasting,,,,B|C,B|C,,,TCSE_101-150.pdf
S132Q01,132,medium,1,TC1,"While Zora Neale Hurston never avowed an affiliation with surrealism, an artistic movement celebrating the unconscious mind's creative power, French surrealist Guy Ducomet’s citing her as an inspiration seems quite _____ given Hurston's intensely imaginative work.",tenable,arcane,audacious,prescient,eccentric,,,,,A,A,,,TCSE_101-150.pdf
S132Q02,132,medium,2,TC1,"Saturn's rings seem _____, but it now appears that several decades ago, the shape of the innermost rings was altered by a mysterious event that all our telescopes and spacecraft failed to detect.",immutable,fragmentary,luminous,unique,concentric,,,,,A,A,,,TCSE_101-150.pdf
S132Q03,132,medium,3,TC2,"It is possible that the earliest terrestrial plants were (i)_____ natural enemies, such as herbivores. By the mid-Carboniferous period, however, there was abundant evidence-in the form of fossil leaves with signs of bite marks—that plants were (ii)_____ animal attack.",free from,influenced by,overwhelmed by,experiencing,avoiding,exploiting,,,,A|D,A|D,,,TCSE_101-150.pdf
S132Q04,132,medium,4,TC2,Although Kito Hiroshi's portrait of Edo Japan as (i)_____ is certainly (ii)_____ the fundamental factors of population stability and resource renewal generally did favor social maintenance and even economic growth.,outwardly aggressive,perfectly harmonious,slowly developing,derivative,positive,overdrawn,,,,B|F,B|F,,,TCSE_101-150.pdf
S132Q05,132,medium,5,TC2,"While catalogs of record labels that specialize in Native American music are useful indices of Native American consumers' preferences, their (i)_____ are also (ii)_____: some genres of Native American music have been deemed inappropriate to record because of their special cultural significance.",strategies,omissions,inconsistencies,telling,misleading,surprising,,,,B|D,B|D,,,TCSE_101-150.pdf
S132Q06,132,medium,6,TC3,"The general statement that all objects are (i)_____ by gravity (ii)_____ is not (iii)_____. In reality, if a feather and a lump of iron were dropped at the same time from the same place, we should not expect them to hit the floor at the same time. In order to reconcile the general statement with real- world phenomena, we must take into consideration all of the forces that act upon objects.",molded,accelerated,constrained,in proportion to their mass,at the same rate,under special circumstances,self-contradictory,novel,self-evident,B|E|I,B|E|I,,,TCSE_101-150.pdf
S132Q07,132,medium,7,SE,"The economist noted that the occupations she analyzed in her study, which included waitresses, flight attendants, clerical workers, and domestic workers, _____ categorization: none can be captured by a single distinguishing characteristic.",mask,obviate,invite,confound,resist,encourage,,,,D|E,D|E,,,TCSE_101-150.pdf
S132Q08,132,medium,8,SE,"On stage, jazz artist James Carter often veers dangerously close to the _____: he becomes a man possessed, his tenor saxophone wailing and whimpering with a musicality so muscular it threatens to consume him.",lugubrious,doleful,intemperate,excessive,idiosyncratic,sublime,,,,C|D,C|D,,,TCSE_101-150.pdf
S132Q09,132,medium,9,SE,"Wheelan proceeds from the assumption that statistics are _____ and, consequently, can be taught with minimal intimidation through examples.",intuitive,essential,habitual,instinctive,indispensable,straightforward,,,,A|D,A|D,,,TCSE_101-150.pdf
S132Q10,132,medium,10,SE,Nicolaus Copernicus was much less _____ than commonly thought: he wanted to improve the cosmological theory of his day by introducing one important change while preserving as many of its conceptual foundations as possible.,visionary,philosophical,revolutionary,iconoclastic,diplomatic,circumspect,,,,C|D,C|D,,,TCSE_101-150.pdf
S133Q01,133,medium,1,TC1,"In recent years, the country's farmers have been extremely _____ contributing a major portion of the disturbances and protests against government policies.",discerning,tractable,restive,mercurial,circumspect,,,,,C,C,,,TCSE_101-150.pdf
S133Q02,133,medium,2,TC1,Dr. Jack Kevorkian became a subject of controversy in the 1990s by assisting terminally ill people to commit suicide in contravention of Michigan statutes’ _____ such actions.,justifying,proscribing,presaging,abjuring,substantiating,,,,,B,B,,,TCSE_101-150.pdf
S133Q03,133,medium,3,TC2,"Readers had little reason to (i)_____ what proved to be the rather uncanny (ii)_____ of Kaja Silverman’s and bell hooks’s polemics, given the two authors’ contrary methodologies, interests, and audiences.",distinguish,anticipate,dispute,convergence,timeliness,dissonance,,,,B|D,B|D,,,TCSE_101-150.pdf
S133Q04,133,medium,4,TC2,"The title of Lee’s 1964 textbook, A History of For Eastern Art, might seem to imply that the entire subject could be encapsulated in a single work. In fact, the treatment of art across Asian cultures and over millennia could never (i)_____ if it also aspired to be (ii)_____.",avoid anachronism,achieve coherence,justify digressions,accessible,comprehensive,groundbreaking,,,,B|E,B|E,,,TCSE_101-150.pdf
S133Q05,133,medium,5,TC3,"Climate change is posited to be a frequent factor in mass extinctions by some scientist who speculate that minor climate shifts can trigger a catastrophic cascade of effects. Although this pattern is (i)_____ in that it confirms warnings about our own possibly dire future, it is also somehow (ii)_____ as it sets forth a context for today’s turbulent weather as (iii)_____ in a natural, cyclical process.",alarming,eccentric,contentious,contradictory,reassuring,disquieting,unanticipated,unpredictable,unexceptional,A|E|I,A|E|I,,,TCSE_101-150.pdf
S133Q06,133,medium,6,TC3,"By the end of the 1970s, the postmodern novel had degenerated from a bold attempt to (i)_____ the conventions of traditional narrative into a literary style as (ii)_____ as any other. There are, it seems, (iii)_____ number of ways to avoid telling a straightforward story.",refine,perpetuate,subvert,predictable,inescapable,comprehensible,a limited,a variable,an inexhaustible,C|D|G,C|D|G,,,TCSE_101-150.pdf
S133Q07,133,medium,7,SE,Conditions at the training camp for runners were _____; few of the runners had proper shoes or a training kit.,unpleasant,tedious,spartan,austere,rigorous,monotonous,,,,C|D,C|D,,,TCSE_101-150.pdf
S133Q08,133,medium,8,SE,"The differences between theater and film are never more _____ than with Shakespeare's plays, since Shakespeare wrote for an audience that liked to listen and films are made for people who primarily like to watch.",pervasive,patent,evident,suspect,trivial,inconsequential,,,,B|C,B|C,,,TCSE_101-150.pdf
S133Q09,133,medium,9,SE,"One of the greatest hoaxes in the history of science was perpetrated by the Indian paleontologist Dr. Chandra Gupta, who fabricated entirely _____ for fossils throughout his career.",counterfeit,feckless,refractory,plausible,circumstantial,spurious,,,,A|F,A|F,,,TCSE_101-150.pdf
S133Q10,133,medium,10,SE,"A _____ wit, Noel Coward could elicit laughs in a variety of ways—through his musical compositions, theater plays, and numerous acting roles.",somber,besotted,secular,versatile,uniform,protean,,,,D|F,D|F,,,TCSE_101-150.pdf
S134Q01,134,medium,1,TC1,"Numerous studies have documented the influence of advertisers on media content, disproving the popular notion of a _____ between business and editorial operations.",cooperation.,separation,competition,collusion,disaffection,,,,,B,B,,,TCSE_101-150.pdf
S134Q02,134,medium,2,TC1,"While Fernandez-Armesto has amply documented the commercial, migratory, scientific, or religious motives of explorers throughout history, it is often harder to _____ the motives of modern explorer.",generate,penetrate,extinguish,utilize,criticize,,,,,B,B,,,TCSE_101-150.pdf
S134Q03,134,medium,3,TC2,"Although the first exoplanet discovered was found to be orbiting too close to its star to support life, scientists quickly discovered exoplanets in more (i)_____ orbits, making the detection of potentially habitable exoplanets seem (ii)_____",compressed,clement,superfluous,likely,unfeasible,irregular,,,,B|D,B|D,,,TCSE_101-150.pdf
S134Q04,134,medium,4,TC2,"In a reflection of the senator's enduring popularity, the articles written in response to her impending retirement were less a (i)_____ evaluation than a (ii)_____ summary of her career.",valedictory,plodding,frank,scathing,glowing,schematic,,,,A|E,A|E,,,TCSE_101-150.pdf
S134Q05,134,medium,5,TC3,"In the early twentieth century, rural women in the United States could feel caught between, on one hand, national myths upholding a ""natural"" lifestyle that by definition seemed to eschew science and technology, and, on the other hand, a desire to (i)_____ the new, modern standards of mechanized household practice that (ii)_____ their (iii)_____ by aligning them more and more with city women and modern life generally.",disrupt,adopt,improve,appeared to accentuate,helped to explain,threatened to compromise,distinctiveness,skepticism,satisfaction,B|F|G,B|F|G,,,TCSE_101-150.pdf
S134Q06,134,medium,6,TC3,"Human brains are amazing organs but they are not perfect. Cognitive biases, as we know, sometimes produce errors. Yet the term ""error"" could be (i)_____ in that it suggests that there might be (ii)_____ way in which cognition should work. Such a binary opposition is (iii)_____.",corrective,serviceable,problematic,a uniquely correct,a surprisingly novel,an infinitely fluid,incontrovertible,reductive,warranted,C|D|H,C|D|H,,,TCSE_101-150.pdf
S134Q07,134,medium,7,SE,"Some of the characters and themes depicted on the painted glass vessels found at Begram point toward an Egyptian provenance, but Egypt was not the _____ and perhaps not even the principal, place of manufacture.",main,leading,sole,likeliest,original,exclusive,,,,C|F,C|F,,,TCSE_101-150.pdf
S134Q08,134,medium,8,SE,A strong basic science program can be _____: the rate of return on capital invested in basic science is about three times that of capital invested in applied research and development.,idealistic,remunerative,lucrative,transcendent,feasible,radical,,,,B|C,B|C,,,TCSE_101-150.pdf
S134Q09,134,medium,9,SE,The developmental track for human beings-from rudimentary awareness to complex forms of rational agency-is quite _____ development proceeds with even minimally good physical and psychological health in any minimally favorable environment.,sophisticated,contingent,robust,situational,elusive,reliable,,,,C|F,C|F,,,TCSE_101-150.pdf
S134Q10,134,medium,10,SE,"Despite the implications of their noble status, many aristocrats were virtually penniless and lived in a state of _____.",indigence,opulence,eminence,penury,depravity,complacency,,,,A|D,A|D,,,TCSE_101-150.pdf
S135Q01,135,medium,1,TC1,"To some extent, the relationship between nitrous oxide and methane in Earth's atmosphere could be described as _____: nitrous oxide releases oxygen when destroyed by ultraviolet radiation, while methane is an oxygen consumer.",necessary,ephemeral,inverse,anomalous,ubiquitous,,,,,C,C,,,TCSE_101-150.pdf
S135Q02,135,medium,2,TC1,"As British biochemist Joseph Needham became immersed in the study of China's history, he began to envision science as _____ endeavor, noting that ""the peoples of the whole world have all made their contributions.""",an ecumenical,a competitive,a redemptive,a misunderstood,an underappreciated,,,,,A,A,,,TCSE_101-150.pdf
S135Q03,135,medium,3,TC2,Their remote jungle habitat and their extreme shyness have (i)_____ any thorough investigation of orangutans except in the (ii)_____ conditions of captivity.,subsumed,simplified,precluded,primitive,heightened,unnatural,,,,C|F,C|F,,,TCSE_101-150.pdf
S135Q04,135,medium,4,TC2,"Historians have been (i)_____ African American fraternal organizations, in part due to the (ii)_____ historical evidence: the relevant records are scarce and difficult to obtain.",hindered in studying,confident in assessing,eager to categorize,discrepancies in,insufficiency of,approach to,,,,A|E,A|E,,,TCSE_101-150.pdf
S135Q05,135,medium,5,TC3,"Many people fail to (i)_____ memoirs and novels, a tendency arguably (ii)_____ by discussions of the ""graphic novel"": that term is applied to any narrative drawn in the manner of a comic book, even ones like Marjane Satrapi's Persepolis, which (iii)_____.",appreciate,distinguish,remember,anticipated,delineated,exacerbated,concerns historical events,receives considerable acclaim,invites complex interpretation,B|F|G,B|F|G,,,TCSE_101-150.pdf
S135Q06,135,medium,6,TC3,"Although the (i)_____ and the not infrequent appearance of terms like synaptogenesis and N- methyl-D-aspartate glutamate receptor can be (ii)_____ in a book aimed at the general reader, Konner's overall style is (iii)_____ enough that you feel as though you are in the company of a helpful and hopeful teacher who is eager to share what he's found.",occasional glimpses of,deft deployment of,repeated use of jargon,placating,galvanizing,daunting,disputatious humor,conversational examples,baroque,C|F|H,C|F|H,,,TCSE_101-150.pdf
S135Q07,135,medium,7,SE,"The 1966 Mexican art exhibition ""Confrontation 66"" seemed to define the Mexican art world as one in which political alignment was _____, yet painter Joy Laville rose to prominence with paintings devoid of contentiousness.",inconsequential,ineluctable,requisite,perilous,pointless,obsolete,,,,A|E,A|E,,,TCSE_101-150.pdf
S135Q08,135,medium,8,SE,"Although both salinization and alkalinization impact water quality, they have generally been treated as _____ phenomena; however, new research proves that the processes, which impact most of the drainage area of the United States, are in fact closely linked.",unrelated,insignificant,unimportant,reversible,separate,incremental,,,,A|E,A|E,,,TCSE_101-150.pdf
S135Q09,135,medium,9,SE,"In owls with a facial disk, the ears are hidden behind it and are _____ placed: having one higher than the other allows the birds to locate prey both horizontally and vertically for more accurate detection.",advantageously,asymmetrically,unevenly,unobtrusively,discreetly,precisely,,,,B|C,B|C,,,TCSE_101-150.pdf
S135Q10,135,medium,10,SE,Family photos of the author suggest that she was _____ child: she seemed to wear a permanent frown.,a sullen,an amiable,a surly,a beautiful,a prudent,a stunning,,,,A|C,A|C,,,TCSE_101-150.pdf
S136Q01,136,medium,1,TC1,"The research institute publishes new material on its Web site well in advance of its appearance in print; inevitably, there is a lot of dross, but fortunately, much of the material is both _____ and free.",speculative,specious,copious,valuable,perplexing,,,,,D,D,,,TCSE_101-150.pdf
S136Q02,136,medium,2,TC1,"Ronald Ferguson, whose work is widely admired by policy makers, has never been profiled by the news media, perhaps because his views are _____ and therefore difficult to capture in a sound bite.",nuanced,controversial,empirical,influential,unorthodox,,,,,A,A,,,TCSE_101-150.pdf
S136Q03,136,medium,3,TC2,"Discovering that cooler stars, which constitute three-quarters of our galaxy, can also be surrounded by habitable zones warm enough to harbor liquid water and, potentially, microbes and bacteria, has (i)_____ the (ii)_____ the search for extraterrestrial life.",assuaged,expanded,jeopardized,target territory in,popular discomfort with,primary motivation for,,,,B|D,B|D,,,TCSE_101-150.pdf
S136Q04,136,medium,4,TC2,"While writers on Parker often present her as an avaricious stick figure, thus making her an object of (i)_____, Nash, by contrast, gives a more (ii)_____ and sympathetic portrait of the woman.",adulation,praise,opprobrium,intense,polemical,nuanced,,,,C|F,C|F,,,TCSE_101-150.pdf
S136Q05,136,medium,5,TC3,"For whom is Shipton's A New History of Jazz intended? It is written in (i)_____ language and contains no extended musical analysis, suggesting that it is meant for amateurs. But as it is twice as long as the next-longest history of the subject, my guess is that general readers will be put off by its (ii)_____. On the other hand, its great length is precisely what enables Shipton to avoid (iii)_____ the story of jazz's development",accessible,ornate,graphic,paucity of exposition,proliferation of detail,preponderance of jargon,belaboring,oversimplifying,extolling,A|E|H,A|E|H,,,TCSE_101-150.pdf
S136Q06,136,medium,6,TC3,"The newly discovered fossil skeletons have the fins, scales, and other attributes of a giant fish, but also the telling anatomical traits of (i)_____ creature, such as the beginnings of digits, protowrists, and joints resembling elbows on the forward fins. The specimen is a fish with features that (ii)_____ the emergence of land animals and is thus a (iii)_____ of amphibians, reptiles, dinosaurs, and mammals.",a diurnal,a marine,a transitional,anticipate,impede,supersede,derivative,predator,predecessor,C|D|I,C|D|I,,,TCSE_101-150.pdf
S136Q07,136,medium,7,SE,Restoring the old practice of producing fish in rice fields does not just make environmental and economic sense; it has the added advantage that it _____ benefits the very poor.,abnormally,predominantly,eminently,moderately,particularly,unnaturally,,,,C|E,C|E,,,TCSE_101-150.pdf
S136Q08,136,medium,8,SE,"The decision to rely on mechanical biological treatment to process the two million tons of waste that the region produces annually was _____ to experts, who had long been aware that this approach had several shortcomings.",alarming,infuriating,perplexing,humiliating,baffling,surprising,,,,C|E,C|E,,,TCSE_101-150.pdf
S136Q09,136,medium,9,SE,"Although some literary scholars may express disdain for words meant for popular audiences, only the most _____ proponent of so-called great literature could dismiss the works in a recent anthology of African science fiction as formulaic pulp.",radical,pedantic,oblivious,hidebound,illiberal,charitable,,,,B|D,B|D,,,TCSE_101-150.pdf
S136Q10,136,medium,10,SE,"Biologists agree that snakes descended from lizards, but exactly where this first happened has been a matter of debate since the 1800s, when two _____ theories emerged.",complex,competing,dubious,conclusive,contending,irrefutable,,,,B|E,B|E,,,TCSE_101-150.pdf
S137Q01,137,medium,1,TC1,Mathematical knowledge has long been regarded as being essentially stable and hence rooted in a world of ideas only superficially ______ to historical forces.,indifferent,superior,susceptible,extraneous,oblivious,,,,,C,C,,,TCSE_101-150.pdf
S137Q02,137,medium,2,TC1,"The watchword in astronomy is ______: all claims must be examined critically in the light of current knowledge,and one's mind should never be closed to the possibility that a theory could be wrong.",implausibility,imagination,wariness,determination,incoherency,,,,,C,C,,,TCSE_101-150.pdf
S137Q03,137,medium,3,TC2,"Rocks of the Morrison Formation in the western United States yield many dinosaur fossils but few plant fossils. This apparent (i)_______ of plants leads some scientists to speculate that the region was once mostly barren. But others have (ii)_______, noting that the herbivorous dinosaurs there would have needed an abundant food supply.",attrition,dearth,attenuation,abdicated,acceded,demurred,,,,B|F,B|F,,,TCSE_101-150.pdf
S137Q04,137,medium,4,TC2,"Sinden notes that in the face of warnings about the perils of climate change, the need to agree on strategies for reducing greenhouse-gas emissions is increasingly urgent. The question of who should reduce emissions is not (i)________. Rather, according to Sinden, it is the question of who should bear the costs of these reductions that is (ii)_______.",particularly vexed,universally resolved,politically innocuous,redundant,contentious,prescient,,,,A|E,A|E,,,TCSE_101-150.pdf
S137Q05,137,medium,5,TC3,"The theater presented directors and designers with a remarkably (i)_______ space, since the placement of the stage and of the audience could be (ii)_______ the needs of the production. And though audiences were sometimes unsettled when they found themselves thrust into the midst of the action, on balance they saw this as adding to the (iii)_______ of the performance.",plastic,compact,recalcitrant,irrelevant to,preferred over,dictated by,deficiencies,remoteness,excitement,B|F|I,B|F|I,,,TCSE_101-150.pdf
S137Q06,137,medium,6,TC3,"Because leadership in the computer hacker group is extremely (i)_______, when law enforcement agencies arrested several prominent members, taking them offline, the group (ii)________. Instead, it continues to operate, sometimes under its own name, sometimes under other names. The names are (iii)_______, as are the members of the group: anyone, anywhere, is free to work behind its mask.",fluid,efficient,hierarchical,adopted new practices,replaced its leadership,did not collapse,idiosyncratic,fungible,misleading,A|F|H,A|F|H,,,TCSE_101-150.pdf
S137Q07,137,medium,7,SE,"The early stages of being trained to ride a motorcycle are all about developing muscle memory, repeating combinations of hand-foot movements until they are ________ and precise.",aberrant,innate,reflexive,inborn,automatic,calculated,,,,C|E,C|E,,,TCSE_101-150.pdf
S137Q08,137,medium,8,SE,"Although collisions between the largest planetesimals in a planetesimal belt are ________, they can release large amounts of debris when they occur.",risky,exceptional,irregular,violent,rare,powerful,,,,B|E,B|E,,,TCSE_101-150.pdf
S137Q09,137,medium,9,SE,"Because is has usually been impossible to eradicate exotic species once they have become established, it is _______ to minimize introductions of species that have substantial probabilities of unwanted impacts.",prudent,customary,provident,superfluous,essential,pointless,,,,A|C,A|C,,,TCSE_101-150.pdf
S137Q10,137,medium,10,SE,"In the Old Southwest, only writers who showed exceptional _____ were likely to become widely known, because the region's weak infrastructure inhibited the development of publishing beyond local newspapers that served small towns.",prescience,foresightedness,optimism,resolve,patience,determination,,,,D|F,D|F,,,TCSE_101-150.pdf
S138Q01,138,medium,1,TC1,"In general, the relationship between neural activity and behavioral output is _____: multiple behaviors can be associated with activation of the same neurons and multiple neurons can trigger the same behavior.",deterministic,hardwired,random,complicated,cumulative,,,,,D,D,,,TCSE_101-150.pdf
S138Q02,138,medium,2,TC1,"It is ironic that the scientist’s work was criticized recently for its _____ research methodology, since other researchers have argued for years that this same methodology was based absolutely on impeccable logic.",fastidious,esoteric,abstruse,impervious,specious,,,,,E,E,,,TCSE_101-150.pdf
S138Q03,138,medium,3,TC2,"Many elected officials have (i)_____ into believing that the new reforms represent a solution rather than (ii)_____ of the problem. Unfortunately, such self-deception is not uncommon among politicians.",conned others,deluded themselves,persuaded some,an elucidation,a resolution,an exacerbation,,,,B|F,B|F,,,TCSE_101-150.pdf
S138Q04,138,medium,4,TC2,"In China, beginning in the 1920s, the field of geography was (i)_____ discourse, alive to indigenous Chinese traditions even as it (ii)_____ key elements of Western scientific geography.",an arcane,a hybrid,a subjective,ignored,questioned,absorbed,,,,B|F,B|F,,,TCSE_101-150.pdf
S138Q05,138,medium,5,TC3,"The chocolate company's scientists hoped that once they had (i)_____ the chemical makeup of cocoa beans, the knowledge would enable them to produce (ii)_____ the beans' taste, which could then be used to (iii)_____ future failures in the cocoa bean supply.",altered,unlocked,activated,subtle transformations in,accurate descriptions of,a synthetic replication of,prevent,mitigate,restrict,B|F|H,B|F|H,,,TCSE_101-150.pdf
S138Q06,138,medium,6,TC3,"It appears that the terrestrial biosphere has been absorbing a significant fraction of anthropogenic CO2, thereby slowing down the rate of global climate change. However, the (i)______ of this (ii)______ is not (iii)______: if pushed too far, the biosphere might become a net source of CO2, thereby accelerating climate change and causing a positive feedback loop.",complexity,actuality,continuation,additional information,formidable challenge,compensatory,imminent,surprising,guaranteed mechanism,B|F|I,B|F|I,,,TCSE_101-150.pdf
S138Q07,138,medium,7,SE,"The adipose tissue in which our bodies store fat from the food we eat has traditionally been thought of as _____, but in reality this tissue constitutes a dynamic organ, not a mere repository.",capacious,deleterious,inert,detrimental,passive,inessential,,,,C|E,C|E,,,TCSE_101-150.pdf
S138Q08,138,medium,8,SE,"The sound of disembodied human breathing in Miyazaki's films is at once a presence, close to the listener's ear, and a ghostly absence due to its lack of a visual _____.",image,counterpart,urgency,correlative,cue,background,,,,B|D,B|D,,,TCSE_101-150.pdf
S138Q09,138,medium,9,SE,"The problem a generation ago was not the new art itself but the heightened intensity of conviction surrounding it, which is thankfully absent in our wonderfully _____ times.",fervid,impassioned,undogmatic,receptive,nostalgic,optimistic,,,,C|D,C|D,,,TCSE_101-150.pdf
S138Q10,138,medium,10,SE,He found his new acquaintance to be _____: trying to understand her personality was like peering into an unknown dimension.,vacuous,unflappable,unfathomable,obdurate,inscrutable,imperturbable,,,,C|E,C|E,,,TCSE_101-150.pdf
S139Q01,139,medium,1,TC1,"For Confucius, names had _____ contents, no matter how time marched on and the affairs of the world changed, the proper names of things absolutely could not vary.",largely transparent,uniquely adaptive,eternally stable,dangerously slippery,increasingly conventional,,,,,C,C,,,TCSE_101-150.pdf
S139Q02,139,medium,2,TC1,"Astronomy dominated ancient science partly because it was ______ in a way that the physics and biology of the time were not: even in prehistory, people probably used the apparent motion of the Sun, for example, as a crude clock, calendar, and compass.",precise,exciting,practical,lucrative,provocative,,,,,C,C,,,TCSE_101-150.pdf
S139Q03,139,medium,3,TC2,"An affinity for (i)_____ is a characteristic of Bynum's work and of her rhetorical strategy as a historian, and it is often both refreshing and illuminating. But this predilection for (ii)_____ can be vexing, too, by appearing to eschew necessary distinctions.",paradox,humor,understatement,daring hyperbole,indiscriminate eclecticism,unresolvable ambivalences,,,,A|F,A|F,,,TCSE_101-150.pdf
S139Q04,139,medium,4,TC2,"A Sociological jurisprudence has a (i)_____ rather than (ii)_____ focus: it is concerned with what actually goes on in the legal system, not with what ought to go on.",humanitarian,descriptive,hypothetical,an elitist,a normative,an applied,,,,B|E,B|E,,,TCSE_101-150.pdf
S139Q05,139,medium,5,TC3,"When learners are engaged in mathematical problem-solving, their activity does not have from the outset the structure of what will be considered a mathematical proof. Instead, a tangle of intuitions, know-how, factual knowledge, and a variety of other mental constructs allows learners to entertain choices and make decisions. Nonetheless, (i)_____ such mental activity (ii)_____ is (iii)_____: in many situations this process works, although it can prove to be wrong as a result of overgeneralizations.",concealing,adapting,describing,from scrutiny,as confused,to the task,uncommon,unintentional,uncharitable,C|E|I,C|E|I,,,TCSE_101-150.pdf
S139Q06,139,medium,6,TC3,"Paleoclimatic records recovered from land, the ocean, and glacial ice (i) ______a (ii) _______ global climate over much of the last glacial cycle. Indeed, in many locations in the Northern Hemisphere, changes in climate spanning almost the full range of glacial to interglacial conditions were so (iii) __________ that the transition between climate states occurred in decades or less.",exaggerate,confirm,redefine,potent driver of,simple fact about,lack of stability in,abrupt,unpredictable,enduring,B|F|G,B|F|G,,,TCSE_101-150.pdf
S139Q07,139,medium,7,SE,The _____ of Craig's government had left the nation almost totally unprepared for war when it came.,somnolence,inexperience,lethargy,obstinacy,perspicacity,acuity,,,,A|C,A|C,,,TCSE_101-150.pdf
S139Q08,139,medium,8,SE,Japanese law draws a distinction between currency imitation and actual counterfeiting: only the latter involves an explicit intent to ______ the public.,confuse,malign,defraud,address,swindle,defame,,,,C|E,C|E,,,TCSE_101-150.pdf
S139Q09,139,medium,9,SE,"It's easy to see why the aspiring singer was ______ the awareness of her lack of talent: her shaky voice notwithstanding, she was a kindly woman with a genuine appreciation for music.",surprised by,insulated from,humbled by,appreciative of,guided to,buffered against,,,,B|F,B|F,,,TCSE_101-150.pdf
S139Q10,139,medium,10,SE,"A decisive way to test planet formation hypotheses is to study planetesimals, but these objects are quite ______, neither numerous nor large enough to emit significant radiation that can be captured by telescopes.",unpredictable,inconspicuous,clustered,radioactive,discreet,erratic,,,,B|E,B|E,,,TCSE_101-150.pdf
S140Q01,140,medium,1,TC1,"Since the fundamental frequency of an object's vibration is determined by its size and shape, a sequence of sounds having _____ pitch is perceived to have been produced by a single object.",discernible,predictable,unusual,identical,melodious,,,,,D,D,,,TCSE_101-150.pdf
S140Q02,140,medium,2,TC1,"The field suffers from being puffed up with its own importance, and that attitude of _____ seems to infect every professional utterance.",self-justification,self-abnegation,self-congratulation,self-persuasion,self-castigation,,,,,C,C,,,TCSE_101-150.pdf
S140Q03,140,medium,3,TC2,"During the decade 2000-2010 in the United States, the increase in self-employed Hispanic entrepreneurs (i)______ the increase in Hispanic workers overall. Historically, Hispanics have been (ii)_____ in the self-employment sector, so this change reduced the amount by which the Hispanic self-employment rate trailed the overall self-employment rate.",catalyzed,tracked,exceeded,underrepresented,undercompensated,underappreciated,,,,C|D,C|D,,,TCSE_101-150.pdf
S140Q04,140,medium,4,TC2,"Unlike, say, locusts, which simply raze entire fields, stinkbugs wreak their havoc (i)______. The injury they do to corn, for instance, is (ii)______ the ear is husked, at which point certain kernels- the ones into which a stinkbug stuck its pointy mouth-will reveal themselves to be sunken and brown.",periodically,insidiously,instantaneously,invisible until,ameliorated when,apparent before,,,,B|D,B|D,,,TCSE_101-150.pdf
S140Q05,140,medium,5,TC2,"At first glance, each of the stories in the anthology seemed (i)_____, upon closer inspection of their protagonists, implied morals, and fantasy elements, however, subtle similarities among the stories emerged to (ii)_____ this initial observation.",compelling,implausible,idiosyncratic,impugn,bolster,explain,,,,C|D,C|D,,,TCSE_101-150.pdf
S140Q06,140,medium,6,TC3,"The (i)______ in local coverage of a rabies outbreak in colonial Hanoi may be startling today, but it cannot be attributed solely to the (ii)_______ of the era's journalists. Rather,before the advent of modern public health systems, (iii)_______ the unpleasantness of the disease and its treatment was seen as a way to, ensure that the public remained vigilant against possible sources of contagion.",reliance on polite,deference to medical,degree of gruesome,sycophancy,squeamishness,sensationalism,underscoring euphemisms,minimizing experts,demystifying detail,C|F|G,C|F|G,,,TCSE_101-150.pdf
S140Q07,140,medium,7,SE,The ______ of native South American textiles at the time of the Spanish conquest should not be surprising: it represented the apogee of one of the world's oldest and most sophisticated weaving and dyeing traditions.,splendor,eccentricity,diversity,brilliance,practicality,popularity,,,,A|D,A|D,,,TCSE_101-150.pdf
S140Q08,140,medium,8,SE,"If it is wrong to justify human selfishness on the basis of the alleged selfishness of nature, then it is equally mistaken to espouse ______ merely because some animals happily assist each other.",pragmatism,moderation,restraint,altruism,benevolence,permissiveness,,,,D|E,D|E,,,TCSE_101-150.pdf
S140Q09,140,medium,9,SE,"In many branches of science, our knowledge and technology have advanced so rapidly that new studies carried out with improved instruments and techniques may well ______ research done just twenty years earlier.",confirm,supplant,elaborate,supersede,question,validate,,,,B|D,B|D,,,TCSE_101-150.pdf
S140Q10,140,medium,10,SE,The campaign official argued that the large swings in the candidate's approval ratings were a result not of the ______ of the electorate but rather of the polls' margins of error and divergent methodologies.,exactitude,resurgence,capriciousness,volatility,partisanship,scrupulousness,,,,C|D,C|D,,,TCSE_101-150.pdf
S141Q01,141,easy,1,TC1,"The philosophy of Zhuangzi, because it implied a spiritual elite who could transcend the bonds of the world and wander in a realm beyond life and death, appealed to a society dominated by ______.",conventional morality,aristocratic tastes,dogmatic sensibilities,a pragmatic outlook,an egalitarian worldview,,,,,B,B,,,TCSE_101-150.pdf
S141Q02,141,easy,2,TC1,"Twentieth-century tussles in cosmology illustrate the ______ of science, for they highlight both the human drive to explore nature and the limits that our minds inevitably impose on our understanding.",objective methodologies,theoretical evolution,cooperative nature,psychological aspects,serendipitous discoveries,,,,,D,D,,,TCSE_101-150.pdf
S141Q03,141,easy,3,TC2,"Xie proposes that sleep achieves its restorative function by switching the brain into a state that facilitates the clearance of waste products resulting from neural activity during wakefulness, indeed, the very (i)_____ of such waste products in the waking brain may (ii)_____ the switch to seep state.",utilization,accumulation,analysis,delay,succeed,trigger,,,,B|F,B|F,,,TCSE_101-150.pdf
S141Q04,141,easy,4,TC2,"Lohr’s (i)______ the trappings of literary celebrity creates a Romantic aura for him: by distancing himself from all public discourse about himself or his work, Lohr becomes an even greater, albeit more (ii)______, celebrity than most authors manage in all their interviews and memoirs.",refusal to wear,eagerness to understand,inability to renounce,renowned,appealing,mysterious,,,,A|F,A|F,,,TCSE_101-150.pdf
S141Q05,141,easy,5,TC2,"While the professor was once known for expressing herself (i)_______, that is no longer true. Her writing style is much more (ii)_______ than it was when she started her career over 30 years ago.",caustically,idiosyncratically,plainly,florid,acerbic,succinct,,,,C|D,C|D,,,TCSE_101-150.pdf
S141Q06,141,easy,6,TC3,"Documenting the lives of African Americans before Emancipation is (i)______ undertaking even when printed accounts are (ii)______, they are often (iii)______ and details printed as fact may be merely speculative.",an urgent,a collaborative,a difficult,contested,illegible,available,contradictory,disheartening,revealing,C|F|G,C|F|G,,,TCSE_101-150.pdf
S141Q07,141,easy,7,SE,"Some consider the theorem Emmy Noether first published in 1918 to be as important as Einstein’s theory of relativity, since much of today’s vanguard research in physics is ______ Noether’s theorem.",contradicted by,undergirded by,incompatible with,dependent on,devoted to,elucidated by,,,,B|D,B|D,,,TCSE_101-150.pdf
S141Q08,141,easy,8,SE,"Beauford Delaney's dynamic depictions of Harlem and Greenwich Village, dating from 1929 to 1953, _____ the energy of the city, while the equally captivating abstract compositions from his Paris years of 1953 to 1979 demonstrate his sustained exploration of color.",authenticate,convey,elicit,impart,stifle,suppress,,,,B|D,B|D,,,TCSE_101-150.pdf
S141Q09,141,easy,9,SE,"Aboriginal people of Victoria Australia neither rejected Western material culture nor demonstrated an obsession with it in fact, Western artifacts such as pipes and handkerchiefs were appreciated for their symbolic rather than their ______ value.",utilitarian,intrinsic,communicative,aesthetic,pragmatic,theoretical,,,,A|E,A|E,,,TCSE_101-150.pdf
S141Q10,141,easy,10,SE,"Despite dogs’ talent for detecting those high-pitched whistles that are inaudible to us, dogs’ ability to locate sounds is ________ compared with ours.",imprecise,innate,impractical,inherent,inexact,impaired,,,,A|E,A|E,,,TCSE_101-150.pdf
S142Q01,142,medium,1,TC1,"Biologists traditionally thought that restricted gene flow was _____ the development of adaptations in a population, but empirical evidence shows that adaptation can be maintained despite very high levels of gene flow.",an impediment to,a consequence of,a harbinger of,a requisite of,an aberration in,,,,,D,D,,,TCSE_101-150.pdf
S142Q02,142,medium,2,TC1,"Some of the writers whose interviews with the Paris Review are included in this volume were caught in the final years of their lives, and these interviews thus lend _____ mood to the collection.",an autumnal,a scintillating,a liberal,an apolitical,a cosmopolitan,,,,,A,A,,,TCSE_101-150.pdf
S142Q03,142,medium,3,TC2,"It is incorrect to think of eighth-century Japan as (i)_____. In western and central Japan, for example, there was considerable (ii)______, with many inhabitants deriving their ancestry from the Wa and Yamato peoples and at least a third being descendants of Korean immigrants unrelated to those peoples.",culturally conservative,politically unstable,ethnically homogeneous,tension,variation,obscurity,,,,C|E,C|E,,,TCSE_101-150.pdf
S142Q04,142,medium,4,TC2,"For private fossil collectors, a fossil’s value is (i)______ the object itself. For scientists, however, the value of a fossil is usually (ii)______. Most paleontological research focuses not only on the fossil itself, but also on the fossil’s location, the kind of rock it was found in, its position in the historical sequence, and how the fossil is positioned relative to other fossils.",inherent in,distinct from,unknowable from,enigmatic,contextual,controversial,,,,A|E,A|E,,,TCSE_101-150.pdf
S142Q05,142,medium,5,TC3,"When potentially disruptive change appears on the horizon, managers’ approach should be to assemble the capabilities to (i)______ that change before it affects the mainstream business. The (ii)______ to run two businesses, one with processes attuned to the existing business model and another geared toward the new model. While apparently onerous, this parallel operation is far less dangerous than either (iii)______ innovation irrevocably or remaining committed to tried-and-true methods that are threatened with obsolescence.",obstruct,stimulate,handle,competition might have,requirement is,mistaken approach is,jumping into,exploring,rejecting,C|E|G,C|E|G,,,TCSE_101-150.pdf
S142Q06,142,medium,6,TC3,"An innovative musician, accompanist extraordinaire, and protomodern hipster, Lester Young (1909-1959) remains a (i)_____ in the jazz firmament. Some of the reasons are obvious: although he dressed with conspicuous cool, he chose an artistic trajectory that seemed calculated to (ii)_____ the spotlight-his best work was in the bands of other musicians, such as Billie Holiday and Count Basie, rather than at the front of his own. Moreover, he was shy, subtle, and sensitive- traits not usually associated with great (iii)______.",bright star,lesser light,permanent fixture,shun,intensify,exploit,imagination,restraint,celebrity,B|D|I,B|D|I,Source repeats a blank ordinal; normalized markers to sequential order.,,TCSE_101-150.pdf
S142Q07,142,medium,7,TC1,"Because they were traditionally _______, Jam monks in sixteenth-century India particularly valued special dispensations from the royal court granting them freedom of movement.",erudite,ascetic,apolitical,peripatetic,solitary,,,,,D,D|F,"Source answer sheet says D|F, but the question has choices A-E only; corrected to D.",https://gre.kmf.com/explain/question/920m2j-0.html,TCSE_101-150.pdf
S142Q08,142,medium,8,SE,"The coagulated latex of the gutta-percha tree, which grows wild in Sumatra Kalimantan and May, can be formed into a natural plastic that, although inelastic under ordinary conditions becomes _______ when placed in hot water.",smooth,pliable,permeable,malleable,pervious,buoyant,,,,B|D,B|D,,,TCSE_101-150.pdf
S142Q09,142,medium,9,SE,"Although dry weather in medieval England was not ______, documentary evidence suggests that the cluster of intense droughts between 1323 and 1333 was exceptional.",anomalous,severe,uncommon,seasonal,frequent,pervasive,,,,A|C,A|C,,,TCSE_101-150.pdf
S142Q10,142,medium,10,SE,"Among some demographic groups, the Internet is ______: almost everybody who wants Internet access has it.",necessary,indispensable,irresistible,pervasive,ubiquitous,homogeneous,,,,D|E,D|E,,,TCSE_101-150.pdf
S143Q01,143,hard,1,TC1,"All biographies of ancient figures are necessarily _______, in that, in order to understand historical legends as human beings, there has to be some sort of translation into the categories of our own experience.",anachronistic,pointless,comprehensive,intrusive,laudatory,,,,,A,A,,,TCSE_101-150.pdf
S143Q02,143,hard,2,TC1,"Baron's book implores scientists to present their work in ways that are accessible to the general public in order to save the world at large from scientific illiteracy, ______ that is echoed in other recent publications.",a query,an analysis,an exhortation,an allurement,an implication,,,,,C,C,,,TCSE_101-150.pdf
S143Q03,143,hard,3,TC2,"An architect of Koolhaas’ (i)_____ might plausibly prefer designing on paper to building in concrete. Remaining within the realm of his own imagination, he need not worry about pesky clients who can dilute a project into mediocrity. But in fact, what Koolhaas enjoys most is the opportunity to engage with a client. When asked if he would consider designing a house for himself, he replied that the idea bored him, that it would feel too (ii)_____. For him, the whole point of architecture is the encounter with the other.",unbridled ambition,unfettered originality,unalloyed pragmatism,sybaritic,altruistic,solipsistic,,,,A|F,A|F,,,TCSE_101-150.pdf
S143Q04,143,hard,4,TC2,"The notion that scientists consider the work they do to be (i)_____ contradicts popular stereotypes that depict the work of scientists (and the scientists themselves) as being formal and rigid, following lockstep procedures in which the (ii)_____ elements of researchers’ personalities fail to enter their labors.",socially useful,emotionally satisfying,intellectually demanding,affective,cognitive,conjectural,,,,B|D,B|D,,,TCSE_101-150.pdf
S143Q05,143,hard,5,TC3,"The unattractive hyena is unjustly (i)_____. It was long believed that when bob lions and hyenas were present at a kill, the latter invariably stole from the former, but this notion proved to be (ii)_____: we now know that the lion is just as (iii)_____ the hard-won prey of the hyena.",maligned,imperiled,forgotten,divisive,convoluted,untrue,apt to pilfer,capable of overtaking,likely to become,A|F|G,A|F|G,,,TCSE_101-150.pdf
S143Q06,143,hard,6,TC3,"Our contemporary preference for natural expression over artifice is (i)_____ the traditional Western view that the skill with which you expressed a position corresponded closely to the credibility of your argument. Rhetorical styles might vary, but style itself was never a matter of (ii)_____. And “style” was not just a well-turned sentence: poor expression, it was believed, (iii)_____ poor thought.",a departure from,a reflection on,an endorsement of,substance,indifference,intention,ameliorated,elevated,betrayed,A|E|I,A|E|I,,,TCSE_101-150.pdf
S143Q07,143,hard,7,SE,What Dr. Walther has shown is that many of the standard statistical techniques that are supposed to insure against ______ correlations are inadequate in this case.,numerical,specious,elementary,paltry,quantifiable,spurious,,,,B|F,B|F,,,TCSE_101-150.pdf
S143Q08,143,hard,8,SE,"Motorcycle riders in London have discovered an ingenious, albeit ______ way of parking illegally without getting a ticket.",inventive,unscrupulous,astute,dishonest,impractical,shrewd,,,,B|D,B|D,,,TCSE_101-150.pdf
S143Q09,143,hard,9,SE,"The writer’s expression of ______ sentiments in fluid, vigorous prose is a strange blending of the high and the low-like an opera performed by sloppily dressed, unkempt musicians.",patriotic,vile,noble,base,tender,lofty,,,,B|D,B|D,,,TCSE_101-150.pdf
S143Q10,143,hard,10,SE,California’s building codes are more ______ than those elsewhere in the United States to ensure that structures are capable of protecting people from frequent seismic events.,circuitous,exacting,controversial,stringent,convoluted,extensive,,,,B|D,B|D,,,TCSE_101-150.pdf
S144Q01,144,easy,1,TC1,The organization’s parlous fiscal condition led its members to expect that their plans for expansion would be _____.,justified,abetted,thwarted,countenanced,implicated,,,,,C,C,,,TCSE_101-150.pdf
S144Q02,144,easy,2,TC1,This artistic and literary movement reflected a widespread nihilistic protest against every aspect of Western culture and thus _____ the particular aesthetic values of that culture.,exemplified,revivified,recapitulated,superseded,repudiated,,,,,E,E,,,TCSE_101-150.pdf
S144Q03,144,easy,3,TC2,"Stigler brings a fundamental (i)______ to his protagonists, somehow treating them with respect even while he reveals these sometimes prickly characters behaving in (ii)______ ways.",sentimentality,sympathy,baseness,spontaneous,perceptive,petulant,,,,B|F,B|F,,,TCSE_101-150.pdf
S144Q04,144,easy,4,TC2,"The (i)______ seen in most of eastern Eurasia is (ii)______ on the Mongolian plateau, despite only 200 millimeters of annual precipitation, because evaporation decreases at higher altitudes and latitudes.",variability in temperatures,tendency toward aridity,complexity of ecosystems,reversed,discernible,exacerbated,,,,B|D,B|D,,,TCSE_101-150.pdf
S144Q05,144,easy,5,TC2,"When Marx wrote, “the philosophers have only interpreted the world in various ways; the point, however, is to change it,” he was not only (i)_____ philosophers. He was (ii)_____ interpretation itself, as if thinking were an idle affairs compared with action, where real people make their mark on the world.",consoling,slighting,praising,analyzing,extolling,disparaging,,,,B|F,B|F,,,TCSE_101-150.pdf
S144Q06,144,easy,6,TC3,The general claim that artists are the preeminent specialists in (i)_____ is refuted by the obvious fact that the great mathematical and scientific discoveries of the past and present have been as much the result of (ii)_____ thinking as have great (iii)______ discoveries.,revelation,creativity,symbolization,original,anachronistic,systematic,historical,empirical,artistic,B|D|I,B|D|I,,,TCSE_101-150.pdf
S144Q07,144,easy,7,SE,Jean Kimmel and Emily Hoffman argue for expanding the definition of child-care subsidies to include all programs that ______ or otherwise offset expenses for nonparental child care.,tally,tabulate,alter,defray,pay,simplify,,,,D|E,D|E,,,TCSE_101-150.pdf
S144Q08,144,easy,8,SE,"While the coauthors of the new guide to the American artistic experience have received accolades for their wide-ranging work, they do not _____ that the publication is exhaustive in content.",hope,care,assert,insist,doubt,question,,,,C|D,C|D,,,TCSE_101-150.pdf
S144Q09,144,easy,9,SE,"Journal editors note that the peer review process has difficulty detecting _____ : deliberate misinformation, if it is clever enough, might sail right through no matter how scrupulous the reviews.",bias,inconsistency,fraud,negligence,duplicity,carelessness,,,,C|E,C|E,,,TCSE_101-150.pdf
S144Q10,144,easy,10,SE,"Coral reefs are often referred to as the rain forests of the sea, _____ comparison given that only tropical rain forests can compete with the sheer concentration of biodiversity found in coral reefs.",a factitious,an imaginative,a fitting,an artificial,an apposite,a creative,,,,C|E,C|E,,,TCSE_101-150.pdf
S145Q01,145,medium,1,TC1,"EI Greco was one of the most fervent of painters, to the extreme of mania while Velazquez, by contrast, was one of the most _____.",phlegmatic,obstreperous,edifying,grandiloquent,fanciful,,,,,A,A,,,TCSE_101-150.pdf
S145Q02,145,medium,2,TC2,"Although the university president can deploy considerable (i)_____, and her emotional reticence never seems rude, one nevertheless cannot help being aware of the (ii)_____ behind the affable public persona.",cunning,charm,erudition,reserve,acumen,sagacity,,,,B|D,B|D,,,TCSE_101-150.pdf
S145Q03,145,medium,3,TC2,"Throughout his career he has never displayed a disinterested respect for the truth—for what was actually said and done rather than for wha the wishes bad been. Given such a (i)_____ historical fact, it will certainly be seen as (ii)_____ that he should now embark on publishing a magazine ostensibly dedicated to history.",cavalier disregard for,skeptical appreciation of,critical approach to,unimportant,ironic,appropriate,,,,A|E,A|E,,,TCSE_101-150.pdf
S145Q04,145,medium,4,TC2,"In spite of its rather (i)_____ subject matter, Brinkley’s is (ii)_____ work, one that is moderated by grace and restraint and tempered by a caution that in no way suggests timidity.",coarse,sophisticated,endearing,an indifferent,a subtle,an upsetting,,,,A|E,A|E,,,TCSE_101-150.pdf
S145Q05,145,medium,5,TC3,"As theories, quantum field theory and theory of general relatively have been astonishingly (i)_____ that no experiment yet has shown a crack in either of them, even though both of them (ii)_____ wildly counterintuitive properties in physical reality. And yet even proponents note that the two theories are (iii)_____, a fact that has disallowed theorists—at least so far—from incorporating both into a self-consistent theory of quantum gravity.",successful,popular,implausible,downplay,result in,posit,difficult for laypeople to understand,deeply at odds with each other,similar to earlier physical theories,A|F|H,A|F|H,,,TCSE_101-150.pdf
S145Q06,145,medium,6,TC3,"The current organization of agricultural production is certainly not (i)_____ addressing the problem of world hunger. Much of the corn and soy grown in the world feeds cattle, pigs and chickens being raised for meat. This despite the (ii)_____ that is (iii)_____ such a process: two to five times more grain is required to produce the same number of calories in meat as can be obtained through the direct consumption of grain.",responsible for,optimal for,incapable of,pragmatism,fecundity,inefficiency,discouraged by,regulated by,inherent in,B|F|I,B|F|I,,,TCSE_101-150.pdf
S145Q07,145,medium,7,SE,"The rebellion was _____ one, driven less by ardor than by reason and calculation.",a cerebral,a dispassionate,a rash,an idealistic,a cautious,a reckless,,,,A|B,A|B,,,TCSE_101-150.pdf
S145Q08,145,medium,8,SE,"Despite their current reputation, the original Luddites were neither opposed to innovation technology nor _____ using it: many were highly skilled machine operators in the textile industry.",inept at,enamored of,resistant to,unequal to,enthralled by,unfazed by,,,,A|D,A|D,,,TCSE_101-150.pdf
S145Q09,145,medium,9,SE,"Once a pop musician’s biggest source of income, recorded music now plays second fiddle to touring, endorsements, merchandise sales, and an array of other revenue streams previously considered _____.",lucrative,invaluable,ancillary,irrelevant,supplementary,remunerative,,,,C|E,C|E,,,TCSE_101-150.pdf
S145Q10,145,medium,10,SE,"The colors of brocaded silks made by Merina weavers in Madagascar were not _____: magenta, blue, black, pink, yellow and brown characterize pieces before 1880, while thereafter green purple, and orange come to the fore.",invariable,generic,conventional,repetitious,static,traditional,,,,A|E,A|E,,,TCSE_101-150.pdf
S146Q01,146,medium,1,TC1,"The United States Constitution was intended to be adaptable to the demands of the various crises of human affairs, and judicial reinterpretation is the necessary means by which this _____ is preserved.",flexibility,reiteration,misapprehension,paradox,contingency,,,,,A,A,,,TCSE_101-150.pdf
S146Q02,146,medium,2,TC2,"We should (i)_____ a history built on need and desire. The present always uses the past for its own purposes, but the best historical writing attempts to (ii)_____ that inescapable impulse in order to understand history in its own terms.",be surprised by,be wary of,not misconstrue,embellish,contain,recognize,,,,B|E,B|E,,,TCSE_101-150.pdf
S146Q03,146,medium,3,TC2,"By dramatizing the lives of her subjects with candor, sympathy, and a healthy strain of skepticism, director Esther Bell offers an (i)_____ the whimsy and solipsism (ii)_____ to much of what passes for independent filmmaking.",antidote to,antecedent of,affirmation of,antithetical,immaterial,endemic,,,,A|F,A|F,,,TCSE_101-150.pdf
S146Q04,146,medium,4,TC3,"A (i)______ assumption of the model is that (ii)______ the living standards of people living adjacent to a protected area will necessarily enhance conservation within the protected area. Studies of conservation attitudes of people in South Africa and Tanzania have found a positive correlation between affluence and conservation attitudes, but it is unlikely that an improvement in the living standards of communities near protected areas will inevitably (iii)______ the long-term viability of many species within the protected areas.",misguided,conservative,compelling,raising,discounting,assessing,increase,inhibit,prevent,A|D|G,A|D|G,,,TCSE_101-150.pdf
S146Q05,146,medium,5,TC3,"For decades scientists believed in the (i)_____ of long-term memories: they were unstable for a few hours but then became etched into the brain for good. Current research, however, suggests that recalling a memory causes it to revert temporarily to an insecure state in which the recollection can be (ii)_____. Thus, memory is much more (iii)_____ than scientists had previously thought it to be.",accuracy,immutability,predictability,instilled,modified,observed,reliable,constrained,fluid,B|E|I,B|E|I,,,TCSE_101-150.pdf
S146Q06,146,medium,6,TC3,"Some historians studying early encounters between Native Americans and Europeans question the evidentiary value of Native oral traditions: they regard the information from these traditions as inadmissible unless it can be corroborated by other means. Yet the (i)_____ of evidence from Native oral traditions is (ii)_____ the criticism that the surviving documentary record may have been (iii)_____, especially in circumstances involving oppression or exploitation.",explication,assimilation,repudiation,dependent upon,vulnerable to,followed by,needlessly elaborated,purposefully distorted,thoroughly investigated,C|E|I,C|E|I,,,TCSE_101-150.pdf
S146Q07,146,medium,7,SE,"Meteorology is one of the few fields of applied science that demands prediction; since prediction involves considerable uncertainty and uncertainty is _____ scientists, meteorology will continue to exist in a fraught intellectual space.",mysterious to,anathema to,discredited by,pivotal for,repellent to,familiar to,,,,B|E,B|E,,,TCSE_101-150.pdf
S146Q08,146,medium,8,SE,"One virtue of cornmeal as a component of the diets of laborers in early Puerto Rico was the mildness of its taste, a trait that enabled it to _____ the strong flavors of other foods.",mimic,temper,camouflage,neutralize,complement,augment,,,,B|D,B|D,,,TCSE_101-150.pdf
S146Q09,146,medium,9,SE,Asteroids of diameter less than 100km never melted but asteroids with larger diameters did so and became ______ with the heavier Fe-Ni material forming the core and the silicates forming the crust.,stratified,destabilized,weakened,liquefied,differentiated,distinguished,,,,A|E,A|E,,,TCSE_101-150.pdf
S146Q10,146,medium,10,SE,"In science, _____ can sometimes inhibit understanding; indeed, the advantage of the technique for staining brain tissue developed in 1873 by Golgi was that it showed so little.",biases,projections,prejudices,minutiae,approximations,particulars,,,,D|F,D|F,,,TCSE_101-150.pdf
S147Q01,147,medium,1,TC1,"To write convincing fiction about the tedium of ordinary life may be one of the hardest challenges facing a novelist, who must find a way to engage the reader despite a focus on _____ events.",distressing,dubious,quotidian,unwonted,nebulous,,,,,C,C,,,TCSE_101-150.pdf
S147Q02,147,medium,2,TC2,"She may have been (i)_____ when she was finance minister, fighting deficits, but now as prime minister she is marked by her (ii)_____.",collaborative,austere,resourceful,discretion,largesse,platitudes,,,,B|E,B|E,,,TCSE_101-150.pdf
S147Q03,147,medium,3,TC2,It is (i)_____ that the toucan's bill is (ii)_____ ; in fact it isn't particularly heavy and seems not to unbalance the bird especially.,an advantage,a misconception,a surprise,occasionally hazardous,unusually strong,uncomfortably bulky,,,,B|F,B|F,,,TCSE_101-150.pdf
S147Q04,147,medium,4,TC3,"The traditional set of nine planets could have been retained by defining a planet as any object that has the unique combination of characteristics of any one of the nine objects that were considered planets in the late twentieth century. That definition would not be (i)_____; that is, it does not contradict the evidence. Its (ii)_____, however, renders it less (iii)_____ than definitions based on astronomical criteria, such as orbit, size, and gravitation.",paradoxical,subjective,false,arbitrariness,inconsistency,generality,expedient,stable,defensible,C|D|I,C|D|I,,,TCSE_101-150.pdf
S147Q05,147,medium,5,TC3,"The tape recorder is to blame for the (i)_____ of the interview and has thus had a(ii)_____ effect on journalism. The possibility of verbatim reproduction has fostered the illusion that the voice of truth is that of the interviewee rather than the more critically detached voice belonging to the journalist. Maybe journalists should return to the lowly notebook, which allows them to (iii)_____ while listening, relegating the tape recorder to its real role of invaluable witness.",glorification,superannuation,vilification,negligible,pernicious,salutary,edit intelligently,relinquish control,transcribe exactly,A|E|G,A|E|G,,,TCSE_101-150.pdf
S147Q06,147,medium,6,TC3,"During Nigeria's colonial period, the country’s Igbo societies had (i)_____ sense of gender distinctions, but the idea of a strict division of labor along gender lines (ii)_____. Indeed, the social roles of women and men were quite (iii)_____, based on what people did rather than on existential categories like gender.",an elastic,a well-developed,a diminishing,did not exist,was emerging,hardly changed,fluid,dissimilar,traditional,B|D|G,B|D|G,,,TCSE_101-150.pdf
S147Q07,147,medium,7,SE,"Faced with so much conflicting information on the internet, many people come to believe that all sources are so _____ that efforts to discriminate between the true and the false are inevitably futile.",slanted,imprecise,splenetic,tendentious,surreptitious,acrimonious,,,,A|D,A|D,,,TCSE_101-150.pdf
S147Q08,147,medium,8,SE,The auditors are relying on the failing bank to make changes that it has steadfastly resisted for years and even now does not seem _____ to carry out.,able,impatient,destined,disinclined,loath,keen,,,,B|F,B|F,,,TCSE_101-150.pdf
S147Q09,147,medium,9,SE,"Though it once seemed so disastrous, with hindsight the disintegration of the artists' collective is revealed as generative, for each of the dispersed factions acted as a _____, reproducing the collective's founding inspiration in a new setting.",strand,seed,shard,fragment,germ,blueprint,,,,B|E,B|E,,,TCSE_101-150.pdf
S147Q10,147,medium,10,SE,Scientists are finding that the adult brain is far more _____ than they once thought: our behavior and environment can cause substantial rewiring of the brain or a reorganization of its functions and where they are located.,reparable,heterogeneous,malleable,variegated,complex,plastic,,,,C|F,C|F,,,TCSE_101-150.pdf
S148Q01,148,medium,1,TC1,"Drug companies rarely pursue new pharmacotherapies for rare disease because of the high failure rates and the cost of research, which make the companies’ chances of recovering their investments _____.",tenable,dubious,invaluable,sanguine,expensive,,,,,B,B,,,TCSE_101-150.pdf
S148Q02,148,medium,2,TC1,"The watchword in astronomy is _____: all claims must be examined critically in the light of current knowledge, and one’s mind should never be closed to the possibility that a theory could be wrong.",implausibility,imagination,wariness,determination,incoherency,,,,,C,C,,,TCSE_101-150.pdf
S148Q03,148,medium,3,TC2,"The idea that arguments based on probability are deployed only by (i)_____ persons is (ii)_____ even among scientists. Perhaps such an evaluation has partly to do with the origins of the subject in the mathematics of gambling games, not generally regarded as pastimes for people of good character.",exacting,disreputable,prominent,widespread,controversial,deplored,,,,B|D,B|D,,,TCSE_101-150.pdf
S148Q04,148,medium,4,TC2,"Because the currents that flow back and forth between the Galapagos Islands and the Ecuadoran mainland create connections, the evolutionary (i)_____ of the sea creatures in the two areas, compared with that of the land dwellers, has been (ii)_____.",association,sophistication,separateness,disguised,derailed,diminished,,,,C|F,C|F,,,TCSE_101-150.pdf
S148Q05,148,medium,5,TC3,"Books about humor are rarely funny. Their goal, after all, is to (i)_____ the workings of that which we find comic, not to (ii)_____ laughter, and understanding why jokes are funny is not in itself (iii)_____.",celebrate,analyze,improve,explain,occasion,recall,amusing,helpful,admirable,B|E|G,B|E|G,,,TCSE_101-150.pdf
S148Q06,148,medium,6,TC3,"The latest encyclopedia (i)_____ the (ii)______ made by many other books on how things work —giving (iii)_____ for every device, no matter how complicated—by taking just as long as is needed to explain things.",repeats,exposes,avoids,assumption,mistake,compromise,a brief historical background,an equal number of words,at least one illustration,C|F|G,C|F|G,,,TCSE_101-150.pdf
S148Q07,148,medium,7,SE,The folktale is perhaps the most _____ form of literature: a story that everyone is free to tell and embellish because it belongs to no one in particular.,unpretentious,archaic,primitive,democratic,egalitarian,changeable,,,,D|E,D|E,,,TCSE_101-150.pdf
S148Q08,148,medium,8,SE,"According to Panamanian composer Danilo Perez, the gravity of jazz pianist Randy Weston ’s performances is _____: you can copy one of his chords, but it doesn't sound the same.",elusive,indelible,unattainable,estranging,purposeful,alienating,,,,A|C,A|C,,,TCSE_101-150.pdf
S148Q09,148,medium,9,SE,"While the _____ of reliable sources in later narratives make many details of the early history of China’s Chou dynasty unverifiable, the Zhou rulers’ successful rise to power is certain.",dearth,ambiguity,paucity,opacity,authenticity,credibility,,,,A|C,A|C,,,TCSE_101-150.pdf
S148Q10,148,medium,10,SE,"Because the influence of French women writers in seventeenth-century England has been _____ by scholars, England’s early women writers, such as Aphra Behn and Delarivier Manley, may appear to have sprung from a vacuum.",documented,discredited,slighted,misinterpreted,discounted,corroborated,,,,C|E,C|E,,,TCSE_101-150.pdf
S149Q01,149,easy,1,TC1,"Accustomed to the author's ponderous prose, readers will likely be startled by the _____ that characterizes his new work.",prolixity,jocularity,abstruseness,predictability,pessimism,,,,,B,B,,,TCSE_101-150.pdf
S149Q02,149,easy,2,TC1,"Massive geological changes do not always happen gradually; for example, asteroid and comet impacts and volcanic eruptions cause ______ changes in Earth's environment.",transitory,precipitate,predictable,inconspicuous,incalculable,,,,,B,B,,,TCSE_101-150.pdf
S149Q03,149,easy,3,TC2,"Much scholarship on the early Tana Tradition of coastal East Africa has been characterized by faith in the (i)_____ of that tradition, but detailed analysis of ceramics suggests that there were (ii)_____ the decorative motifs on early Tana Tradition jars, making it difficult to view the various Tana communities as a monolithic whole.",originality,homogeneity,longevity,regional differences in,practical reasons for,periodic revivals of,,,,B|D,B|D,,,TCSE_101-150.pdf
S149Q04,149,easy,4,TC2,"Meegan Garber argues that the typical suburban lawn, which was originally designed to (i)_____ homes even as it enforced the distance between them, may be considered (ii)_____ domestic space: the whole neighborhood is invested in the appearance of each neighbor's yard.",beautify,connect,circumscribe,utilitarian,common,contested,,,,B|E,B|E,,,TCSE_101-150.pdf
S149Q05,149,easy,5,TC3,"If a figure such as the editor and writer Pauline Hopkins presents (i)_____ challenges to a would-be biographer because of her confounding periods of science, largely unknown personal life, and (ii) _____ papers, the problems posed by John Edward Bruce are of the opposite kind: he published (iii)_____ throughout his life, had an extensive correspondence, and left a huge trove of materials at his death.",unpredictable,negligible,colossal,abundant,meager,lucid,indefatigably,sporadically,secretively,C|E|G,C|E|G,,,TCSE_101-150.pdf
S149Q06,149,easy,6,TC3,"Arguments based on mere possibilities (i)_____ the difficulty of discussing future technology, not least since they (ii)_____ public debates on technological options. A mere possibility argument such as “Agricultural biotechnology can have serious effects on ecosystems that we still know nothing about” can be taken by opponents of the technology to be (iii)_____ whereas proponents tend to dismiss it completely.",epitomize,mitigate,outweigh,polarize,forestall,undergird,decisive,empirical,dogmatic,A|D|G,A|D|G,,,TCSE_101-150.pdf
S149Q07,149,easy,7,SE,"Some historians have _____ the disjunction between the decades preceding and the ones following the political coup, ignoring the fact that the coup fell in the middle of a twenty-year period of considerable social and economic continuity.",overstated,exaggerated,questioned,misjudged,misinterpreted,overlooked,,,,A|B,A|B,,,TCSE_101-150.pdf
S149Q08,149,easy,8,SE,"Although extreme and singular events occur in a black hole, its event horizon boundary is _____ space travelers; crossing it would be subject to the same physical laws that apply anywhere else.",illusory,obscure,unremarkable,immutable,unchanging,commonplace,,,,C|F,C|F,,,TCSE_101-150.pdf
S149Q09,149,easy,9,SE,"Although, in spirit at least, solar panels _____ nature and the way our biosphere harnesses the energy of our sun, the actual photosynthetic process by which plants convert sunlight into chemical energy is far more complex than solar power generation is.",streamline,enhance,imitate,exploit,simplify,mimic,,,,C|F,C|F,,,TCSE_101-150.pdf
S149Q10,149,easy,10,SE,The historical study of pregnancy and childbearing began fairly recently and has been hindered by the relative _____ of records concerning these particular experiences.,pertinence,dearth,paucity,ambiguity,expediency,applicability,,,,B|C,B|C,,,TCSE_101-150.pdf
S150Q01,150,medium,1,TC1,"If we admire Winslow Homer as he wished to be admired, for his avoidance of claptrap and sentimentality, we may fear that Wood has done him a disservice by introducing _____ note into his discussion of the painter.",an acerbic,a supercilious,an austere,a maudlin,an ironic,,,,,D,D,,,TCSE_101-150.pdf
S150Q02,150,medium,2,TC1,"Unlike other rap artists, who often _____ behind the microphone, Drake writes out every word of his rhymes before he performs them.",linger,proselytize,extemporize,fulminate,compromise,,,,,C,C,,,TCSE_101-150.pdf
S150Q03,150,medium,3,TC2,"The psychologist's new findings present the discipline with a (i)_____: although her results pose a problem for the standard theory, the alternative theories she proposes are (ii)_____.",predicament,paradigm,prototype,unconvincing,persuasive,versatile,,,,A|D,A|D,,,TCSE_101-150.pdf
S150Q04,150,medium,4,TC3,"Belief in the harmful effects of the drug has all the hallmarks of a viewpoint that is not (i)_____ even though the notion that the drug has negative consequences has been (ii)_____ multiple epidemiological studies over the past decade. Yet the true believers have (iii)_____, critiquing each new study that challenges their views and continuing to lean on supporting research that was retracted long ago.",amenable to refutation,driven by self-interest,capable of propagation,refined by,cited by,upended by,persisted,splintered,capitulated,A|F|G,A|F|G,,,TCSE_101-150.pdf
S150Q05,150,medium,5,TC3,"A certain (i)_____ governs the way most of us think about routines. A routine is sometimes conceived as constraining—a self-made prison of inflexible habits that prevent people from changing their lives. But routine is also seen as (ii)_____: activities that become routine (iii)_____, allowing us to expend energy on other things.",pessimism,misunderstanding,polarity,liberating,alterable,unintentional,are often tedious,demand less attention,encourage personal discipline,C|D|H,C|D|H,,,TCSE_101-150.pdf
S150Q06,150,medium,6,TC3,"William Newman and Lawrence Principe point out that prior to the seventeenth century the terms “alchemy” and “chemistry” were largely (i)_____ in European usage. It was from the third decade of the eighteenth century that the two terms began to (ii)_____. Newman and Principe suggest that a third term, “chymistry,” should be used to denote the transitional early modern phase when “alchemy and “chemistry” were becoming (iii)_____.",interchangeable,absent,misapplied,coalesce,proliferate,diverge,increasingly more convoluted,steadily less synonymous,fundamentally less significant,A|F|H,A|F|H,Source repeats a blank ordinal; normalized markers to sequential order.,,TCSE_101-150.pdf
S150Q07,150,medium,7,SE,"In literature, thrillers thrive on heroes and villains, and usually the characterization is not very _____; writers don’t want to confuse or slow the plot.",nuanced,trite,realistic,monotonous,banal,subtle,,,,A|F,A|F,,,TCSE_101-150.pdf
S150Q08,150,medium,8,SE,"Monarch butterflies sequester toxins in their skin to discourage predators, but black-backed orioles (Icterus abeillei) _____ the defense: they consume only the soft insides of the butterfly.",anticipate,disable,ignore,skirt,circumvent,disregard,,,,D|E,D|E,,,TCSE_101-150.pdf
S150Q09,150,medium,9,SE,"Though it lacked _____ demeanor, Guatemala City was nonetheless a compelling place to be in 1954.",an engaging,a winning,a sophisticated,a detached,a workaday,a quotidian,,,,A|B,A|B,,,TCSE_101-150.pdf
S150Q10,150,medium,10,SE,"By eating tiny organisms and incorporating their prey’s nutrients into their own bodies, large insects become “nutrient packages” for larger insectivores for whom the pursuit of tiny organisms would be _____.",unwieldy,insalubrious,unremunerative,unnecessary,inopportune,unprofitable,,,,C|F,C|F,,,TCSE_101-150.pdf
